[04/30/25 20:03:31] crowsnest: crowsnest - A webcam Service for multiple Cams and Stream Services.
[04/30/25 20:03:31] crowsnest: Version: v4.1.12-1-g9623b5f
[04/30/25 20:03:31] crowsnest: Prepare Startup ...
[04/30/25 20:03:32] crowsnest: INFO: Host information:
[04/30/25 20:03:32] crowsnest: Host Info: Distribution: BTT-CB1 2.3.4 Bullseye
[04/30/25 20:03:32] crowsnest: Host Info: Kernel: Linux 5.16.17-sun50iw9 aarch64
[04/30/25 20:03:32] crowsnest: Host Info: Available CPU Cores: 4
[04/30/25 20:03:32] crowsnest: Host Info: Available Memory: 1010632 kB
[04/30/25 20:03:32] crowsnest: Host Info: Diskspace (avail. / total): 25G / 29G
[04/30/25 20:03:32] crowsnest: INFO: Checking Dependencies
[04/30/25 20:03:32] crowsnest: Dependency: 'crudini' found in /usr/bin/crudini.
[04/30/25 20:03:32] crowsnest: Dependency: 'find' found in /usr/bin/find.
[04/30/25 20:03:32] crowsnest: Dependency: 'xargs' found in /usr/bin/xargs.
[04/30/25 20:03:32] crowsnest: Dependency: 'ustreamer' found in bin/ustreamer/src/ustreamer.bin.
[04/30/25 20:03:32] crowsnest: Version Control: ustreamer is up to date. (v6.31)
[04/30/25 20:03:32] crowsnest: INFO: Print Configfile: '/home/biqu/printer_data/config/crowsnest.conf'
[04/30/25 20:03:32] crowsnest:		[crowsnest]
[04/30/25 20:03:32] crowsnest:		log_path: /home/biqu/printer_data/logs/crowsnest.log
[04/30/25 20:03:32] crowsnest:		log_level: verbose
[04/30/25 20:03:32] crowsnest:		delete_log: false
[04/30/25 20:03:32] crowsnest:		no_proxy: false
[04/30/25 20:03:32] crowsnest:		
[04/30/25 20:03:32] crowsnest:		[cam 1]
[04/30/25 20:03:32] crowsnest:		mode: ustreamer
[04/30/25 20:03:32] crowsnest:		
[04/30/25 20:03:32] crowsnest:		enable_rtsp: false
[04/30/25 20:03:32] crowsnest:		rtsp_port: 8554
[04/30/25 20:03:32] crowsnest:		port: 8080
[04/30/25 20:03:32] crowsnest:		device: /dev/video0
[04/30/25 20:03:32] crowsnest:		resolution: 640x480
[04/30/25 20:03:32] crowsnest:		max_fps: 15
[04/30/25 20:03:32] crowsnest: INFO: Detect available Devices
[04/30/25 20:03:33] crowsnest: INFO: Found 1 total available Device(s)
[04/30/25 20:03:33] crowsnest: INFO: Found 1 available v4l2 (UVC) camera(s)
[04/30/25 20:03:33] crowsnest: /dev/v4l/by-id/usb-HHW_microelectronics_Co.__Ltd._MGS1-video-index0 -> /dev/video0
[04/30/25 20:03:33] crowsnest: Supported Formats:
[04/30/25 20:03:33] crowsnest:		[0]: 'MJPG' (Motion-JPEG, compressed)
[04/30/25 20:03:33] crowsnest:		Size: Discrete 1280x720
[04/30/25 20:03:33] crowsnest:		Interval: Discrete 0.033s (30.000 fps)
[04/30/25 20:03:33] crowsnest:		Interval: Discrete 0.040s (25.000 fps)
[04/30/25 20:03:33] crowsnest:		Interval: Discrete 0.050s (20.000 fps)
[04/30/25 20:03:33] crowsnest:		Interval: Discrete 0.067s (15.000 fps)
[04/30/25 20:03:33] crowsnest:		Interval: Discrete 0.100s (10.000 fps)
[04/30/25 20:03:33] crowsnest:		Interval: Discrete 0.200s (5.000 fps)
[04/30/25 20:03:33] crowsnest:		Size: Discrete 800x480
[04/30/25 20:03:33] crowsnest:		Interval: Discrete 0.033s (30.000 fps)
[04/30/25 20:03:33] crowsnest:		Interval: Discrete 0.040s (25.000 fps)
[04/30/25 20:03:33] crowsnest:		Interval: Discrete 0.050s (20.000 fps)
[04/30/25 20:03:33] crowsnest:		Interval: Discrete 0.067s (15.000 fps)
[04/30/25 20:03:33] crowsnest:		Interval: Discrete 0.100s (10.000 fps)
[04/30/25 20:03:33] crowsnest:		Interval: Discrete 0.200s (5.000 fps)
[04/30/25 20:03:33] crowsnest:		Size: Discrete 672x456
[04/30/25 20:03:33] crowsnest:		Interval: Discrete 0.033s (30.000 fps)
[04/30/25 20:03:33] crowsnest:		Interval: Discrete 0.040s (25.000 fps)
[04/30/25 20:03:33] crowsnest:		Interval: Discrete 0.050s (20.000 fps)
[04/30/25 20:03:33] crowsnest:		Interval: Discrete 0.067s (15.000 fps)
[04/30/25 20:03:33] crowsnest:		Interval: Discrete 0.100s (10.000 fps)
[04/30/25 20:03:33] crowsnest:		Interval: Discrete 0.200s (5.000 fps)
[04/30/25 20:03:33] crowsnest:		Size: Discrete 640x480
[04/30/25 20:03:33] crowsnest:		Interval: Discrete 0.033s (30.000 fps)
[04/30/25 20:03:33] crowsnest:		Interval: Discrete 0.040s (25.000 fps)
[04/30/25 20:03:33] crowsnest:		Interval: Discrete 0.050s (20.000 fps)
[04/30/25 20:03:33] crowsnest:		Interval: Discrete 0.067s (15.000 fps)
[04/30/25 20:03:33] crowsnest:		Interval: Discrete 0.100s (10.000 fps)
[04/30/25 20:03:33] crowsnest:		Interval: Discrete 0.200s (5.000 fps)
[04/30/25 20:03:33] crowsnest:		Size: Discrete 320x240
[04/30/25 20:03:33] crowsnest:		Interval: Discrete 0.033s (30.000 fps)
[04/30/25 20:03:33] crowsnest:		Interval: Discrete 0.040s (25.000 fps)
[04/30/25 20:03:33] crowsnest:		Interval: Discrete 0.050s (20.000 fps)
[04/30/25 20:03:33] crowsnest:		Interval: Discrete 0.067s (15.000 fps)
[04/30/25 20:03:33] crowsnest:		Interval: Discrete 0.100s (10.000 fps)
[04/30/25 20:03:33] crowsnest:		Interval: Discrete 0.200s (5.000 fps)
[04/30/25 20:03:33] crowsnest:		[1]: 'YUYV' (YUYV 4:2:2)
[04/30/25 20:03:33] crowsnest:		Size: Discrete 1280x720
[04/30/25 20:03:33] crowsnest:		Interval: Discrete 0.100s (10.000 fps)
[04/30/25 20:03:33] crowsnest:		Size: Discrete 800x480
[04/30/25 20:03:33] crowsnest:		Interval: Discrete 0.040s (25.000 fps)
[04/30/25 20:03:33] crowsnest:		Size: Discrete 672x456
[04/30/25 20:03:33] crowsnest:		Interval: Discrete 0.033s (30.000 fps)
[04/30/25 20:03:33] crowsnest:		Size: Discrete 640x480
[04/30/25 20:03:33] crowsnest:		Interval: Discrete 0.033s (30.000 fps)
[04/30/25 20:03:33] crowsnest:		Size: Discrete 320x240
[04/30/25 20:03:33] crowsnest:		Interval: Discrete 0.033s (30.000 fps)
[04/30/25 20:03:33] crowsnest: Supported Controls:
[04/30/25 20:03:33] crowsnest:		
[04/30/25 20:03:33] crowsnest:		User Controls
[04/30/25 20:03:33] crowsnest:		
[04/30/25 20:03:33] crowsnest:		brightness 0x00980900 (int)    : min=-64 max=64 step=1 default=0 value=0
[04/30/25 20:03:33] crowsnest:		contrast 0x00980901 (int)    : min=0 max=64 step=1 default=32 value=32
[04/30/25 20:03:33] crowsnest:		saturation 0x00980902 (int)    : min=0 max=128 step=1 default=64 value=64
[04/30/25 20:03:33] crowsnest:		hue 0x00980903 (int)    : min=-40 max=40 step=1 default=0 value=0
[04/30/25 20:03:33] crowsnest:		white_balance_automatic 0x0098090c (bool)   : default=1 value=1
[04/30/25 20:03:33] crowsnest:		gamma 0x00980910 (int)    : min=72 max=500 step=1 default=100 value=100
[04/30/25 20:03:33] crowsnest:		gain 0x00980913 (int)    : min=0 max=100 step=1 default=0 value=0
[04/30/25 20:03:33] crowsnest:		power_line_frequency 0x00980918 (menu)   : min=0 max=2 default=2 value=2
[04/30/25 20:03:33] crowsnest:		0: Disabled
[04/30/25 20:03:33] crowsnest:		1: 50 Hz
[04/30/25 20:03:33] crowsnest:		2: 60 Hz
[04/30/25 20:03:33] crowsnest:		white_balance_temperature 0x0098091a (int)    : min=2800 max=6500 step=1 default=4600 value=4600 flags=inactive
[04/30/25 20:03:33] crowsnest:		sharpness 0x0098091b (int)    : min=0 max=6 step=1 default=3 value=3
[04/30/25 20:03:33] crowsnest:		backlight_compensation 0x0098091c (int)    : min=0 max=2 step=1 default=1 value=1
[04/30/25 20:03:33] crowsnest:		
[04/30/25 20:03:33] crowsnest:		Camera Controls
[04/30/25 20:03:33] crowsnest:		
[04/30/25 20:03:33] crowsnest:		auto_exposure 0x009a0901 (menu)   : min=0 max=3 default=3 value=3
[04/30/25 20:03:33] crowsnest:		1: Manual Mode
[04/30/25 20:03:33] crowsnest:		3: Aperture Priority Mode
[04/30/25 20:03:33] crowsnest:		exposure_time_absolute 0x009a0902 (int)    : min=1 max=5000 step=1 default=156 value=156 flags=inactive
[04/30/25 20:03:33] crowsnest:		exposure_dynamic_framerate 0x009a0903 (bool)   : default=0 value=1
[04/30/25 20:03:33] crowsnest: Try to start configured Cams / Services...
[04/30/25 20:03:37] crowsnest: INFO: Configuration of Section [cam 1] looks good. Continue ...
[04/30/25 20:03:38] crowsnest: V4L2 Control: No parameters set for [cam 1]. Skipped.
[04/30/25 20:03:42] crowsnest: Starting ustreamer with Device /dev/video0 ...
[04/30/25 20:03:44] crowsnest:  ... Done!
[04/30/25 20:37:51] crowsnest: Shutdown or Killed by User!
[04/30/25 20:37:51] crowsnest: Please come again :)
[04/30/25 20:37:51] crowsnest: Goodbye...
[04/30/25 20:38:05] crowsnest: crowsnest - A webcam Service for multiple Cams and Stream Services.
[04/30/25 20:38:05] crowsnest: Version: v4.1.12-1-g9623b5f
[04/30/25 20:38:05] crowsnest: Prepare Startup ...
[04/30/25 20:38:05] crowsnest: INFO: Host information:
[04/30/25 20:38:05] crowsnest: Host Info: Distribution: Debian GNU/Linux 11 (bullseye)
[04/30/25 20:38:05] crowsnest: Host Info: Kernel: Linux 5.16.17-sun50iw9 aarch64
[04/30/25 20:38:05] crowsnest: Host Info: Available CPU Cores: 4
[04/30/25 20:38:05] crowsnest: Host Info: Available Memory: 1010632 kB
[04/30/25 20:38:05] crowsnest: Host Info: Diskspace (avail. / total): 24G / 29G
[04/30/25 20:38:05] crowsnest: INFO: Checking Dependencies
[04/30/25 20:38:06] crowsnest: Dependency: 'crudini' found in /usr/bin/crudini.
[04/30/25 20:38:06] crowsnest: Dependency: 'find' found in /usr/bin/find.
[04/30/25 20:38:06] crowsnest: Dependency: 'xargs' found in /usr/bin/xargs.
[04/30/25 20:38:06] crowsnest: Dependency: 'ustreamer' found in bin/ustreamer/src/ustreamer.bin.
[04/30/25 20:38:06] crowsnest: Version Control: ustreamer is up to date. (v6.31)
[04/30/25 20:38:06] crowsnest: INFO: Print Configfile: '/home/biqu/printer_data/config/crowsnest.conf'
[04/30/25 20:38:06] crowsnest:		[crowsnest]
[04/30/25 20:38:06] crowsnest:		log_path: ~/printer_data/logs/crowsnest.log
[04/30/25 20:38:06] crowsnest:		log_level: verbose
[04/30/25 20:38:06] crowsnest:		delete_log: false
[04/30/25 20:38:06] crowsnest:		no_proxy: false
[04/30/25 20:38:06] crowsnest:		
[04/30/25 20:38:06] crowsnest:		[cam 1]
[04/30/25 20:38:06] crowsnest:		mode: ustreamer
[04/30/25 20:38:06] crowsnest:		
[04/30/25 20:38:06] crowsnest:		enable_rtsp: false
[04/30/25 20:38:06] crowsnest:		rtsp_port: 8554
[04/30/25 20:38:06] crowsnest:		port: 8080
[04/30/25 20:38:06] crowsnest:		device: /dev/video0
[04/30/25 20:38:06] crowsnest:		resolution: 1280x720
[04/30/25 20:38:06] crowsnest:		max_fps: 30
[04/30/25 20:38:06] crowsnest: INFO: Detect available Devices
[04/30/25 20:38:06] crowsnest: INFO: Found 1 total available Device(s)
[04/30/25 20:38:06] crowsnest: INFO: Found 1 available v4l2 (UVC) camera(s)
[04/30/25 20:38:06] crowsnest: /dev/v4l/by-id/usb-HHW_microelectronics_Co.__Ltd._MGS1-video-index0 -> /dev/video0
[04/30/25 20:38:06] crowsnest: Supported Formats:
[04/30/25 20:38:06] crowsnest:		[0]: 'MJPG' (Motion-JPEG, compressed)
[04/30/25 20:38:06] crowsnest:		Size: Discrete 1280x720
[04/30/25 20:38:06] crowsnest:		Interval: Discrete 0.033s (30.000 fps)
[04/30/25 20:38:06] crowsnest:		Interval: Discrete 0.040s (25.000 fps)
[04/30/25 20:38:06] crowsnest:		Interval: Discrete 0.050s (20.000 fps)
[04/30/25 20:38:06] crowsnest:		Interval: Discrete 0.067s (15.000 fps)
[04/30/25 20:38:06] crowsnest:		Interval: Discrete 0.100s (10.000 fps)
[04/30/25 20:38:06] crowsnest:		Interval: Discrete 0.200s (5.000 fps)
[04/30/25 20:38:06] crowsnest:		Size: Discrete 800x480
[04/30/25 20:38:06] crowsnest:		Interval: Discrete 0.033s (30.000 fps)
[04/30/25 20:38:06] crowsnest:		Interval: Discrete 0.040s (25.000 fps)
[04/30/25 20:38:06] crowsnest:		Interval: Discrete 0.050s (20.000 fps)
[04/30/25 20:38:06] crowsnest:		Interval: Discrete 0.067s (15.000 fps)
[04/30/25 20:38:06] crowsnest:		Interval: Discrete 0.100s (10.000 fps)
[04/30/25 20:38:06] crowsnest:		Interval: Discrete 0.200s (5.000 fps)
[04/30/25 20:38:06] crowsnest:		Size: Discrete 672x456
[04/30/25 20:38:06] crowsnest:		Interval: Discrete 0.033s (30.000 fps)
[04/30/25 20:38:06] crowsnest:		Interval: Discrete 0.040s (25.000 fps)
[04/30/25 20:38:06] crowsnest:		Interval: Discrete 0.050s (20.000 fps)
[04/30/25 20:38:06] crowsnest:		Interval: Discrete 0.067s (15.000 fps)
[04/30/25 20:38:06] crowsnest:		Interval: Discrete 0.100s (10.000 fps)
[04/30/25 20:38:06] crowsnest:		Interval: Discrete 0.200s (5.000 fps)
[04/30/25 20:38:06] crowsnest:		Size: Discrete 640x480
[04/30/25 20:38:06] crowsnest:		Interval: Discrete 0.033s (30.000 fps)
[04/30/25 20:38:06] crowsnest:		Interval: Discrete 0.040s (25.000 fps)
[04/30/25 20:38:06] crowsnest:		Interval: Discrete 0.050s (20.000 fps)
[04/30/25 20:38:06] crowsnest:		Interval: Discrete 0.067s (15.000 fps)
[04/30/25 20:38:06] crowsnest:		Interval: Discrete 0.100s (10.000 fps)
[04/30/25 20:38:06] crowsnest:		Interval: Discrete 0.200s (5.000 fps)
[04/30/25 20:38:06] crowsnest:		Size: Discrete 320x240
[04/30/25 20:38:06] crowsnest:		Interval: Discrete 0.033s (30.000 fps)
[04/30/25 20:38:06] crowsnest:		Interval: Discrete 0.040s (25.000 fps)
[04/30/25 20:38:06] crowsnest:		Interval: Discrete 0.050s (20.000 fps)
[04/30/25 20:38:06] crowsnest:		Interval: Discrete 0.067s (15.000 fps)
[04/30/25 20:38:06] crowsnest:		Interval: Discrete 0.100s (10.000 fps)
[04/30/25 20:38:06] crowsnest:		Interval: Discrete 0.200s (5.000 fps)
[04/30/25 20:38:06] crowsnest:		[1]: 'YUYV' (YUYV 4:2:2)
[04/30/25 20:38:06] crowsnest:		Size: Discrete 1280x720
[04/30/25 20:38:06] crowsnest:		Interval: Discrete 0.100s (10.000 fps)
[04/30/25 20:38:06] crowsnest:		Size: Discrete 800x480
[04/30/25 20:38:06] crowsnest:		Interval: Discrete 0.040s (25.000 fps)
[04/30/25 20:38:06] crowsnest:		Size: Discrete 672x456
[04/30/25 20:38:06] crowsnest:		Interval: Discrete 0.033s (30.000 fps)
[04/30/25 20:38:06] crowsnest:		Size: Discrete 640x480
[04/30/25 20:38:06] crowsnest:		Interval: Discrete 0.033s (30.000 fps)
[04/30/25 20:38:06] crowsnest:		Size: Discrete 320x240
[04/30/25 20:38:06] crowsnest:		Interval: Discrete 0.033s (30.000 fps)
[04/30/25 20:38:06] crowsnest: Supported Controls:
[04/30/25 20:38:06] crowsnest:		
[04/30/25 20:38:06] crowsnest:		User Controls
[04/30/25 20:38:06] crowsnest:		
[04/30/25 20:38:06] crowsnest:		brightness 0x00980900 (int)    : min=-64 max=64 step=1 default=0 value=0
[04/30/25 20:38:06] crowsnest:		contrast 0x00980901 (int)    : min=0 max=64 step=1 default=32 value=32
[04/30/25 20:38:06] crowsnest:		saturation 0x00980902 (int)    : min=0 max=128 step=1 default=64 value=64
[04/30/25 20:38:06] crowsnest:		hue 0x00980903 (int)    : min=-40 max=40 step=1 default=0 value=0
[04/30/25 20:38:06] crowsnest:		white_balance_automatic 0x0098090c (bool)   : default=1 value=1
[04/30/25 20:38:06] crowsnest:		gamma 0x00980910 (int)    : min=72 max=500 step=1 default=100 value=100
[04/30/25 20:38:06] crowsnest:		gain 0x00980913 (int)    : min=0 max=100 step=1 default=0 value=0
[04/30/25 20:38:06] crowsnest:		power_line_frequency 0x00980918 (menu)   : min=0 max=2 default=2 value=2
[04/30/25 20:38:06] crowsnest:		0: Disabled
[04/30/25 20:38:06] crowsnest:		1: 50 Hz
[04/30/25 20:38:06] crowsnest:		2: 60 Hz
[04/30/25 20:38:06] crowsnest:		white_balance_temperature 0x0098091a (int)    : min=2800 max=6500 step=1 default=4600 value=4600 flags=inactive
[04/30/25 20:38:06] crowsnest:		sharpness 0x0098091b (int)    : min=0 max=6 step=1 default=3 value=3
[04/30/25 20:38:06] crowsnest:		backlight_compensation 0x0098091c (int)    : min=0 max=2 step=1 default=1 value=1
[04/30/25 20:38:06] crowsnest:		
[04/30/25 20:38:06] crowsnest:		Camera Controls
[04/30/25 20:38:06] crowsnest:		
[04/30/25 20:38:06] crowsnest:		auto_exposure 0x009a0901 (menu)   : min=0 max=3 default=3 value=3
[04/30/25 20:38:06] crowsnest:		1: Manual Mode
[04/30/25 20:38:06] crowsnest:		3: Aperture Priority Mode
[04/30/25 20:38:06] crowsnest:		exposure_time_absolute 0x009a0902 (int)    : min=1 max=5000 step=1 default=156 value=156 flags=inactive
[04/30/25 20:38:06] crowsnest:		exposure_dynamic_framerate 0x009a0903 (bool)   : default=0 value=1
[04/30/25 20:38:06] crowsnest: Try to start configured Cams / Services...
[04/30/25 20:38:11] crowsnest: INFO: Configuration of Section [cam 1] looks good. Continue ...
[04/30/25 20:38:13] crowsnest: V4L2 Control: No parameters set for [cam 1]. Skipped.
[04/30/25 20:38:17] crowsnest: Starting ustreamer with Device /dev/video0 ...
[04/30/25 20:38:18] crowsnest:  ... Done!
[04/30/25 20:40:29] crowsnest: crowsnest - A webcam Service for multiple Cams and Stream Services.
[04/30/25 20:40:29] crowsnest: Version: v4.1.12-1-g9623b5f
[04/30/25 20:40:29] crowsnest: Prepare Startup ...
[04/30/25 20:40:29] crowsnest: INFO: Host information:
[04/30/25 20:40:29] crowsnest: Host Info: Distribution: Debian GNU/Linux 11 (bullseye)
[04/30/25 20:40:29] crowsnest: Host Info: Kernel: Linux 5.16.17-sun50iw9 aarch64
[04/30/25 20:40:29] crowsnest: Host Info: Available CPU Cores: 4
[04/30/25 20:40:29] crowsnest: Host Info: Available Memory: 1010632 kB
[04/30/25 20:40:29] crowsnest: Host Info: Diskspace (avail. / total): 24G / 29G
[04/30/25 20:40:29] crowsnest: INFO: Checking Dependencies
[04/30/25 20:40:30] crowsnest: Dependency: 'crudini' found in /usr/bin/crudini.
[04/30/25 20:40:30] crowsnest: Dependency: 'find' found in /usr/bin/find.
[04/30/25 20:40:30] crowsnest: Dependency: 'xargs' found in /usr/bin/xargs.
[04/30/25 20:40:30] crowsnest: Dependency: 'ustreamer' found in bin/ustreamer/src/ustreamer.bin.
[04/30/25 20:40:30] crowsnest: Version Control: ustreamer is up to date. (v6.31)
[04/30/25 20:40:30] crowsnest: INFO: Print Configfile: '/home/biqu/printer_data/config/crowsnest.conf'
[04/30/25 20:40:30] crowsnest:		[crowsnest]
[04/30/25 20:40:30] crowsnest:		log_path: ~/printer_data/logs/crowsnest.log
[04/30/25 20:40:30] crowsnest:		log_level: verbose
[04/30/25 20:40:30] crowsnest:		delete_log: false
[04/30/25 20:40:30] crowsnest:		no_proxy: false
[04/30/25 20:40:30] crowsnest:		
[04/30/25 20:40:30] crowsnest:		[cam 1]
[04/30/25 20:40:30] crowsnest:		mode: ustreamer
[04/30/25 20:40:30] crowsnest:		
[04/30/25 20:40:30] crowsnest:		enable_rtsp: false
[04/30/25 20:40:30] crowsnest:		rtsp_port: 8554
[04/30/25 20:40:30] crowsnest:		port: 8080
[04/30/25 20:40:30] crowsnest:		device: /dev/video0
[04/30/25 20:40:30] crowsnest:		resolution: 1280x720
[04/30/25 20:40:30] crowsnest:		max_fps: 30
[04/30/25 20:40:30] crowsnest: INFO: Detect available Devices
[04/30/25 20:40:30] crowsnest: INFO: Found 1 total available Device(s)
[04/30/25 20:40:30] crowsnest: INFO: Found 1 available v4l2 (UVC) camera(s)
[04/30/25 20:40:30] crowsnest: /dev/v4l/by-id/usb-HHW_microelectronics_Co.__Ltd._MGS1-video-index0 -> /dev/video0
[04/30/25 20:40:30] crowsnest: Supported Formats:
[04/30/25 20:40:30] crowsnest:		[0]: 'MJPG' (Motion-JPEG, compressed)
[04/30/25 20:40:30] crowsnest:		Size: Discrete 1280x720
[04/30/25 20:40:30] crowsnest:		Interval: Discrete 0.033s (30.000 fps)
[04/30/25 20:40:30] crowsnest:		Interval: Discrete 0.040s (25.000 fps)
[04/30/25 20:40:30] crowsnest:		Interval: Discrete 0.050s (20.000 fps)
[04/30/25 20:40:30] crowsnest:		Interval: Discrete 0.067s (15.000 fps)
[04/30/25 20:40:30] crowsnest:		Interval: Discrete 0.100s (10.000 fps)
[04/30/25 20:40:30] crowsnest:		Interval: Discrete 0.200s (5.000 fps)
[04/30/25 20:40:30] crowsnest:		Size: Discrete 800x480
[04/30/25 20:40:30] crowsnest:		Interval: Discrete 0.033s (30.000 fps)
[04/30/25 20:40:30] crowsnest:		Interval: Discrete 0.040s (25.000 fps)
[04/30/25 20:40:30] crowsnest:		Interval: Discrete 0.050s (20.000 fps)
[04/30/25 20:40:30] crowsnest:		Interval: Discrete 0.067s (15.000 fps)
[04/30/25 20:40:30] crowsnest:		Interval: Discrete 0.100s (10.000 fps)
[04/30/25 20:40:30] crowsnest:		Interval: Discrete 0.200s (5.000 fps)
[04/30/25 20:40:30] crowsnest:		Size: Discrete 672x456
[04/30/25 20:40:30] crowsnest:		Interval: Discrete 0.033s (30.000 fps)
[04/30/25 20:40:30] crowsnest:		Interval: Discrete 0.040s (25.000 fps)
[04/30/25 20:40:30] crowsnest:		Interval: Discrete 0.050s (20.000 fps)
[04/30/25 20:40:30] crowsnest:		Interval: Discrete 0.067s (15.000 fps)
[04/30/25 20:40:30] crowsnest:		Interval: Discrete 0.100s (10.000 fps)
[04/30/25 20:40:30] crowsnest:		Interval: Discrete 0.200s (5.000 fps)
[04/30/25 20:40:30] crowsnest:		Size: Discrete 640x480
[04/30/25 20:40:30] crowsnest:		Interval: Discrete 0.033s (30.000 fps)
[04/30/25 20:40:30] crowsnest:		Interval: Discrete 0.040s (25.000 fps)
[04/30/25 20:40:30] crowsnest:		Interval: Discrete 0.050s (20.000 fps)
[04/30/25 20:40:30] crowsnest:		Interval: Discrete 0.067s (15.000 fps)
[04/30/25 20:40:30] crowsnest:		Interval: Discrete 0.100s (10.000 fps)
[04/30/25 20:40:30] crowsnest:		Interval: Discrete 0.200s (5.000 fps)
[04/30/25 20:40:30] crowsnest:		Size: Discrete 320x240
[04/30/25 20:40:30] crowsnest:		Interval: Discrete 0.033s (30.000 fps)
[04/30/25 20:40:30] crowsnest:		Interval: Discrete 0.040s (25.000 fps)
[04/30/25 20:40:30] crowsnest:		Interval: Discrete 0.050s (20.000 fps)
[04/30/25 20:40:30] crowsnest:		Interval: Discrete 0.067s (15.000 fps)
[04/30/25 20:40:30] crowsnest:		Interval: Discrete 0.100s (10.000 fps)
[04/30/25 20:40:30] crowsnest:		Interval: Discrete 0.200s (5.000 fps)
[04/30/25 20:40:30] crowsnest:		[1]: 'YUYV' (YUYV 4:2:2)
[04/30/25 20:40:30] crowsnest:		Size: Discrete 1280x720
[04/30/25 20:40:30] crowsnest:		Interval: Discrete 0.100s (10.000 fps)
[04/30/25 20:40:30] crowsnest:		Size: Discrete 800x480
[04/30/25 20:40:30] crowsnest:		Interval: Discrete 0.040s (25.000 fps)
[04/30/25 20:40:30] crowsnest:		Size: Discrete 672x456
[04/30/25 20:40:30] crowsnest:		Interval: Discrete 0.033s (30.000 fps)
[04/30/25 20:40:30] crowsnest:		Size: Discrete 640x480
[04/30/25 20:40:30] crowsnest:		Interval: Discrete 0.033s (30.000 fps)
[04/30/25 20:40:30] crowsnest:		Size: Discrete 320x240
[04/30/25 20:40:30] crowsnest:		Interval: Discrete 0.033s (30.000 fps)
[04/30/25 20:40:30] crowsnest: Supported Controls:
[04/30/25 20:40:30] crowsnest:		
[04/30/25 20:40:30] crowsnest:		User Controls
[04/30/25 20:40:30] crowsnest:		
[04/30/25 20:40:30] crowsnest:		brightness 0x00980900 (int)    : min=-64 max=64 step=1 default=0 value=0
[04/30/25 20:40:30] crowsnest:		contrast 0x00980901 (int)    : min=0 max=64 step=1 default=32 value=32
[04/30/25 20:40:30] crowsnest:		saturation 0x00980902 (int)    : min=0 max=128 step=1 default=64 value=64
[04/30/25 20:40:30] crowsnest:		hue 0x00980903 (int)    : min=-40 max=40 step=1 default=0 value=0
[04/30/25 20:40:30] crowsnest:		white_balance_automatic 0x0098090c (bool)   : default=1 value=1
[04/30/25 20:40:30] crowsnest:		gamma 0x00980910 (int)    : min=72 max=500 step=1 default=100 value=100
[04/30/25 20:40:30] crowsnest:		gain 0x00980913 (int)    : min=0 max=100 step=1 default=0 value=0
[04/30/25 20:40:30] crowsnest:		power_line_frequency 0x00980918 (menu)   : min=0 max=2 default=2 value=2
[04/30/25 20:40:30] crowsnest:		0: Disabled
[04/30/25 20:40:30] crowsnest:		1: 50 Hz
[04/30/25 20:40:30] crowsnest:		2: 60 Hz
[04/30/25 20:40:30] crowsnest:		white_balance_temperature 0x0098091a (int)    : min=2800 max=6500 step=1 default=4600 value=4600 flags=inactive
[04/30/25 20:40:30] crowsnest:		sharpness 0x0098091b (int)    : min=0 max=6 step=1 default=3 value=3
[04/30/25 20:40:30] crowsnest:		backlight_compensation 0x0098091c (int)    : min=0 max=2 step=1 default=1 value=1
[04/30/25 20:40:30] crowsnest:		
[04/30/25 20:40:30] crowsnest:		Camera Controls
[04/30/25 20:40:30] crowsnest:		
[04/30/25 20:40:30] crowsnest:		auto_exposure 0x009a0901 (menu)   : min=0 max=3 default=3 value=3
[04/30/25 20:40:30] crowsnest:		1: Manual Mode
[04/30/25 20:40:30] crowsnest:		3: Aperture Priority Mode
[04/30/25 20:40:30] crowsnest:		exposure_time_absolute 0x009a0902 (int)    : min=1 max=5000 step=1 default=156 value=156 flags=inactive
[04/30/25 20:40:30] crowsnest:		exposure_dynamic_framerate 0x009a0903 (bool)   : default=0 value=1
[04/30/25 20:40:30] crowsnest: Try to start configured Cams / Services...
[04/30/25 20:40:35] crowsnest: INFO: Configuration of Section [cam 1] looks good. Continue ...
[04/30/25 20:40:36] crowsnest: V4L2 Control: No parameters set for [cam 1]. Skipped.
[04/30/25 20:40:40] crowsnest: Starting ustreamer with Device /dev/video0 ...
[04/30/25 20:40:41] crowsnest:  ... Done!
[04/30/25 20:46:41] crowsnest: Shutdown or Killed by User!
[04/30/25 20:46:41] crowsnest: Please come again :)
[04/30/25 20:46:41] crowsnest: Goodbye...
[04/30/25 20:46:54] crowsnest: crowsnest - A webcam Service for multiple Cams and Stream Services.
[04/30/25 20:46:54] crowsnest: Version: v4.1.12-1-g9623b5f
[04/30/25 20:46:54] crowsnest: Prepare Startup ...
[04/30/25 20:46:54] crowsnest: INFO: Host information:
[04/30/25 20:46:54] crowsnest: Host Info: Distribution: Debian GNU/Linux 11 (bullseye)
[04/30/25 20:46:54] crowsnest: Host Info: Kernel: Linux 5.16.17-sun50iw9 aarch64
[04/30/25 20:46:54] crowsnest: Host Info: Available CPU Cores: 4
[04/30/25 20:46:54] crowsnest: Host Info: Available Memory: 1010632 kB
[04/30/25 20:46:54] crowsnest: Host Info: Diskspace (avail. / total): 24G / 29G
[04/30/25 20:46:54] crowsnest: INFO: Checking Dependencies
[04/30/25 20:46:54] crowsnest: Dependency: 'crudini' found in /usr/bin/crudini.
[04/30/25 20:46:54] crowsnest: Dependency: 'find' found in /usr/bin/find.
[04/30/25 20:46:54] crowsnest: Dependency: 'xargs' found in /usr/bin/xargs.
[04/30/25 20:46:54] crowsnest: Dependency: 'ustreamer' found in bin/ustreamer/src/ustreamer.bin.
[04/30/25 20:46:55] crowsnest: Version Control: ustreamer is up to date. (v6.31)
[04/30/25 20:46:55] crowsnest: INFO: Print Configfile: '/home/biqu/printer_data/config/crowsnest.conf'
[04/30/25 20:46:55] crowsnest:		[crowsnest]
[04/30/25 20:46:55] crowsnest:		log_path: ~/printer_data/logs/crowsnest.log
[04/30/25 20:46:55] crowsnest:		log_level: verbose
[04/30/25 20:46:55] crowsnest:		delete_log: false
[04/30/25 20:46:55] crowsnest:		no_proxy: false
[04/30/25 20:46:55] crowsnest:		
[04/30/25 20:46:55] crowsnest:		[cam 1]
[04/30/25 20:46:55] crowsnest:		mode: ustreamer
[04/30/25 20:46:55] crowsnest:		
[04/30/25 20:46:55] crowsnest:		enable_rtsp: false
[04/30/25 20:46:55] crowsnest:		rtsp_port: 8554
[04/30/25 20:46:55] crowsnest:		port: 8080
[04/30/25 20:46:55] crowsnest:		device: /dev/video0
[04/30/25 20:46:55] crowsnest:		resolution: 1280x720
[04/30/25 20:46:55] crowsnest:		max_fps: 30
[04/30/25 20:46:55] crowsnest: INFO: Detect available Devices
[04/30/25 20:46:55] crowsnest: INFO: Found 1 total available Device(s)
[04/30/25 20:46:55] crowsnest: INFO: Found 1 available v4l2 (UVC) camera(s)
[04/30/25 20:46:55] crowsnest: /dev/v4l/by-id/usb-HHW_microelectronics_Co.__Ltd._MGS1-video-index0 -> /dev/video0
[04/30/25 20:46:55] crowsnest: Supported Formats:
[04/30/25 20:46:55] crowsnest:		[0]: 'MJPG' (Motion-JPEG, compressed)
[04/30/25 20:46:55] crowsnest:		Size: Discrete 1280x720
[04/30/25 20:46:55] crowsnest:		Interval: Discrete 0.033s (30.000 fps)
[04/30/25 20:46:55] crowsnest:		Interval: Discrete 0.040s (25.000 fps)
[04/30/25 20:46:55] crowsnest:		Interval: Discrete 0.050s (20.000 fps)
[04/30/25 20:46:55] crowsnest:		Interval: Discrete 0.067s (15.000 fps)
[04/30/25 20:46:55] crowsnest:		Interval: Discrete 0.100s (10.000 fps)
[04/30/25 20:46:55] crowsnest:		Interval: Discrete 0.200s (5.000 fps)
[04/30/25 20:46:55] crowsnest:		Size: Discrete 800x480
[04/30/25 20:46:55] crowsnest:		Interval: Discrete 0.033s (30.000 fps)
[04/30/25 20:46:55] crowsnest:		Interval: Discrete 0.040s (25.000 fps)
[04/30/25 20:46:55] crowsnest:		Interval: Discrete 0.050s (20.000 fps)
[04/30/25 20:46:55] crowsnest:		Interval: Discrete 0.067s (15.000 fps)
[04/30/25 20:46:55] crowsnest:		Interval: Discrete 0.100s (10.000 fps)
[04/30/25 20:46:55] crowsnest:		Interval: Discrete 0.200s (5.000 fps)
[04/30/25 20:46:55] crowsnest:		Size: Discrete 672x456
[04/30/25 20:46:55] crowsnest:		Interval: Discrete 0.033s (30.000 fps)
[04/30/25 20:46:55] crowsnest:		Interval: Discrete 0.040s (25.000 fps)
[04/30/25 20:46:55] crowsnest:		Interval: Discrete 0.050s (20.000 fps)
[04/30/25 20:46:55] crowsnest:		Interval: Discrete 0.067s (15.000 fps)
[04/30/25 20:46:55] crowsnest:		Interval: Discrete 0.100s (10.000 fps)
[04/30/25 20:46:55] crowsnest:		Interval: Discrete 0.200s (5.000 fps)
[04/30/25 20:46:55] crowsnest:		Size: Discrete 640x480
[04/30/25 20:46:55] crowsnest:		Interval: Discrete 0.033s (30.000 fps)
[04/30/25 20:46:55] crowsnest:		Interval: Discrete 0.040s (25.000 fps)
[04/30/25 20:46:55] crowsnest:		Interval: Discrete 0.050s (20.000 fps)
[04/30/25 20:46:55] crowsnest:		Interval: Discrete 0.067s (15.000 fps)
[04/30/25 20:46:55] crowsnest:		Interval: Discrete 0.100s (10.000 fps)
[04/30/25 20:46:55] crowsnest:		Interval: Discrete 0.200s (5.000 fps)
[04/30/25 20:46:55] crowsnest:		Size: Discrete 320x240
[04/30/25 20:46:55] crowsnest:		Interval: Discrete 0.033s (30.000 fps)
[04/30/25 20:46:55] crowsnest:		Interval: Discrete 0.040s (25.000 fps)
[04/30/25 20:46:55] crowsnest:		Interval: Discrete 0.050s (20.000 fps)
[04/30/25 20:46:55] crowsnest:		Interval: Discrete 0.067s (15.000 fps)
[04/30/25 20:46:55] crowsnest:		Interval: Discrete 0.100s (10.000 fps)
[04/30/25 20:46:55] crowsnest:		Interval: Discrete 0.200s (5.000 fps)
[04/30/25 20:46:55] crowsnest:		[1]: 'YUYV' (YUYV 4:2:2)
[04/30/25 20:46:55] crowsnest:		Size: Discrete 1280x720
[04/30/25 20:46:55] crowsnest:		Interval: Discrete 0.100s (10.000 fps)
[04/30/25 20:46:55] crowsnest:		Size: Discrete 800x480
[04/30/25 20:46:55] crowsnest:		Interval: Discrete 0.040s (25.000 fps)
[04/30/25 20:46:55] crowsnest:		Size: Discrete 672x456
[04/30/25 20:46:55] crowsnest:		Interval: Discrete 0.033s (30.000 fps)
[04/30/25 20:46:55] crowsnest:		Size: Discrete 640x480
[04/30/25 20:46:55] crowsnest:		Interval: Discrete 0.033s (30.000 fps)
[04/30/25 20:46:55] crowsnest:		Size: Discrete 320x240
[04/30/25 20:46:55] crowsnest:		Interval: Discrete 0.033s (30.000 fps)
[04/30/25 20:46:55] crowsnest: Supported Controls:
[04/30/25 20:46:55] crowsnest:		
[04/30/25 20:46:55] crowsnest:		User Controls
[04/30/25 20:46:55] crowsnest:		
[04/30/25 20:46:55] crowsnest:		brightness 0x00980900 (int)    : min=-64 max=64 step=1 default=0 value=0
[04/30/25 20:46:55] crowsnest:		contrast 0x00980901 (int)    : min=0 max=64 step=1 default=32 value=32
[04/30/25 20:46:55] crowsnest:		saturation 0x00980902 (int)    : min=0 max=128 step=1 default=64 value=64
[04/30/25 20:46:55] crowsnest:		hue 0x00980903 (int)    : min=-40 max=40 step=1 default=0 value=0
[04/30/25 20:46:55] crowsnest:		white_balance_automatic 0x0098090c (bool)   : default=1 value=1
[04/30/25 20:46:55] crowsnest:		gamma 0x00980910 (int)    : min=72 max=500 step=1 default=100 value=100
[04/30/25 20:46:55] crowsnest:		gain 0x00980913 (int)    : min=0 max=100 step=1 default=0 value=0
[04/30/25 20:46:55] crowsnest:		power_line_frequency 0x00980918 (menu)   : min=0 max=2 default=2 value=2
[04/30/25 20:46:55] crowsnest:		0: Disabled
[04/30/25 20:46:55] crowsnest:		1: 50 Hz
[04/30/25 20:46:55] crowsnest:		2: 60 Hz
[04/30/25 20:46:55] crowsnest:		white_balance_temperature 0x0098091a (int)    : min=2800 max=6500 step=1 default=4600 value=4600 flags=inactive
[04/30/25 20:46:55] crowsnest:		sharpness 0x0098091b (int)    : min=0 max=6 step=1 default=3 value=3
[04/30/25 20:46:55] crowsnest:		backlight_compensation 0x0098091c (int)    : min=0 max=2 step=1 default=1 value=1
[04/30/25 20:46:55] crowsnest:		
[04/30/25 20:46:55] crowsnest:		Camera Controls
[04/30/25 20:46:55] crowsnest:		
[04/30/25 20:46:55] crowsnest:		auto_exposure 0x009a0901 (menu)   : min=0 max=3 default=3 value=3
[04/30/25 20:46:55] crowsnest:		1: Manual Mode
[04/30/25 20:46:55] crowsnest:		3: Aperture Priority Mode
[04/30/25 20:46:55] crowsnest:		exposure_time_absolute 0x009a0902 (int)    : min=1 max=5000 step=1 default=156 value=156 flags=inactive
[04/30/25 20:46:55] crowsnest:		exposure_dynamic_framerate 0x009a0903 (bool)   : default=0 value=1
[04/30/25 20:46:55] crowsnest: Try to start configured Cams / Services...
[04/30/25 20:47:00] crowsnest: INFO: Configuration of Section [cam 1] looks good. Continue ...
[04/30/25 20:47:01] crowsnest: V4L2 Control: No parameters set for [cam 1]. Skipped.
[04/30/25 20:47:05] crowsnest: Starting ustreamer with Device /dev/video0 ...
[04/30/25 20:47:06] crowsnest:  ... Done!
[04/30/25 20:46:52] crowsnest: crowsnest - A webcam Service for multiple Cams and Stream Services.
[04/30/25 20:46:52] crowsnest: Version: v4.1.12-1-g9623b5f
[04/30/25 20:46:52] crowsnest: Prepare Startup ...
[04/30/25 20:46:52] crowsnest: INFO: Host information:
[04/30/25 20:46:52] crowsnest: Host Info: Distribution: Debian GNU/Linux 11 (bullseye)
[04/30/25 20:46:52] crowsnest: Host Info: Kernel: Linux 5.16.17-sun50iw9 aarch64
[04/30/25 20:46:52] crowsnest: Host Info: Available CPU Cores: 4
[04/30/25 20:46:52] crowsnest: Host Info: Available Memory: 1010632 kB
[04/30/25 20:46:52] crowsnest: Host Info: Diskspace (avail. / total): 24G / 29G
[04/30/25 20:46:52] crowsnest: INFO: Checking Dependencies
[04/30/25 20:46:53] crowsnest: Dependency: 'crudini' found in /usr/bin/crudini.
[04/30/25 20:46:53] crowsnest: Dependency: 'find' found in /usr/bin/find.
[04/30/25 20:46:53] crowsnest: Dependency: 'xargs' found in /usr/bin/xargs.
[04/30/25 20:46:53] crowsnest: Dependency: 'ustreamer' found in bin/ustreamer/src/ustreamer.bin.
[04/30/25 20:46:53] crowsnest: Version Control: ustreamer is up to date. (v6.31)
[04/30/25 20:46:53] crowsnest: INFO: Print Configfile: '/home/biqu/printer_data/config/crowsnest.conf'
[04/30/25 20:46:53] crowsnest:		[crowsnest]
[04/30/25 20:46:53] crowsnest:		log_path: ~/printer_data/logs/crowsnest.log
[04/30/25 20:46:53] crowsnest:		log_level: verbose
[04/30/25 20:46:53] crowsnest:		delete_log: false
[04/30/25 20:46:53] crowsnest:		no_proxy: false
[04/30/25 20:46:53] crowsnest:		
[04/30/25 20:46:53] crowsnest:		[cam 1]
[04/30/25 20:46:53] crowsnest:		mode: ustreamer
[04/30/25 20:46:53] crowsnest:		
[04/30/25 20:46:53] crowsnest:		enable_rtsp: false
[04/30/25 20:46:53] crowsnest:		rtsp_port: 8554
[04/30/25 20:46:53] crowsnest:		port: 8080
[04/30/25 20:46:53] crowsnest:		device: /dev/video0
[04/30/25 20:46:53] crowsnest:		resolution: 1280x720
[04/30/25 20:46:53] crowsnest:		max_fps: 30
[04/30/25 20:46:53] crowsnest: INFO: Detect available Devices
[04/30/25 20:46:53] crowsnest: INFO: Found 1 total available Device(s)
[04/30/25 20:46:53] crowsnest: INFO: Found 1 available v4l2 (UVC) camera(s)
[04/30/25 20:46:53] crowsnest: /dev/v4l/by-id/usb-HHW_microelectronics_Co.__Ltd._MGS1-video-index0 -> /dev/video0
[04/30/25 20:46:53] crowsnest: Supported Formats:
[04/30/25 20:46:53] crowsnest:		[0]: 'MJPG' (Motion-JPEG, compressed)
[04/30/25 20:46:53] crowsnest:		Size: Discrete 1280x720
[04/30/25 20:46:53] crowsnest:		Interval: Discrete 0.033s (30.000 fps)
[04/30/25 20:46:53] crowsnest:		Interval: Discrete 0.040s (25.000 fps)
[04/30/25 20:46:53] crowsnest:		Interval: Discrete 0.050s (20.000 fps)
[04/30/25 20:46:53] crowsnest:		Interval: Discrete 0.067s (15.000 fps)
[04/30/25 20:46:53] crowsnest:		Interval: Discrete 0.100s (10.000 fps)
[04/30/25 20:46:53] crowsnest:		Interval: Discrete 0.200s (5.000 fps)
[04/30/25 20:46:53] crowsnest:		Size: Discrete 800x480
[04/30/25 20:46:53] crowsnest:		Interval: Discrete 0.033s (30.000 fps)
[04/30/25 20:46:53] crowsnest:		Interval: Discrete 0.040s (25.000 fps)
[04/30/25 20:46:53] crowsnest:		Interval: Discrete 0.050s (20.000 fps)
[04/30/25 20:46:53] crowsnest:		Interval: Discrete 0.067s (15.000 fps)
[04/30/25 20:46:53] crowsnest:		Interval: Discrete 0.100s (10.000 fps)
[04/30/25 20:46:53] crowsnest:		Interval: Discrete 0.200s (5.000 fps)
[04/30/25 20:46:53] crowsnest:		Size: Discrete 672x456
[04/30/25 20:46:53] crowsnest:		Interval: Discrete 0.033s (30.000 fps)
[04/30/25 20:46:53] crowsnest:		Interval: Discrete 0.040s (25.000 fps)
[04/30/25 20:46:53] crowsnest:		Interval: Discrete 0.050s (20.000 fps)
[04/30/25 20:46:53] crowsnest:		Interval: Discrete 0.067s (15.000 fps)
[04/30/25 20:46:53] crowsnest:		Interval: Discrete 0.100s (10.000 fps)
[04/30/25 20:46:53] crowsnest:		Interval: Discrete 0.200s (5.000 fps)
[04/30/25 20:46:53] crowsnest:		Size: Discrete 640x480
[04/30/25 20:46:53] crowsnest:		Interval: Discrete 0.033s (30.000 fps)
[04/30/25 20:46:53] crowsnest:		Interval: Discrete 0.040s (25.000 fps)
[04/30/25 20:46:53] crowsnest:		Interval: Discrete 0.050s (20.000 fps)
[04/30/25 20:46:53] crowsnest:		Interval: Discrete 0.067s (15.000 fps)
[04/30/25 20:46:53] crowsnest:		Interval: Discrete 0.100s (10.000 fps)
[04/30/25 20:46:53] crowsnest:		Interval: Discrete 0.200s (5.000 fps)
[04/30/25 20:46:53] crowsnest:		Size: Discrete 320x240
[04/30/25 20:46:53] crowsnest:		Interval: Discrete 0.033s (30.000 fps)
[04/30/25 20:46:53] crowsnest:		Interval: Discrete 0.040s (25.000 fps)
[04/30/25 20:46:53] crowsnest:		Interval: Discrete 0.050s (20.000 fps)
[04/30/25 20:46:53] crowsnest:		Interval: Discrete 0.067s (15.000 fps)
[04/30/25 20:46:53] crowsnest:		Interval: Discrete 0.100s (10.000 fps)
[04/30/25 20:46:53] crowsnest:		Interval: Discrete 0.200s (5.000 fps)
[04/30/25 20:46:53] crowsnest:		[1]: 'YUYV' (YUYV 4:2:2)
[04/30/25 20:46:53] crowsnest:		Size: Discrete 1280x720
[04/30/25 20:46:53] crowsnest:		Interval: Discrete 0.100s (10.000 fps)
[04/30/25 20:46:53] crowsnest:		Size: Discrete 800x480
[04/30/25 20:46:53] crowsnest:		Interval: Discrete 0.040s (25.000 fps)
[04/30/25 20:46:53] crowsnest:		Size: Discrete 672x456
[04/30/25 20:46:53] crowsnest:		Interval: Discrete 0.033s (30.000 fps)
[04/30/25 20:46:53] crowsnest:		Size: Discrete 640x480
[04/30/25 20:46:53] crowsnest:		Interval: Discrete 0.033s (30.000 fps)
[04/30/25 20:46:53] crowsnest:		Size: Discrete 320x240
[04/30/25 20:46:53] crowsnest:		Interval: Discrete 0.033s (30.000 fps)
[04/30/25 20:46:53] crowsnest: Supported Controls:
[04/30/25 20:46:53] crowsnest:		
[04/30/25 20:46:53] crowsnest:		User Controls
[04/30/25 20:46:53] crowsnest:		
[04/30/25 20:46:53] crowsnest:		brightness 0x00980900 (int)    : min=-64 max=64 step=1 default=0 value=0
[04/30/25 20:46:53] crowsnest:		contrast 0x00980901 (int)    : min=0 max=64 step=1 default=32 value=32
[04/30/25 20:46:53] crowsnest:		saturation 0x00980902 (int)    : min=0 max=128 step=1 default=64 value=64
[04/30/25 20:46:53] crowsnest:		hue 0x00980903 (int)    : min=-40 max=40 step=1 default=0 value=0
[04/30/25 20:46:53] crowsnest:		white_balance_automatic 0x0098090c (bool)   : default=1 value=1
[04/30/25 20:46:53] crowsnest:		gamma 0x00980910 (int)    : min=72 max=500 step=1 default=100 value=100
[04/30/25 20:46:53] crowsnest:		gain 0x00980913 (int)    : min=0 max=100 step=1 default=0 value=0
[04/30/25 20:46:53] crowsnest:		power_line_frequency 0x00980918 (menu)   : min=0 max=2 default=2 value=2
[04/30/25 20:46:53] crowsnest:		0: Disabled
[04/30/25 20:46:53] crowsnest:		1: 50 Hz
[04/30/25 20:46:53] crowsnest:		2: 60 Hz
[04/30/25 20:46:53] crowsnest:		white_balance_temperature 0x0098091a (int)    : min=2800 max=6500 step=1 default=4600 value=4600 flags=inactive
[04/30/25 20:46:53] crowsnest:		sharpness 0x0098091b (int)    : min=0 max=6 step=1 default=3 value=3
[04/30/25 20:46:53] crowsnest:		backlight_compensation 0x0098091c (int)    : min=0 max=2 step=1 default=1 value=1
[04/30/25 20:46:53] crowsnest:		
[04/30/25 20:46:53] crowsnest:		Camera Controls
[04/30/25 20:46:53] crowsnest:		
[04/30/25 20:46:53] crowsnest:		auto_exposure 0x009a0901 (menu)   : min=0 max=3 default=3 value=3
[04/30/25 20:46:53] crowsnest:		1: Manual Mode
[04/30/25 20:46:53] crowsnest:		3: Aperture Priority Mode
[04/30/25 20:46:53] crowsnest:		exposure_time_absolute 0x009a0902 (int)    : min=1 max=5000 step=1 default=156 value=156 flags=inactive
[04/30/25 20:46:53] crowsnest:		exposure_dynamic_framerate 0x009a0903 (bool)   : default=0 value=1
[04/30/25 20:46:53] crowsnest: Try to start configured Cams / Services...
[04/30/25 20:46:58] crowsnest: INFO: Configuration of Section [cam 1] looks good. Continue ...
[04/30/25 20:47:00] crowsnest: V4L2 Control: No parameters set for [cam 1]. Skipped.
[04/30/25 20:47:04] crowsnest: Starting ustreamer with Device /dev/video0 ...
[04/30/25 20:47:05] crowsnest:  ... Done!
[04/30/25 20:46:54] crowsnest: crowsnest - A webcam Service for multiple Cams and Stream Services.
[04/30/25 20:46:54] crowsnest: Version: v4.1.12-1-g9623b5f
[04/30/25 20:46:54] crowsnest: Prepare Startup ...
[04/30/25 20:46:54] crowsnest: INFO: Host information:
[04/30/25 20:46:54] crowsnest: Host Info: Distribution: Debian GNU/Linux 11 (bullseye)
[04/30/25 20:46:55] crowsnest: Host Info: Kernel: Linux 5.16.17-sun50iw9 aarch64
[04/30/25 20:46:55] crowsnest: Host Info: Available CPU Cores: 4
[04/30/25 20:46:55] crowsnest: Host Info: Available Memory: 1010632 kB
[04/30/25 20:46:55] crowsnest: Host Info: Diskspace (avail. / total): 24G / 29G
[04/30/25 20:46:55] crowsnest: INFO: Checking Dependencies
[04/30/25 20:46:55] crowsnest: Dependency: 'crudini' found in /usr/bin/crudini.
[04/30/25 20:46:55] crowsnest: Dependency: 'find' found in /usr/bin/find.
[04/30/25 20:46:55] crowsnest: Dependency: 'xargs' found in /usr/bin/xargs.
[04/30/25 20:46:55] crowsnest: Dependency: 'ustreamer' found in bin/ustreamer/src/ustreamer.bin.
[04/30/25 20:46:55] crowsnest: Version Control: ustreamer is up to date. (v6.31)
[04/30/25 20:46:55] crowsnest: INFO: Print Configfile: '/home/biqu/printer_data/config/crowsnest.conf'
[04/30/25 20:46:55] crowsnest:		[crowsnest]
[04/30/25 20:46:55] crowsnest:		log_path: ~/printer_data/logs/crowsnest.log
[04/30/25 20:46:55] crowsnest:		log_level: verbose
[04/30/25 20:46:55] crowsnest:		delete_log: false
[04/30/25 20:46:55] crowsnest:		no_proxy: false
[04/30/25 20:46:55] crowsnest:		
[04/30/25 20:46:55] crowsnest:		[cam 1]
[04/30/25 20:46:55] crowsnest:		mode: ustreamer
[04/30/25 20:46:55] crowsnest:		
[04/30/25 20:46:55] crowsnest:		enable_rtsp: false
[04/30/25 20:46:55] crowsnest:		rtsp_port: 8554
[04/30/25 20:46:55] crowsnest:		port: 8080
[04/30/25 20:46:55] crowsnest:		device: /dev/video0
[04/30/25 20:46:55] crowsnest:		resolution: 1280x720
[04/30/25 20:46:55] crowsnest:		max_fps: 30
[04/30/25 20:46:55] crowsnest: INFO: Detect available Devices
[04/30/25 20:46:55] crowsnest: INFO: Found 1 total available Device(s)
[04/30/25 20:46:55] crowsnest: INFO: Found 1 available v4l2 (UVC) camera(s)
[04/30/25 20:46:55] crowsnest: /dev/v4l/by-id/usb-HHW_microelectronics_Co.__Ltd._MGS1-video-index0 -> /dev/video0
[04/30/25 20:46:55] crowsnest: Supported Formats:
[04/30/25 20:46:55] crowsnest:		[0]: 'MJPG' (Motion-JPEG, compressed)
[04/30/25 20:46:55] crowsnest:		Size: Discrete 1280x720
[04/30/25 20:46:55] crowsnest:		Interval: Discrete 0.033s (30.000 fps)
[04/30/25 20:46:55] crowsnest:		Interval: Discrete 0.040s (25.000 fps)
[04/30/25 20:46:55] crowsnest:		Interval: Discrete 0.050s (20.000 fps)
[04/30/25 20:46:55] crowsnest:		Interval: Discrete 0.067s (15.000 fps)
[04/30/25 20:46:55] crowsnest:		Interval: Discrete 0.100s (10.000 fps)
[04/30/25 20:46:55] crowsnest:		Interval: Discrete 0.200s (5.000 fps)
[04/30/25 20:46:55] crowsnest:		Size: Discrete 800x480
[04/30/25 20:46:55] crowsnest:		Interval: Discrete 0.033s (30.000 fps)
[04/30/25 20:46:55] crowsnest:		Interval: Discrete 0.040s (25.000 fps)
[04/30/25 20:46:55] crowsnest:		Interval: Discrete 0.050s (20.000 fps)
[04/30/25 20:46:55] crowsnest:		Interval: Discrete 0.067s (15.000 fps)
[04/30/25 20:46:55] crowsnest:		Interval: Discrete 0.100s (10.000 fps)
[04/30/25 20:46:55] crowsnest:		Interval: Discrete 0.200s (5.000 fps)
[04/30/25 20:46:55] crowsnest:		Size: Discrete 672x456
[04/30/25 20:46:55] crowsnest:		Interval: Discrete 0.033s (30.000 fps)
[04/30/25 20:46:55] crowsnest:		Interval: Discrete 0.040s (25.000 fps)
[04/30/25 20:46:55] crowsnest:		Interval: Discrete 0.050s (20.000 fps)
[04/30/25 20:46:55] crowsnest:		Interval: Discrete 0.067s (15.000 fps)
[04/30/25 20:46:55] crowsnest:		Interval: Discrete 0.100s (10.000 fps)
[04/30/25 20:46:55] crowsnest:		Interval: Discrete 0.200s (5.000 fps)
[04/30/25 20:46:55] crowsnest:		Size: Discrete 640x480
[04/30/25 20:46:55] crowsnest:		Interval: Discrete 0.033s (30.000 fps)
[04/30/25 20:46:55] crowsnest:		Interval: Discrete 0.040s (25.000 fps)
[04/30/25 20:46:55] crowsnest:		Interval: Discrete 0.050s (20.000 fps)
[04/30/25 20:46:55] crowsnest:		Interval: Discrete 0.067s (15.000 fps)
[04/30/25 20:46:55] crowsnest:		Interval: Discrete 0.100s (10.000 fps)
[04/30/25 20:46:55] crowsnest:		Interval: Discrete 0.200s (5.000 fps)
[04/30/25 20:46:55] crowsnest:		Size: Discrete 320x240
[04/30/25 20:46:55] crowsnest:		Interval: Discrete 0.033s (30.000 fps)
[04/30/25 20:46:55] crowsnest:		Interval: Discrete 0.040s (25.000 fps)
[04/30/25 20:46:55] crowsnest:		Interval: Discrete 0.050s (20.000 fps)
[04/30/25 20:46:55] crowsnest:		Interval: Discrete 0.067s (15.000 fps)
[04/30/25 20:46:55] crowsnest:		Interval: Discrete 0.100s (10.000 fps)
[04/30/25 20:46:55] crowsnest:		Interval: Discrete 0.200s (5.000 fps)
[04/30/25 20:46:55] crowsnest:		[1]: 'YUYV' (YUYV 4:2:2)
[04/30/25 20:46:55] crowsnest:		Size: Discrete 1280x720
[04/30/25 20:46:55] crowsnest:		Interval: Discrete 0.100s (10.000 fps)
[04/30/25 20:46:55] crowsnest:		Size: Discrete 800x480
[04/30/25 20:46:55] crowsnest:		Interval: Discrete 0.040s (25.000 fps)
[04/30/25 20:46:55] crowsnest:		Size: Discrete 672x456
[04/30/25 20:46:55] crowsnest:		Interval: Discrete 0.033s (30.000 fps)
[04/30/25 20:46:55] crowsnest:		Size: Discrete 640x480
[04/30/25 20:46:55] crowsnest:		Interval: Discrete 0.033s (30.000 fps)
[04/30/25 20:46:55] crowsnest:		Size: Discrete 320x240
[04/30/25 20:46:55] crowsnest:		Interval: Discrete 0.033s (30.000 fps)
[04/30/25 20:46:56] crowsnest: Supported Controls:
[04/30/25 20:46:56] crowsnest:		
[04/30/25 20:46:56] crowsnest:		User Controls
[04/30/25 20:46:56] crowsnest:		
[04/30/25 20:46:56] crowsnest:		brightness 0x00980900 (int)    : min=-64 max=64 step=1 default=0 value=0
[04/30/25 20:46:56] crowsnest:		contrast 0x00980901 (int)    : min=0 max=64 step=1 default=32 value=32
[04/30/25 20:46:56] crowsnest:		saturation 0x00980902 (int)    : min=0 max=128 step=1 default=64 value=64
[04/30/25 20:46:56] crowsnest:		hue 0x00980903 (int)    : min=-40 max=40 step=1 default=0 value=0
[04/30/25 20:46:56] crowsnest:		white_balance_automatic 0x0098090c (bool)   : default=1 value=1
[04/30/25 20:46:56] crowsnest:		gamma 0x00980910 (int)    : min=72 max=500 step=1 default=100 value=100
[04/30/25 20:46:56] crowsnest:		gain 0x00980913 (int)    : min=0 max=100 step=1 default=0 value=0
[04/30/25 20:46:56] crowsnest:		power_line_frequency 0x00980918 (menu)   : min=0 max=2 default=2 value=2
[04/30/25 20:46:56] crowsnest:		0: Disabled
[04/30/25 20:46:56] crowsnest:		1: 50 Hz
[04/30/25 20:46:56] crowsnest:		2: 60 Hz
[04/30/25 20:46:56] crowsnest:		white_balance_temperature 0x0098091a (int)    : min=2800 max=6500 step=1 default=4600 value=4600 flags=inactive
[04/30/25 20:46:56] crowsnest:		sharpness 0x0098091b (int)    : min=0 max=6 step=1 default=3 value=3
[04/30/25 20:46:56] crowsnest:		backlight_compensation 0x0098091c (int)    : min=0 max=2 step=1 default=1 value=1
[04/30/25 20:46:56] crowsnest:		
[04/30/25 20:46:56] crowsnest:		Camera Controls
[04/30/25 20:46:56] crowsnest:		
[04/30/25 20:46:56] crowsnest:		auto_exposure 0x009a0901 (menu)   : min=0 max=3 default=3 value=3
[04/30/25 20:46:56] crowsnest:		1: Manual Mode
[04/30/25 20:46:56] crowsnest:		3: Aperture Priority Mode
[04/30/25 20:46:56] crowsnest:		exposure_time_absolute 0x009a0902 (int)    : min=1 max=5000 step=1 default=156 value=156 flags=inactive
[04/30/25 20:46:56] crowsnest:		exposure_dynamic_framerate 0x009a0903 (bool)   : default=0 value=1
[04/30/25 20:46:56] crowsnest: Try to start configured Cams / Services...
[04/30/25 20:47:00] crowsnest: INFO: Configuration of Section [cam 1] looks good. Continue ...
[04/30/25 20:47:02] crowsnest: V4L2 Control: No parameters set for [cam 1]. Skipped.
[04/30/25 20:47:05] crowsnest: Starting ustreamer with Device /dev/video0 ...
[04/30/25 20:47:07] crowsnest:  ... Done!
[04/30/25 20:46:52] crowsnest: crowsnest - A webcam Service for multiple Cams and Stream Services.
[04/30/25 20:46:52] crowsnest: Version: v4.1.12-1-g9623b5f
[04/30/25 20:46:52] crowsnest: Prepare Startup ...
[04/30/25 20:46:52] crowsnest: INFO: Host information:
[04/30/25 20:46:52] crowsnest: Host Info: Distribution: Debian GNU/Linux 11 (bullseye)
[04/30/25 20:46:52] crowsnest: Host Info: Kernel: Linux 5.16.17-sun50iw9 aarch64
[04/30/25 20:46:52] crowsnest: Host Info: Available CPU Cores: 4
[04/30/25 20:46:52] crowsnest: Host Info: Available Memory: 1010632 kB
[04/30/25 20:46:52] crowsnest: Host Info: Diskspace (avail. / total): 24G / 29G
[04/30/25 20:46:52] crowsnest: INFO: Checking Dependencies
[04/30/25 20:46:52] crowsnest: Dependency: 'crudini' found in /usr/bin/crudini.
[04/30/25 20:46:52] crowsnest: Dependency: 'find' found in /usr/bin/find.
[04/30/25 20:46:52] crowsnest: Dependency: 'xargs' found in /usr/bin/xargs.
[04/30/25 20:46:52] crowsnest: Dependency: 'ustreamer' found in bin/ustreamer/src/ustreamer.bin.
[04/30/25 20:46:52] crowsnest: Version Control: ustreamer is up to date. (v6.31)
[04/30/25 20:46:53] crowsnest: INFO: Print Configfile: '/home/biqu/printer_data/config/crowsnest.conf'
[04/30/25 20:46:53] crowsnest:		[crowsnest]
[04/30/25 20:46:53] crowsnest:		log_path: ~/printer_data/logs/crowsnest.log
[04/30/25 20:46:53] crowsnest:		log_level: verbose
[04/30/25 20:46:53] crowsnest:		delete_log: false
[04/30/25 20:46:53] crowsnest:		no_proxy: false
[04/30/25 20:46:53] crowsnest:		
[04/30/25 20:46:53] crowsnest:		[cam 1]
[04/30/25 20:46:53] crowsnest:		mode: ustreamer
[04/30/25 20:46:53] crowsnest:		
[04/30/25 20:46:53] crowsnest:		enable_rtsp: false
[04/30/25 20:46:53] crowsnest:		rtsp_port: 8554
[04/30/25 20:46:53] crowsnest:		port: 8080
[04/30/25 20:46:53] crowsnest:		device: /dev/video0
[04/30/25 20:46:53] crowsnest:		resolution: 1280x720
[04/30/25 20:46:53] crowsnest:		max_fps: 30
[04/30/25 20:46:53] crowsnest: INFO: Detect available Devices
[04/30/25 20:46:53] crowsnest: INFO: Found 1 total available Device(s)
[04/30/25 20:46:53] crowsnest: INFO: Found 1 available v4l2 (UVC) camera(s)
[04/30/25 20:46:53] crowsnest: /dev/v4l/by-id/usb-HHW_microelectronics_Co.__Ltd._MGS1-video-index0 -> /dev/video0
[04/30/25 20:46:53] crowsnest: Supported Formats:
[04/30/25 20:46:53] crowsnest:		[0]: 'MJPG' (Motion-JPEG, compressed)
[04/30/25 20:46:53] crowsnest:		Size: Discrete 1280x720
[04/30/25 20:46:53] crowsnest:		Interval: Discrete 0.033s (30.000 fps)
[04/30/25 20:46:53] crowsnest:		Interval: Discrete 0.040s (25.000 fps)
[04/30/25 20:46:53] crowsnest:		Interval: Discrete 0.050s (20.000 fps)
[04/30/25 20:46:53] crowsnest:		Interval: Discrete 0.067s (15.000 fps)
[04/30/25 20:46:53] crowsnest:		Interval: Discrete 0.100s (10.000 fps)
[04/30/25 20:46:53] crowsnest:		Interval: Discrete 0.200s (5.000 fps)
[04/30/25 20:46:53] crowsnest:		Size: Discrete 800x480
[04/30/25 20:46:53] crowsnest:		Interval: Discrete 0.033s (30.000 fps)
[04/30/25 20:46:53] crowsnest:		Interval: Discrete 0.040s (25.000 fps)
[04/30/25 20:46:53] crowsnest:		Interval: Discrete 0.050s (20.000 fps)
[04/30/25 20:46:53] crowsnest:		Interval: Discrete 0.067s (15.000 fps)
[04/30/25 20:46:53] crowsnest:		Interval: Discrete 0.100s (10.000 fps)
[04/30/25 20:46:53] crowsnest:		Interval: Discrete 0.200s (5.000 fps)
[04/30/25 20:46:53] crowsnest:		Size: Discrete 672x456
[04/30/25 20:46:53] crowsnest:		Interval: Discrete 0.033s (30.000 fps)
[04/30/25 20:46:53] crowsnest:		Interval: Discrete 0.040s (25.000 fps)
[04/30/25 20:46:53] crowsnest:		Interval: Discrete 0.050s (20.000 fps)
[04/30/25 20:46:53] crowsnest:		Interval: Discrete 0.067s (15.000 fps)
[04/30/25 20:46:53] crowsnest:		Interval: Discrete 0.100s (10.000 fps)
[04/30/25 20:46:53] crowsnest:		Interval: Discrete 0.200s (5.000 fps)
[04/30/25 20:46:53] crowsnest:		Size: Discrete 640x480
[04/30/25 20:46:53] crowsnest:		Interval: Discrete 0.033s (30.000 fps)
[04/30/25 20:46:53] crowsnest:		Interval: Discrete 0.040s (25.000 fps)
[04/30/25 20:46:53] crowsnest:		Interval: Discrete 0.050s (20.000 fps)
[04/30/25 20:46:53] crowsnest:		Interval: Discrete 0.067s (15.000 fps)
[04/30/25 20:46:53] crowsnest:		Interval: Discrete 0.100s (10.000 fps)
[04/30/25 20:46:53] crowsnest:		Interval: Discrete 0.200s (5.000 fps)
[04/30/25 20:46:53] crowsnest:		Size: Discrete 320x240
[04/30/25 20:46:53] crowsnest:		Interval: Discrete 0.033s (30.000 fps)
[04/30/25 20:46:53] crowsnest:		Interval: Discrete 0.040s (25.000 fps)
[04/30/25 20:46:53] crowsnest:		Interval: Discrete 0.050s (20.000 fps)
[04/30/25 20:46:53] crowsnest:		Interval: Discrete 0.067s (15.000 fps)
[04/30/25 20:46:53] crowsnest:		Interval: Discrete 0.100s (10.000 fps)
[04/30/25 20:46:53] crowsnest:		Interval: Discrete 0.200s (5.000 fps)
[04/30/25 20:46:53] crowsnest:		[1]: 'YUYV' (YUYV 4:2:2)
[04/30/25 20:46:53] crowsnest:		Size: Discrete 1280x720
[04/30/25 20:46:53] crowsnest:		Interval: Discrete 0.100s (10.000 fps)
[04/30/25 20:46:53] crowsnest:		Size: Discrete 800x480
[04/30/25 20:46:53] crowsnest:		Interval: Discrete 0.040s (25.000 fps)
[04/30/25 20:46:53] crowsnest:		Size: Discrete 672x456
[04/30/25 20:46:53] crowsnest:		Interval: Discrete 0.033s (30.000 fps)
[04/30/25 20:46:53] crowsnest:		Size: Discrete 640x480
[04/30/25 20:46:53] crowsnest:		Interval: Discrete 0.033s (30.000 fps)
[04/30/25 20:46:53] crowsnest:		Size: Discrete 320x240
[04/30/25 20:46:53] crowsnest:		Interval: Discrete 0.033s (30.000 fps)
[04/30/25 20:46:53] crowsnest: Supported Controls:
[04/30/25 20:46:53] crowsnest:		
[04/30/25 20:46:53] crowsnest:		User Controls
[04/30/25 20:46:53] crowsnest:		
[04/30/25 20:46:53] crowsnest:		brightness 0x00980900 (int)    : min=-64 max=64 step=1 default=0 value=0
[04/30/25 20:46:53] crowsnest:		contrast 0x00980901 (int)    : min=0 max=64 step=1 default=32 value=32
[04/30/25 20:46:53] crowsnest:		saturation 0x00980902 (int)    : min=0 max=128 step=1 default=64 value=64
[04/30/25 20:46:53] crowsnest:		hue 0x00980903 (int)    : min=-40 max=40 step=1 default=0 value=0
[04/30/25 20:46:53] crowsnest:		white_balance_automatic 0x0098090c (bool)   : default=1 value=1
[04/30/25 20:46:53] crowsnest:		gamma 0x00980910 (int)    : min=72 max=500 step=1 default=100 value=100
[04/30/25 20:46:53] crowsnest:		gain 0x00980913 (int)    : min=0 max=100 step=1 default=0 value=0
[04/30/25 20:46:53] crowsnest:		power_line_frequency 0x00980918 (menu)   : min=0 max=2 default=2 value=2
[04/30/25 20:46:53] crowsnest:		0: Disabled
[04/30/25 20:46:53] crowsnest:		1: 50 Hz
[04/30/25 20:46:53] crowsnest:		2: 60 Hz
[04/30/25 20:46:53] crowsnest:		white_balance_temperature 0x0098091a (int)    : min=2800 max=6500 step=1 default=4600 value=4600 flags=inactive
[04/30/25 20:46:53] crowsnest:		sharpness 0x0098091b (int)    : min=0 max=6 step=1 default=3 value=3
[04/30/25 20:46:53] crowsnest:		backlight_compensation 0x0098091c (int)    : min=0 max=2 step=1 default=1 value=1
[04/30/25 20:46:53] crowsnest:		
[04/30/25 20:46:53] crowsnest:		Camera Controls
[04/30/25 20:46:53] crowsnest:		
[04/30/25 20:46:53] crowsnest:		auto_exposure 0x009a0901 (menu)   : min=0 max=3 default=3 value=3
[04/30/25 20:46:53] crowsnest:		1: Manual Mode
[04/30/25 20:46:53] crowsnest:		3: Aperture Priority Mode
[04/30/25 20:46:53] crowsnest:		exposure_time_absolute 0x009a0902 (int)    : min=1 max=5000 step=1 default=156 value=156 flags=inactive
[04/30/25 20:46:53] crowsnest:		exposure_dynamic_framerate 0x009a0903 (bool)   : default=0 value=1
[04/30/25 20:46:53] crowsnest: Try to start configured Cams / Services...
[04/30/25 20:46:58] crowsnest: INFO: Configuration of Section [cam 1] looks good. Continue ...
[04/30/25 20:46:59] crowsnest: V4L2 Control: No parameters set for [cam 1]. Skipped.
[04/30/25 20:47:03] crowsnest: Starting ustreamer with Device /dev/video0 ...
[04/30/25 20:47:04] crowsnest:  ... Done!
[04/30/25 21:58:22] crowsnest: Shutdown or Killed by User!
[04/30/25 21:58:22] crowsnest: Please come again :)
[04/30/25 21:58:22] crowsnest: Goodbye...
[04/30/25 21:58:35] crowsnest: crowsnest - A webcam Service for multiple Cams and Stream Services.
[04/30/25 21:58:35] crowsnest: Version: v4.1.12-1-g9623b5f
[04/30/25 21:58:35] crowsnest: Prepare Startup ...
[04/30/25 21:58:35] crowsnest: INFO: Host information:
[04/30/25 21:58:35] crowsnest: Host Info: Distribution: Debian GNU/Linux 11 (bullseye)
[04/30/25 21:58:35] crowsnest: Host Info: Kernel: Linux 5.16.17-sun50iw9 aarch64
[04/30/25 21:58:35] crowsnest: Host Info: Available CPU Cores: 4
[04/30/25 21:58:35] crowsnest: Host Info: Available Memory: 1010632 kB
[04/30/25 21:58:35] crowsnest: Host Info: Diskspace (avail. / total): 24G / 29G
[04/30/25 21:58:35] crowsnest: INFO: Checking Dependencies
[04/30/25 21:58:35] crowsnest: Dependency: 'crudini' found in /usr/bin/crudini.
[04/30/25 21:58:35] crowsnest: Dependency: 'find' found in /usr/bin/find.
[04/30/25 21:58:35] crowsnest: Dependency: 'xargs' found in /usr/bin/xargs.
[04/30/25 21:58:35] crowsnest: Dependency: 'ustreamer' found in bin/ustreamer/src/ustreamer.bin.
[04/30/25 21:58:36] crowsnest: Version Control: ustreamer is up to date. (v6.31)
[04/30/25 21:58:36] crowsnest: INFO: Print Configfile: '/home/biqu/printer_data/config/crowsnest.conf'
[04/30/25 21:58:36] crowsnest:		[crowsnest]
[04/30/25 21:58:36] crowsnest:		log_path: ~/printer_data/logs/crowsnest.log
[04/30/25 21:58:36] crowsnest:		log_level: verbose
[04/30/25 21:58:36] crowsnest:		delete_log: false
[04/30/25 21:58:36] crowsnest:		no_proxy: false
[04/30/25 21:58:36] crowsnest:		
[04/30/25 21:58:36] crowsnest:		[cam 1]
[04/30/25 21:58:36] crowsnest:		mode: ustreamer
[04/30/25 21:58:36] crowsnest:		
[04/30/25 21:58:36] crowsnest:		enable_rtsp: false
[04/30/25 21:58:36] crowsnest:		rtsp_port: 8554
[04/30/25 21:58:36] crowsnest:		port: 8080
[04/30/25 21:58:36] crowsnest:		device: /dev/video0
[04/30/25 21:58:36] crowsnest:		resolution: 1280x720
[04/30/25 21:58:36] crowsnest:		max_fps: 30
[04/30/25 21:58:36] crowsnest: INFO: Detect available Devices
[04/30/25 21:58:36] crowsnest: INFO: Found 1 total available Device(s)
[04/30/25 21:58:36] crowsnest: INFO: Found 1 available v4l2 (UVC) camera(s)
[04/30/25 21:58:36] crowsnest: /dev/v4l/by-id/usb-HHW_microelectronics_Co.__Ltd._MGS1-video-index0 -> /dev/video0
[04/30/25 21:58:36] crowsnest: Supported Formats:
[04/30/25 21:58:36] crowsnest:		[0]: 'MJPG' (Motion-JPEG, compressed)
[04/30/25 21:58:36] crowsnest:		Size: Discrete 1280x720
[04/30/25 21:58:36] crowsnest:		Interval: Discrete 0.033s (30.000 fps)
[04/30/25 21:58:36] crowsnest:		Interval: Discrete 0.040s (25.000 fps)
[04/30/25 21:58:36] crowsnest:		Interval: Discrete 0.050s (20.000 fps)
[04/30/25 21:58:36] crowsnest:		Interval: Discrete 0.067s (15.000 fps)
[04/30/25 21:58:36] crowsnest:		Interval: Discrete 0.100s (10.000 fps)
[04/30/25 21:58:36] crowsnest:		Interval: Discrete 0.200s (5.000 fps)
[04/30/25 21:58:36] crowsnest:		Size: Discrete 800x480
[04/30/25 21:58:36] crowsnest:		Interval: Discrete 0.033s (30.000 fps)
[04/30/25 21:58:36] crowsnest:		Interval: Discrete 0.040s (25.000 fps)
[04/30/25 21:58:36] crowsnest:		Interval: Discrete 0.050s (20.000 fps)
[04/30/25 21:58:36] crowsnest:		Interval: Discrete 0.067s (15.000 fps)
[04/30/25 21:58:36] crowsnest:		Interval: Discrete 0.100s (10.000 fps)
[04/30/25 21:58:36] crowsnest:		Interval: Discrete 0.200s (5.000 fps)
[04/30/25 21:58:36] crowsnest:		Size: Discrete 672x456
[04/30/25 21:58:36] crowsnest:		Interval: Discrete 0.033s (30.000 fps)
[04/30/25 21:58:36] crowsnest:		Interval: Discrete 0.040s (25.000 fps)
[04/30/25 21:58:36] crowsnest:		Interval: Discrete 0.050s (20.000 fps)
[04/30/25 21:58:36] crowsnest:		Interval: Discrete 0.067s (15.000 fps)
[04/30/25 21:58:36] crowsnest:		Interval: Discrete 0.100s (10.000 fps)
[04/30/25 21:58:36] crowsnest:		Interval: Discrete 0.200s (5.000 fps)
[04/30/25 21:58:36] crowsnest:		Size: Discrete 640x480
[04/30/25 21:58:36] crowsnest:		Interval: Discrete 0.033s (30.000 fps)
[04/30/25 21:58:36] crowsnest:		Interval: Discrete 0.040s (25.000 fps)
[04/30/25 21:58:36] crowsnest:		Interval: Discrete 0.050s (20.000 fps)
[04/30/25 21:58:36] crowsnest:		Interval: Discrete 0.067s (15.000 fps)
[04/30/25 21:58:36] crowsnest:		Interval: Discrete 0.100s (10.000 fps)
[04/30/25 21:58:36] crowsnest:		Interval: Discrete 0.200s (5.000 fps)
[04/30/25 21:58:36] crowsnest:		Size: Discrete 320x240
[04/30/25 21:58:36] crowsnest:		Interval: Discrete 0.033s (30.000 fps)
[04/30/25 21:58:36] crowsnest:		Interval: Discrete 0.040s (25.000 fps)
[04/30/25 21:58:36] crowsnest:		Interval: Discrete 0.050s (20.000 fps)
[04/30/25 21:58:36] crowsnest:		Interval: Discrete 0.067s (15.000 fps)
[04/30/25 21:58:36] crowsnest:		Interval: Discrete 0.100s (10.000 fps)
[04/30/25 21:58:36] crowsnest:		Interval: Discrete 0.200s (5.000 fps)
[04/30/25 21:58:36] crowsnest:		[1]: 'YUYV' (YUYV 4:2:2)
[04/30/25 21:58:36] crowsnest:		Size: Discrete 1280x720
[04/30/25 21:58:36] crowsnest:		Interval: Discrete 0.100s (10.000 fps)
[04/30/25 21:58:36] crowsnest:		Size: Discrete 800x480
[04/30/25 21:58:36] crowsnest:		Interval: Discrete 0.040s (25.000 fps)
[04/30/25 21:58:36] crowsnest:		Size: Discrete 672x456
[04/30/25 21:58:36] crowsnest:		Interval: Discrete 0.033s (30.000 fps)
[04/30/25 21:58:36] crowsnest:		Size: Discrete 640x480
[04/30/25 21:58:36] crowsnest:		Interval: Discrete 0.033s (30.000 fps)
[04/30/25 21:58:36] crowsnest:		Size: Discrete 320x240
[04/30/25 21:58:36] crowsnest:		Interval: Discrete 0.033s (30.000 fps)
[04/30/25 21:58:36] crowsnest: Supported Controls:
[04/30/25 21:58:36] crowsnest:		
[04/30/25 21:58:36] crowsnest:		User Controls
[04/30/25 21:58:36] crowsnest:		
[04/30/25 21:58:36] crowsnest:		brightness 0x00980900 (int)    : min=-64 max=64 step=1 default=0 value=0
[04/30/25 21:58:36] crowsnest:		contrast 0x00980901 (int)    : min=0 max=64 step=1 default=32 value=32
[04/30/25 21:58:36] crowsnest:		saturation 0x00980902 (int)    : min=0 max=128 step=1 default=64 value=64
[04/30/25 21:58:36] crowsnest:		hue 0x00980903 (int)    : min=-40 max=40 step=1 default=0 value=0
[04/30/25 21:58:36] crowsnest:		white_balance_automatic 0x0098090c (bool)   : default=1 value=1
[04/30/25 21:58:36] crowsnest:		gamma 0x00980910 (int)    : min=72 max=500 step=1 default=100 value=100
[04/30/25 21:58:36] crowsnest:		gain 0x00980913 (int)    : min=0 max=100 step=1 default=0 value=0
[04/30/25 21:58:36] crowsnest:		power_line_frequency 0x00980918 (menu)   : min=0 max=2 default=2 value=2
[04/30/25 21:58:36] crowsnest:		0: Disabled
[04/30/25 21:58:36] crowsnest:		1: 50 Hz
[04/30/25 21:58:36] crowsnest:		2: 60 Hz
[04/30/25 21:58:36] crowsnest:		white_balance_temperature 0x0098091a (int)    : min=2800 max=6500 step=1 default=4600 value=4600 flags=inactive
[04/30/25 21:58:36] crowsnest:		sharpness 0x0098091b (int)    : min=0 max=6 step=1 default=3 value=3
[04/30/25 21:58:36] crowsnest:		backlight_compensation 0x0098091c (int)    : min=0 max=2 step=1 default=1 value=1
[04/30/25 21:58:36] crowsnest:		
[04/30/25 21:58:36] crowsnest:		Camera Controls
[04/30/25 21:58:36] crowsnest:		
[04/30/25 21:58:36] crowsnest:		auto_exposure 0x009a0901 (menu)   : min=0 max=3 default=3 value=3
[04/30/25 21:58:36] crowsnest:		1: Manual Mode
[04/30/25 21:58:36] crowsnest:		3: Aperture Priority Mode
[04/30/25 21:58:36] crowsnest:		exposure_time_absolute 0x009a0902 (int)    : min=1 max=5000 step=1 default=156 value=156 flags=inactive
[04/30/25 21:58:36] crowsnest:		exposure_dynamic_framerate 0x009a0903 (bool)   : default=0 value=1
[04/30/25 21:58:36] crowsnest: Try to start configured Cams / Services...
[04/30/25 21:58:41] crowsnest: INFO: Configuration of Section [cam 1] looks good. Continue ...
[04/30/25 21:58:43] crowsnest: V4L2 Control: No parameters set for [cam 1]. Skipped.
[04/30/25 21:58:46] crowsnest: Starting ustreamer with Device /dev/video0 ...
[04/30/25 21:58:48] crowsnest:  ... Done!
[04/30/25 16:17:14] crowsnest: crowsnest - A webcam Service for multiple Cams and Stream Services.
[04/30/25 16:17:14] crowsnest: Version: v4.1.12-1-g9623b5f
[04/30/25 16:17:14] crowsnest: Prepare Startup ...
[04/30/25 16:17:15] crowsnest: INFO: Host information:
[04/30/25 16:17:15] crowsnest: Host Info: Distribution: Debian GNU/Linux 11 (bullseye)
[04/30/25 16:17:15] crowsnest: Host Info: Kernel: Linux 5.16.17-sun50iw9 aarch64
[04/30/25 16:17:15] crowsnest: Host Info: Available CPU Cores: 4
[04/30/25 16:17:15] crowsnest: Host Info: Available Memory: 1010632 kB
[04/30/25 16:17:15] crowsnest: Host Info: Diskspace (avail. / total): 24G / 29G
[04/30/25 16:17:15] crowsnest: INFO: Checking Dependencies
[04/30/25 16:17:15] crowsnest: Dependency: 'crudini' found in /usr/bin/crudini.
[04/30/25 16:17:15] crowsnest: Dependency: 'find' found in /usr/bin/find.
[04/30/25 16:17:15] crowsnest: Dependency: 'xargs' found in /usr/bin/xargs.
[04/30/25 16:17:15] crowsnest: Dependency: 'ustreamer' found in bin/ustreamer/src/ustreamer.bin.
[04/30/25 16:17:15] crowsnest: Version Control: ustreamer is up to date. (v6.31)
[04/30/25 16:17:15] crowsnest: INFO: Print Configfile: '/home/biqu/printer_data/config/crowsnest.conf'
[04/30/25 16:17:15] crowsnest:		[crowsnest]
[04/30/25 16:17:15] crowsnest:		log_path: ~/printer_data/logs/crowsnest.log
[04/30/25 16:17:15] crowsnest:		log_level: verbose
[04/30/25 16:17:15] crowsnest:		delete_log: false
[04/30/25 16:17:15] crowsnest:		no_proxy: false
[04/30/25 16:17:15] crowsnest:		
[04/30/25 16:17:15] crowsnest:		[cam 1]
[04/30/25 16:17:15] crowsnest:		mode: ustreamer
[04/30/25 16:17:15] crowsnest:		
[04/30/25 16:17:15] crowsnest:		enable_rtsp: false
[04/30/25 16:17:15] crowsnest:		rtsp_port: 8554
[04/30/25 16:17:15] crowsnest:		port: 8080
[04/30/25 16:17:15] crowsnest:		device: /dev/video0
[04/30/25 16:17:15] crowsnest:		resolution: 1280x720
[04/30/25 16:17:15] crowsnest:		max_fps: 30
[04/30/25 16:17:16] crowsnest: INFO: Detect available Devices
[04/30/25 16:17:16] crowsnest: INFO: Found 1 total available Device(s)
[04/30/25 16:17:16] crowsnest: INFO: Found 1 available v4l2 (UVC) camera(s)
[04/30/25 16:17:16] crowsnest: /dev/v4l/by-id/usb-HHW_microelectronics_Co.__Ltd._MGS1-video-index0 -> /dev/video0
[04/30/25 16:17:16] crowsnest: Supported Formats:
[04/30/25 16:17:16] crowsnest:		[0]: 'MJPG' (Motion-JPEG, compressed)
[04/30/25 16:17:16] crowsnest:		Size: Discrete 1280x720
[04/30/25 16:17:16] crowsnest:		Interval: Discrete 0.033s (30.000 fps)
[04/30/25 16:17:16] crowsnest:		Interval: Discrete 0.040s (25.000 fps)
[04/30/25 16:17:16] crowsnest:		Interval: Discrete 0.050s (20.000 fps)
[04/30/25 16:17:16] crowsnest:		Interval: Discrete 0.067s (15.000 fps)
[04/30/25 16:17:16] crowsnest:		Interval: Discrete 0.100s (10.000 fps)
[04/30/25 16:17:16] crowsnest:		Interval: Discrete 0.200s (5.000 fps)
[04/30/25 16:17:16] crowsnest:		Size: Discrete 800x480
[04/30/25 16:17:16] crowsnest:		Interval: Discrete 0.033s (30.000 fps)
[04/30/25 16:17:16] crowsnest:		Interval: Discrete 0.040s (25.000 fps)
[04/30/25 16:17:16] crowsnest:		Interval: Discrete 0.050s (20.000 fps)
[04/30/25 16:17:16] crowsnest:		Interval: Discrete 0.067s (15.000 fps)
[04/30/25 16:17:16] crowsnest:		Interval: Discrete 0.100s (10.000 fps)
[04/30/25 16:17:16] crowsnest:		Interval: Discrete 0.200s (5.000 fps)
[04/30/25 16:17:16] crowsnest:		Size: Discrete 672x456
[04/30/25 16:17:16] crowsnest:		Interval: Discrete 0.033s (30.000 fps)
[04/30/25 16:17:16] crowsnest:		Interval: Discrete 0.040s (25.000 fps)
[04/30/25 16:17:16] crowsnest:		Interval: Discrete 0.050s (20.000 fps)
[04/30/25 16:17:16] crowsnest:		Interval: Discrete 0.067s (15.000 fps)
[04/30/25 16:17:16] crowsnest:		Interval: Discrete 0.100s (10.000 fps)
[04/30/25 16:17:16] crowsnest:		Interval: Discrete 0.200s (5.000 fps)
[04/30/25 16:17:16] crowsnest:		Size: Discrete 640x480
[04/30/25 16:17:16] crowsnest:		Interval: Discrete 0.033s (30.000 fps)
[04/30/25 16:17:16] crowsnest:		Interval: Discrete 0.040s (25.000 fps)
[04/30/25 16:17:16] crowsnest:		Interval: Discrete 0.050s (20.000 fps)
[04/30/25 16:17:16] crowsnest:		Interval: Discrete 0.067s (15.000 fps)
[04/30/25 16:17:16] crowsnest:		Interval: Discrete 0.100s (10.000 fps)
[04/30/25 16:17:16] crowsnest:		Interval: Discrete 0.200s (5.000 fps)
[04/30/25 16:17:16] crowsnest:		Size: Discrete 320x240
[04/30/25 16:17:16] crowsnest:		Interval: Discrete 0.033s (30.000 fps)
[04/30/25 16:17:16] crowsnest:		Interval: Discrete 0.040s (25.000 fps)
[04/30/25 16:17:16] crowsnest:		Interval: Discrete 0.050s (20.000 fps)
[04/30/25 16:17:16] crowsnest:		Interval: Discrete 0.067s (15.000 fps)
[04/30/25 16:17:16] crowsnest:		Interval: Discrete 0.100s (10.000 fps)
[04/30/25 16:17:16] crowsnest:		Interval: Discrete 0.200s (5.000 fps)
[04/30/25 16:17:16] crowsnest:		[1]: 'YUYV' (YUYV 4:2:2)
[04/30/25 16:17:16] crowsnest:		Size: Discrete 1280x720
[04/30/25 16:17:16] crowsnest:		Interval: Discrete 0.100s (10.000 fps)
[04/30/25 16:17:16] crowsnest:		Size: Discrete 800x480
[04/30/25 16:17:16] crowsnest:		Interval: Discrete 0.040s (25.000 fps)
[04/30/25 16:17:16] crowsnest:		Size: Discrete 672x456
[04/30/25 16:17:16] crowsnest:		Interval: Discrete 0.033s (30.000 fps)
[04/30/25 16:17:16] crowsnest:		Size: Discrete 640x480
[04/30/25 16:17:16] crowsnest:		Interval: Discrete 0.033s (30.000 fps)
[04/30/25 16:17:16] crowsnest:		Size: Discrete 320x240
[04/30/25 16:17:16] crowsnest:		Interval: Discrete 0.033s (30.000 fps)
[04/30/25 16:17:16] crowsnest: Supported Controls:
[04/30/25 16:17:16] crowsnest:		
[04/30/25 16:17:16] crowsnest:		User Controls
[04/30/25 16:17:16] crowsnest:		
[04/30/25 16:17:16] crowsnest:		brightness 0x00980900 (int)    : min=-64 max=64 step=1 default=0 value=0
[04/30/25 16:17:16] crowsnest:		contrast 0x00980901 (int)    : min=0 max=64 step=1 default=32 value=32
[04/30/25 16:17:16] crowsnest:		saturation 0x00980902 (int)    : min=0 max=128 step=1 default=64 value=64
[04/30/25 16:17:16] crowsnest:		hue 0x00980903 (int)    : min=-40 max=40 step=1 default=0 value=0
[04/30/25 16:17:16] crowsnest:		white_balance_automatic 0x0098090c (bool)   : default=1 value=1
[04/30/25 16:17:16] crowsnest:		gamma 0x00980910 (int)    : min=72 max=500 step=1 default=100 value=100
[04/30/25 16:17:16] crowsnest:		gain 0x00980913 (int)    : min=0 max=100 step=1 default=0 value=0
[04/30/25 16:17:16] crowsnest:		power_line_frequency 0x00980918 (menu)   : min=0 max=2 default=2 value=2
[04/30/25 16:17:16] crowsnest:		0: Disabled
[04/30/25 16:17:16] crowsnest:		1: 50 Hz
[04/30/25 16:17:16] crowsnest:		2: 60 Hz
[04/30/25 16:17:16] crowsnest:		white_balance_temperature 0x0098091a (int)    : min=2800 max=6500 step=1 default=4600 value=4600 flags=inactive
[04/30/25 16:17:16] crowsnest:		sharpness 0x0098091b (int)    : min=0 max=6 step=1 default=3 value=3
[04/30/25 16:17:16] crowsnest:		backlight_compensation 0x0098091c (int)    : min=0 max=2 step=1 default=1 value=1
[04/30/25 16:17:16] crowsnest:		
[04/30/25 16:17:16] crowsnest:		Camera Controls
[04/30/25 16:17:16] crowsnest:		
[04/30/25 16:17:16] crowsnest:		auto_exposure 0x009a0901 (menu)   : min=0 max=3 default=3 value=3
[04/30/25 16:17:16] crowsnest:		1: Manual Mode
[04/30/25 16:17:16] crowsnest:		3: Aperture Priority Mode
[04/30/25 16:17:16] crowsnest:		exposure_time_absolute 0x009a0902 (int)    : min=1 max=5000 step=1 default=156 value=156 flags=inactive
[04/30/25 16:17:16] crowsnest:		exposure_dynamic_framerate 0x009a0903 (bool)   : default=0 value=1
[04/30/25 16:17:16] crowsnest: Try to start configured Cams / Services...
[04/30/25 16:17:20] crowsnest: INFO: Configuration of Section [cam 1] looks good. Continue ...
[04/30/25 16:17:22] crowsnest: V4L2 Control: No parameters set for [cam 1]. Skipped.
[04/30/25 16:17:26] crowsnest: Starting ustreamer with Device /dev/video0 ...
[04/30/25 16:17:27] crowsnest:  ... Done!
[04/30/25 19:17:12] crowsnest: crowsnest - A webcam Service for multiple Cams and Stream Services.
[04/30/25 19:17:12] crowsnest: Version: v4.1.12-1-g9623b5f
[04/30/25 19:17:12] crowsnest: Prepare Startup ...
[04/30/25 19:17:12] crowsnest: INFO: Host information:
[04/30/25 19:17:12] crowsnest: Host Info: Distribution: Debian GNU/Linux 11 (bullseye)
[04/30/25 19:17:12] crowsnest: Host Info: Kernel: Linux 5.16.17-sun50iw9 aarch64
[04/30/25 19:17:12] crowsnest: Host Info: Available CPU Cores: 4
[04/30/25 19:17:12] crowsnest: Host Info: Available Memory: 1010632 kB
[04/30/25 19:17:12] crowsnest: Host Info: Diskspace (avail. / total): 24G / 29G
[04/30/25 19:17:12] crowsnest: INFO: Checking Dependencies
[04/30/25 19:17:12] crowsnest: Dependency: 'crudini' found in /usr/bin/crudini.
[04/30/25 19:17:12] crowsnest: Dependency: 'find' found in /usr/bin/find.
[04/30/25 19:17:12] crowsnest: Dependency: 'xargs' found in /usr/bin/xargs.
[04/30/25 19:17:12] crowsnest: Dependency: 'ustreamer' found in bin/ustreamer/src/ustreamer.bin.
[04/30/25 19:17:13] crowsnest: Version Control: ustreamer is up to date. (v6.31)
[04/30/25 19:17:13] crowsnest: INFO: Print Configfile: '/home/biqu/printer_data/config/crowsnest.conf'
[04/30/25 19:17:13] crowsnest:		[crowsnest]
[04/30/25 19:17:13] crowsnest:		log_path: ~/printer_data/logs/crowsnest.log
[04/30/25 19:17:13] crowsnest:		log_level: verbose
[04/30/25 19:17:13] crowsnest:		delete_log: false
[04/30/25 19:17:13] crowsnest:		no_proxy: false
[04/30/25 19:17:13] crowsnest:		
[04/30/25 19:17:13] crowsnest:		[cam 1]
[04/30/25 19:17:13] crowsnest:		mode: ustreamer
[04/30/25 19:17:13] crowsnest:		
[04/30/25 19:17:13] crowsnest:		enable_rtsp: false
[04/30/25 19:17:13] crowsnest:		rtsp_port: 8554
[04/30/25 19:17:13] crowsnest:		port: 8080
[04/30/25 19:17:13] crowsnest:		device: /dev/video0
[04/30/25 19:17:13] crowsnest:		resolution: 1280x720
[04/30/25 19:17:13] crowsnest:		max_fps: 30
[04/30/25 19:17:13] crowsnest: INFO: Detect available Devices
[04/30/25 19:17:13] crowsnest: INFO: Found 1 total available Device(s)
[04/30/25 19:17:13] crowsnest: INFO: Found 1 available v4l2 (UVC) camera(s)
[04/30/25 19:17:13] crowsnest: /dev/v4l/by-id/usb-HHW_microelectronics_Co.__Ltd._MGS1-video-index0 -> /dev/video0
[04/30/25 19:17:13] crowsnest: Supported Formats:
[04/30/25 19:17:13] crowsnest:		[0]: 'MJPG' (Motion-JPEG, compressed)
[04/30/25 19:17:13] crowsnest:		Size: Discrete 1280x720
[04/30/25 19:17:13] crowsnest:		Interval: Discrete 0.033s (30.000 fps)
[04/30/25 19:17:13] crowsnest:		Interval: Discrete 0.040s (25.000 fps)
[04/30/25 19:17:13] crowsnest:		Interval: Discrete 0.050s (20.000 fps)
[04/30/25 19:17:13] crowsnest:		Interval: Discrete 0.067s (15.000 fps)
[04/30/25 19:17:13] crowsnest:		Interval: Discrete 0.100s (10.000 fps)
[04/30/25 19:17:13] crowsnest:		Interval: Discrete 0.200s (5.000 fps)
[04/30/25 19:17:13] crowsnest:		Size: Discrete 800x480
[04/30/25 19:17:13] crowsnest:		Interval: Discrete 0.033s (30.000 fps)
[04/30/25 19:17:13] crowsnest:		Interval: Discrete 0.040s (25.000 fps)
[04/30/25 19:17:13] crowsnest:		Interval: Discrete 0.050s (20.000 fps)
[04/30/25 19:17:13] crowsnest:		Interval: Discrete 0.067s (15.000 fps)
[04/30/25 19:17:13] crowsnest:		Interval: Discrete 0.100s (10.000 fps)
[04/30/25 19:17:13] crowsnest:		Interval: Discrete 0.200s (5.000 fps)
[04/30/25 19:17:13] crowsnest:		Size: Discrete 672x456
[04/30/25 19:17:13] crowsnest:		Interval: Discrete 0.033s (30.000 fps)
[04/30/25 19:17:13] crowsnest:		Interval: Discrete 0.040s (25.000 fps)
[04/30/25 19:17:13] crowsnest:		Interval: Discrete 0.050s (20.000 fps)
[04/30/25 19:17:13] crowsnest:		Interval: Discrete 0.067s (15.000 fps)
[04/30/25 19:17:13] crowsnest:		Interval: Discrete 0.100s (10.000 fps)
[04/30/25 19:17:13] crowsnest:		Interval: Discrete 0.200s (5.000 fps)
[04/30/25 19:17:13] crowsnest:		Size: Discrete 640x480
[04/30/25 19:17:13] crowsnest:		Interval: Discrete 0.033s (30.000 fps)
[04/30/25 19:17:13] crowsnest:		Interval: Discrete 0.040s (25.000 fps)
[04/30/25 19:17:13] crowsnest:		Interval: Discrete 0.050s (20.000 fps)
[04/30/25 19:17:13] crowsnest:		Interval: Discrete 0.067s (15.000 fps)
[04/30/25 19:17:13] crowsnest:		Interval: Discrete 0.100s (10.000 fps)
[04/30/25 19:17:13] crowsnest:		Interval: Discrete 0.200s (5.000 fps)
[04/30/25 19:17:13] crowsnest:		Size: Discrete 320x240
[04/30/25 19:17:13] crowsnest:		Interval: Discrete 0.033s (30.000 fps)
[04/30/25 19:17:13] crowsnest:		Interval: Discrete 0.040s (25.000 fps)
[04/30/25 19:17:13] crowsnest:		Interval: Discrete 0.050s (20.000 fps)
[04/30/25 19:17:13] crowsnest:		Interval: Discrete 0.067s (15.000 fps)
[04/30/25 19:17:13] crowsnest:		Interval: Discrete 0.100s (10.000 fps)
[04/30/25 19:17:13] crowsnest:		Interval: Discrete 0.200s (5.000 fps)
[04/30/25 19:17:13] crowsnest:		[1]: 'YUYV' (YUYV 4:2:2)
[04/30/25 19:17:13] crowsnest:		Size: Discrete 1280x720
[04/30/25 19:17:13] crowsnest:		Interval: Discrete 0.100s (10.000 fps)
[04/30/25 19:17:13] crowsnest:		Size: Discrete 800x480
[04/30/25 19:17:13] crowsnest:		Interval: Discrete 0.040s (25.000 fps)
[04/30/25 19:17:13] crowsnest:		Size: Discrete 672x456
[04/30/25 19:17:13] crowsnest:		Interval: Discrete 0.033s (30.000 fps)
[04/30/25 19:17:13] crowsnest:		Size: Discrete 640x480
[04/30/25 19:17:13] crowsnest:		Interval: Discrete 0.033s (30.000 fps)
[04/30/25 19:17:13] crowsnest:		Size: Discrete 320x240
[04/30/25 19:17:13] crowsnest:		Interval: Discrete 0.033s (30.000 fps)
[04/30/25 19:17:13] crowsnest: Supported Controls:
[04/30/25 19:17:13] crowsnest:		
[04/30/25 19:17:13] crowsnest:		User Controls
[04/30/25 19:17:13] crowsnest:		
[04/30/25 19:17:13] crowsnest:		brightness 0x00980900 (int)    : min=-64 max=64 step=1 default=0 value=0
[04/30/25 19:17:13] crowsnest:		contrast 0x00980901 (int)    : min=0 max=64 step=1 default=32 value=32
[04/30/25 19:17:13] crowsnest:		saturation 0x00980902 (int)    : min=0 max=128 step=1 default=64 value=64
[04/30/25 19:17:13] crowsnest:		hue 0x00980903 (int)    : min=-40 max=40 step=1 default=0 value=0
[04/30/25 19:17:13] crowsnest:		white_balance_automatic 0x0098090c (bool)   : default=1 value=1
[04/30/25 19:17:13] crowsnest:		gamma 0x00980910 (int)    : min=72 max=500 step=1 default=100 value=100
[04/30/25 19:17:13] crowsnest:		gain 0x00980913 (int)    : min=0 max=100 step=1 default=0 value=0
[04/30/25 19:17:13] crowsnest:		power_line_frequency 0x00980918 (menu)   : min=0 max=2 default=2 value=2
[04/30/25 19:17:13] crowsnest:		0: Disabled
[04/30/25 19:17:13] crowsnest:		1: 50 Hz
[04/30/25 19:17:13] crowsnest:		2: 60 Hz
[04/30/25 19:17:13] crowsnest:		white_balance_temperature 0x0098091a (int)    : min=2800 max=6500 step=1 default=4600 value=4600 flags=inactive
[04/30/25 19:17:13] crowsnest:		sharpness 0x0098091b (int)    : min=0 max=6 step=1 default=3 value=3
[04/30/25 19:17:13] crowsnest:		backlight_compensation 0x0098091c (int)    : min=0 max=2 step=1 default=1 value=1
[04/30/25 19:17:13] crowsnest:		
[04/30/25 19:17:13] crowsnest:		Camera Controls
[04/30/25 19:17:13] crowsnest:		
[04/30/25 19:17:13] crowsnest:		auto_exposure 0x009a0901 (menu)   : min=0 max=3 default=3 value=3
[04/30/25 19:17:13] crowsnest:		1: Manual Mode
[04/30/25 19:17:13] crowsnest:		3: Aperture Priority Mode
[04/30/25 19:17:13] crowsnest:		exposure_time_absolute 0x009a0902 (int)    : min=1 max=5000 step=1 default=156 value=156 flags=inactive
[04/30/25 19:17:13] crowsnest:		exposure_dynamic_framerate 0x009a0903 (bool)   : default=0 value=1
[04/30/25 19:17:13] crowsnest: Try to start configured Cams / Services...
[04/30/25 19:17:18] crowsnest: INFO: Configuration of Section [cam 1] looks good. Continue ...
[04/30/25 19:17:20] crowsnest: V4L2 Control: No parameters set for [cam 1]. Skipped.
[04/30/25 19:17:23] crowsnest: Starting ustreamer with Device /dev/video0 ...
[04/30/25 19:17:25] crowsnest:  ... Done!
[04/30/25 20:53:25] crowsnest: Shutdown or Killed by User!
[04/30/25 20:53:25] crowsnest: Please come again :)
[04/30/25 20:53:25] crowsnest: Goodbye...
[04/30/25 20:53:39] crowsnest: crowsnest - A webcam Service for multiple Cams and Stream Services.
[04/30/25 20:53:39] crowsnest: Version: v4.1.12-1-g9623b5f
[04/30/25 20:53:39] crowsnest: Prepare Startup ...
[04/30/25 20:53:39] crowsnest: INFO: Host information:
[04/30/25 20:53:39] crowsnest: Host Info: Distribution: Debian GNU/Linux 11 (bullseye)
[04/30/25 20:53:39] crowsnest: Host Info: Kernel: Linux 5.16.17-sun50iw9 aarch64
[04/30/25 20:53:39] crowsnest: Host Info: Available CPU Cores: 4
[04/30/25 20:53:39] crowsnest: Host Info: Available Memory: 1010632 kB
[04/30/25 20:53:39] crowsnest: Host Info: Diskspace (avail. / total): 24G / 29G
[04/30/25 20:53:39] crowsnest: INFO: Checking Dependencies
[04/30/25 20:53:40] crowsnest: Dependency: 'crudini' found in /usr/bin/crudini.
[04/30/25 20:53:40] crowsnest: Dependency: 'find' found in /usr/bin/find.
[04/30/25 20:53:40] crowsnest: Dependency: 'xargs' found in /usr/bin/xargs.
[04/30/25 20:53:40] crowsnest: Dependency: 'ustreamer' found in bin/ustreamer/src/ustreamer.bin.
[04/30/25 20:53:40] crowsnest: Version Control: ustreamer is up to date. (v6.31)
[04/30/25 20:53:40] crowsnest: INFO: Print Configfile: '/home/biqu/printer_data/config/crowsnest.conf'
[04/30/25 20:53:40] crowsnest:		[crowsnest]
[04/30/25 20:53:40] crowsnest:		log_path: ~/printer_data/logs/crowsnest.log
[04/30/25 20:53:40] crowsnest:		log_level: verbose
[04/30/25 20:53:40] crowsnest:		delete_log: false
[04/30/25 20:53:40] crowsnest:		no_proxy: false
[04/30/25 20:53:40] crowsnest:		
[04/30/25 20:53:40] crowsnest:		[cam 1]
[04/30/25 20:53:40] crowsnest:		mode: ustreamer
[04/30/25 20:53:40] crowsnest:		
[04/30/25 20:53:40] crowsnest:		enable_rtsp: false
[04/30/25 20:53:40] crowsnest:		rtsp_port: 8554
[04/30/25 20:53:40] crowsnest:		port: 8080
[04/30/25 20:53:40] crowsnest:		device: /dev/video0
[04/30/25 20:53:40] crowsnest:		resolution: 1280x720
[04/30/25 20:53:40] crowsnest:		max_fps: 30
[04/30/25 20:53:40] crowsnest: INFO: Detect available Devices
[04/30/25 20:53:40] crowsnest: INFO: Found 1 total available Device(s)
[04/30/25 20:53:40] crowsnest: INFO: Found 1 available v4l2 (UVC) camera(s)
[04/30/25 20:53:40] crowsnest: /dev/v4l/by-id/usb-HHW_microelectronics_Co.__Ltd._MGS1-video-index0 -> /dev/video0
[04/30/25 20:53:40] crowsnest: Supported Formats:
[04/30/25 20:53:40] crowsnest:		[0]: 'MJPG' (Motion-JPEG, compressed)
[04/30/25 20:53:40] crowsnest:		Size: Discrete 1280x720
[04/30/25 20:53:40] crowsnest:		Interval: Discrete 0.033s (30.000 fps)
[04/30/25 20:53:40] crowsnest:		Interval: Discrete 0.040s (25.000 fps)
[04/30/25 20:53:40] crowsnest:		Interval: Discrete 0.050s (20.000 fps)
[04/30/25 20:53:40] crowsnest:		Interval: Discrete 0.067s (15.000 fps)
[04/30/25 20:53:40] crowsnest:		Interval: Discrete 0.100s (10.000 fps)
[04/30/25 20:53:40] crowsnest:		Interval: Discrete 0.200s (5.000 fps)
[04/30/25 20:53:40] crowsnest:		Size: Discrete 800x480
[04/30/25 20:53:40] crowsnest:		Interval: Discrete 0.033s (30.000 fps)
[04/30/25 20:53:40] crowsnest:		Interval: Discrete 0.040s (25.000 fps)
[04/30/25 20:53:40] crowsnest:		Interval: Discrete 0.050s (20.000 fps)
[04/30/25 20:53:40] crowsnest:		Interval: Discrete 0.067s (15.000 fps)
[04/30/25 20:53:40] crowsnest:		Interval: Discrete 0.100s (10.000 fps)
[04/30/25 20:53:40] crowsnest:		Interval: Discrete 0.200s (5.000 fps)
[04/30/25 20:53:40] crowsnest:		Size: Discrete 672x456
[04/30/25 20:53:40] crowsnest:		Interval: Discrete 0.033s (30.000 fps)
[04/30/25 20:53:40] crowsnest:		Interval: Discrete 0.040s (25.000 fps)
[04/30/25 20:53:40] crowsnest:		Interval: Discrete 0.050s (20.000 fps)
[04/30/25 20:53:40] crowsnest:		Interval: Discrete 0.067s (15.000 fps)
[04/30/25 20:53:40] crowsnest:		Interval: Discrete 0.100s (10.000 fps)
[04/30/25 20:53:40] crowsnest:		Interval: Discrete 0.200s (5.000 fps)
[04/30/25 20:53:40] crowsnest:		Size: Discrete 640x480
[04/30/25 20:53:40] crowsnest:		Interval: Discrete 0.033s (30.000 fps)
[04/30/25 20:53:40] crowsnest:		Interval: Discrete 0.040s (25.000 fps)
[04/30/25 20:53:40] crowsnest:		Interval: Discrete 0.050s (20.000 fps)
[04/30/25 20:53:40] crowsnest:		Interval: Discrete 0.067s (15.000 fps)
[04/30/25 20:53:40] crowsnest:		Interval: Discrete 0.100s (10.000 fps)
[04/30/25 20:53:40] crowsnest:		Interval: Discrete 0.200s (5.000 fps)
[04/30/25 20:53:40] crowsnest:		Size: Discrete 320x240
[04/30/25 20:53:40] crowsnest:		Interval: Discrete 0.033s (30.000 fps)
[04/30/25 20:53:40] crowsnest:		Interval: Discrete 0.040s (25.000 fps)
[04/30/25 20:53:40] crowsnest:		Interval: Discrete 0.050s (20.000 fps)
[04/30/25 20:53:40] crowsnest:		Interval: Discrete 0.067s (15.000 fps)
[04/30/25 20:53:40] crowsnest:		Interval: Discrete 0.100s (10.000 fps)
[04/30/25 20:53:40] crowsnest:		Interval: Discrete 0.200s (5.000 fps)
[04/30/25 20:53:40] crowsnest:		[1]: 'YUYV' (YUYV 4:2:2)
[04/30/25 20:53:40] crowsnest:		Size: Discrete 1280x720
[04/30/25 20:53:40] crowsnest:		Interval: Discrete 0.100s (10.000 fps)
[04/30/25 20:53:40] crowsnest:		Size: Discrete 800x480
[04/30/25 20:53:40] crowsnest:		Interval: Discrete 0.040s (25.000 fps)
[04/30/25 20:53:40] crowsnest:		Size: Discrete 672x456
[04/30/25 20:53:40] crowsnest:		Interval: Discrete 0.033s (30.000 fps)
[04/30/25 20:53:40] crowsnest:		Size: Discrete 640x480
[04/30/25 20:53:40] crowsnest:		Interval: Discrete 0.033s (30.000 fps)
[04/30/25 20:53:40] crowsnest:		Size: Discrete 320x240
[04/30/25 20:53:40] crowsnest:		Interval: Discrete 0.033s (30.000 fps)
[04/30/25 20:53:40] crowsnest: Supported Controls:
[04/30/25 20:53:40] crowsnest:		
[04/30/25 20:53:40] crowsnest:		User Controls
[04/30/25 20:53:40] crowsnest:		
[04/30/25 20:53:40] crowsnest:		brightness 0x00980900 (int)    : min=-64 max=64 step=1 default=0 value=0
[04/30/25 20:53:40] crowsnest:		contrast 0x00980901 (int)    : min=0 max=64 step=1 default=32 value=32
[04/30/25 20:53:40] crowsnest:		saturation 0x00980902 (int)    : min=0 max=128 step=1 default=64 value=64
[04/30/25 20:53:40] crowsnest:		hue 0x00980903 (int)    : min=-40 max=40 step=1 default=0 value=0
[04/30/25 20:53:40] crowsnest:		white_balance_automatic 0x0098090c (bool)   : default=1 value=1
[04/30/25 20:53:40] crowsnest:		gamma 0x00980910 (int)    : min=72 max=500 step=1 default=100 value=100
[04/30/25 20:53:40] crowsnest:		gain 0x00980913 (int)    : min=0 max=100 step=1 default=0 value=0
[04/30/25 20:53:40] crowsnest:		power_line_frequency 0x00980918 (menu)   : min=0 max=2 default=2 value=2
[04/30/25 20:53:40] crowsnest:		0: Disabled
[04/30/25 20:53:40] crowsnest:		1: 50 Hz
[04/30/25 20:53:40] crowsnest:		2: 60 Hz
[04/30/25 20:53:40] crowsnest:		white_balance_temperature 0x0098091a (int)    : min=2800 max=6500 step=1 default=4600 value=4600 flags=inactive
[04/30/25 20:53:40] crowsnest:		sharpness 0x0098091b (int)    : min=0 max=6 step=1 default=3 value=3
[04/30/25 20:53:40] crowsnest:		backlight_compensation 0x0098091c (int)    : min=0 max=2 step=1 default=1 value=1
[04/30/25 20:53:40] crowsnest:		
[04/30/25 20:53:40] crowsnest:		Camera Controls
[04/30/25 20:53:40] crowsnest:		
[04/30/25 20:53:40] crowsnest:		auto_exposure 0x009a0901 (menu)   : min=0 max=3 default=3 value=3
[04/30/25 20:53:40] crowsnest:		1: Manual Mode
[04/30/25 20:53:40] crowsnest:		3: Aperture Priority Mode
[04/30/25 20:53:40] crowsnest:		exposure_time_absolute 0x009a0902 (int)    : min=1 max=5000 step=1 default=156 value=156 flags=inactive
[04/30/25 20:53:40] crowsnest:		exposure_dynamic_framerate 0x009a0903 (bool)   : default=0 value=1
[04/30/25 20:53:40] crowsnest: Try to start configured Cams / Services...
[04/30/25 20:53:45] crowsnest: INFO: Configuration of Section [cam 1] looks good. Continue ...
[04/30/25 20:53:47] crowsnest: V4L2 Control: No parameters set for [cam 1]. Skipped.
[04/30/25 20:53:51] crowsnest: Starting ustreamer with Device /dev/video0 ...
[04/30/25 20:53:52] crowsnest:  ... Done!
[05/01/25 00:17:14] crowsnest: crowsnest - A webcam Service for multiple Cams and Stream Services.
[05/01/25 00:17:14] crowsnest: Version: v4.1.12-1-g9623b5f
[05/01/25 00:17:14] crowsnest: Prepare Startup ...
[05/01/25 00:17:14] crowsnest: INFO: Host information:
[05/01/25 00:17:14] crowsnest: Host Info: Distribution: Debian GNU/Linux 11 (bullseye)
[05/01/25 00:17:14] crowsnest: Host Info: Kernel: Linux 5.16.17-sun50iw9 aarch64
[05/01/25 00:17:14] crowsnest: Host Info: Available CPU Cores: 4
[05/01/25 00:17:14] crowsnest: Host Info: Available Memory: 1010632 kB
[05/01/25 00:17:14] crowsnest: Host Info: Diskspace (avail. / total): 24G / 29G
[05/01/25 00:17:14] crowsnest: INFO: Checking Dependencies
[05/01/25 00:17:15] crowsnest: Dependency: 'crudini' found in /usr/bin/crudini.
[05/01/25 00:17:15] crowsnest: Dependency: 'find' found in /usr/bin/find.
[05/01/25 00:17:15] crowsnest: Dependency: 'xargs' found in /usr/bin/xargs.
[05/01/25 00:17:15] crowsnest: Dependency: 'ustreamer' found in bin/ustreamer/src/ustreamer.bin.
[05/01/25 00:17:15] crowsnest: Version Control: ustreamer is up to date. (v6.31)
[05/01/25 00:17:15] crowsnest: INFO: Print Configfile: '/home/biqu/printer_data/config/crowsnest.conf'
[05/01/25 00:17:15] crowsnest:		[crowsnest]
[05/01/25 00:17:15] crowsnest:		log_path: ~/printer_data/logs/crowsnest.log
[05/01/25 00:17:15] crowsnest:		log_level: verbose
[05/01/25 00:17:15] crowsnest:		delete_log: false
[05/01/25 00:17:15] crowsnest:		no_proxy: false
[05/01/25 00:17:15] crowsnest:		
[05/01/25 00:17:15] crowsnest:		[cam 1]
[05/01/25 00:17:15] crowsnest:		mode: ustreamer
[05/01/25 00:17:15] crowsnest:		
[05/01/25 00:17:15] crowsnest:		enable_rtsp: false
[05/01/25 00:17:15] crowsnest:		rtsp_port: 8554
[05/01/25 00:17:15] crowsnest:		port: 8080
[05/01/25 00:17:15] crowsnest:		device: /dev/video0
[05/01/25 00:17:15] crowsnest:		resolution: 1280x720
[05/01/25 00:17:15] crowsnest:		max_fps: 30
[05/01/25 00:17:15] crowsnest: INFO: Detect available Devices
[05/01/25 00:17:15] crowsnest: INFO: Found 1 total available Device(s)
[05/01/25 00:17:15] crowsnest: INFO: Found 1 available v4l2 (UVC) camera(s)
[05/01/25 00:17:15] crowsnest: /dev/v4l/by-id/usb-HHW_microelectronics_Co.__Ltd._MGS1-video-index0 -> /dev/video0
[05/01/25 00:17:15] crowsnest: Supported Formats:
[05/01/25 00:17:15] crowsnest:		[0]: 'MJPG' (Motion-JPEG, compressed)
[05/01/25 00:17:15] crowsnest:		Size: Discrete 1280x720
[05/01/25 00:17:15] crowsnest:		Interval: Discrete 0.033s (30.000 fps)
[05/01/25 00:17:15] crowsnest:		Interval: Discrete 0.040s (25.000 fps)
[05/01/25 00:17:15] crowsnest:		Interval: Discrete 0.050s (20.000 fps)
[05/01/25 00:17:15] crowsnest:		Interval: Discrete 0.067s (15.000 fps)
[05/01/25 00:17:15] crowsnest:		Interval: Discrete 0.100s (10.000 fps)
[05/01/25 00:17:15] crowsnest:		Interval: Discrete 0.200s (5.000 fps)
[05/01/25 00:17:15] crowsnest:		Size: Discrete 800x480
[05/01/25 00:17:15] crowsnest:		Interval: Discrete 0.033s (30.000 fps)
[05/01/25 00:17:15] crowsnest:		Interval: Discrete 0.040s (25.000 fps)
[05/01/25 00:17:15] crowsnest:		Interval: Discrete 0.050s (20.000 fps)
[05/01/25 00:17:15] crowsnest:		Interval: Discrete 0.067s (15.000 fps)
[05/01/25 00:17:15] crowsnest:		Interval: Discrete 0.100s (10.000 fps)
[05/01/25 00:17:15] crowsnest:		Interval: Discrete 0.200s (5.000 fps)
[05/01/25 00:17:15] crowsnest:		Size: Discrete 672x456
[05/01/25 00:17:15] crowsnest:		Interval: Discrete 0.033s (30.000 fps)
[05/01/25 00:17:15] crowsnest:		Interval: Discrete 0.040s (25.000 fps)
[05/01/25 00:17:15] crowsnest:		Interval: Discrete 0.050s (20.000 fps)
[05/01/25 00:17:15] crowsnest:		Interval: Discrete 0.067s (15.000 fps)
[05/01/25 00:17:15] crowsnest:		Interval: Discrete 0.100s (10.000 fps)
[05/01/25 00:17:15] crowsnest:		Interval: Discrete 0.200s (5.000 fps)
[05/01/25 00:17:15] crowsnest:		Size: Discrete 640x480
[05/01/25 00:17:15] crowsnest:		Interval: Discrete 0.033s (30.000 fps)
[05/01/25 00:17:15] crowsnest:		Interval: Discrete 0.040s (25.000 fps)
[05/01/25 00:17:15] crowsnest:		Interval: Discrete 0.050s (20.000 fps)
[05/01/25 00:17:15] crowsnest:		Interval: Discrete 0.067s (15.000 fps)
[05/01/25 00:17:15] crowsnest:		Interval: Discrete 0.100s (10.000 fps)
[05/01/25 00:17:15] crowsnest:		Interval: Discrete 0.200s (5.000 fps)
[05/01/25 00:17:15] crowsnest:		Size: Discrete 320x240
[05/01/25 00:17:15] crowsnest:		Interval: Discrete 0.033s (30.000 fps)
[05/01/25 00:17:15] crowsnest:		Interval: Discrete 0.040s (25.000 fps)
[05/01/25 00:17:15] crowsnest:		Interval: Discrete 0.050s (20.000 fps)
[05/01/25 00:17:15] crowsnest:		Interval: Discrete 0.067s (15.000 fps)
[05/01/25 00:17:15] crowsnest:		Interval: Discrete 0.100s (10.000 fps)
[05/01/25 00:17:15] crowsnest:		Interval: Discrete 0.200s (5.000 fps)
[05/01/25 00:17:15] crowsnest:		[1]: 'YUYV' (YUYV 4:2:2)
[05/01/25 00:17:15] crowsnest:		Size: Discrete 1280x720
[05/01/25 00:17:15] crowsnest:		Interval: Discrete 0.100s (10.000 fps)
[05/01/25 00:17:15] crowsnest:		Size: Discrete 800x480
[05/01/25 00:17:15] crowsnest:		Interval: Discrete 0.040s (25.000 fps)
[05/01/25 00:17:15] crowsnest:		Size: Discrete 672x456
[05/01/25 00:17:15] crowsnest:		Interval: Discrete 0.033s (30.000 fps)
[05/01/25 00:17:15] crowsnest:		Size: Discrete 640x480
[05/01/25 00:17:15] crowsnest:		Interval: Discrete 0.033s (30.000 fps)
[05/01/25 00:17:15] crowsnest:		Size: Discrete 320x240
[05/01/25 00:17:15] crowsnest:		Interval: Discrete 0.033s (30.000 fps)
[05/01/25 00:17:15] crowsnest: Supported Controls:
[05/01/25 00:17:15] crowsnest:		
[05/01/25 00:17:15] crowsnest:		User Controls
[05/01/25 00:17:15] crowsnest:		
[05/01/25 00:17:15] crowsnest:		brightness 0x00980900 (int)    : min=-64 max=64 step=1 default=0 value=0
[05/01/25 00:17:15] crowsnest:		contrast 0x00980901 (int)    : min=0 max=64 step=1 default=32 value=32
[05/01/25 00:17:15] crowsnest:		saturation 0x00980902 (int)    : min=0 max=128 step=1 default=64 value=64
[05/01/25 00:17:15] crowsnest:		hue 0x00980903 (int)    : min=-40 max=40 step=1 default=0 value=0
[05/01/25 00:17:15] crowsnest:		white_balance_automatic 0x0098090c (bool)   : default=1 value=1
[05/01/25 00:17:15] crowsnest:		gamma 0x00980910 (int)    : min=72 max=500 step=1 default=100 value=100
[05/01/25 00:17:15] crowsnest:		gain 0x00980913 (int)    : min=0 max=100 step=1 default=0 value=0
[05/01/25 00:17:15] crowsnest:		power_line_frequency 0x00980918 (menu)   : min=0 max=2 default=2 value=2
[05/01/25 00:17:15] crowsnest:		0: Disabled
[05/01/25 00:17:15] crowsnest:		1: 50 Hz
[05/01/25 00:17:15] crowsnest:		2: 60 Hz
[05/01/25 00:17:15] crowsnest:		white_balance_temperature 0x0098091a (int)    : min=2800 max=6500 step=1 default=4600 value=4600 flags=inactive
[05/01/25 00:17:15] crowsnest:		sharpness 0x0098091b (int)    : min=0 max=6 step=1 default=3 value=3
[05/01/25 00:17:15] crowsnest:		backlight_compensation 0x0098091c (int)    : min=0 max=2 step=1 default=1 value=1
[05/01/25 00:17:15] crowsnest:		
[05/01/25 00:17:15] crowsnest:		Camera Controls
[05/01/25 00:17:15] crowsnest:		
[05/01/25 00:17:15] crowsnest:		auto_exposure 0x009a0901 (menu)   : min=0 max=3 default=3 value=3
[05/01/25 00:17:15] crowsnest:		1: Manual Mode
[05/01/25 00:17:15] crowsnest:		3: Aperture Priority Mode
[05/01/25 00:17:15] crowsnest:		exposure_time_absolute 0x009a0902 (int)    : min=1 max=5000 step=1 default=156 value=156 flags=inactive
[05/01/25 00:17:15] crowsnest:		exposure_dynamic_framerate 0x009a0903 (bool)   : default=0 value=1
[05/01/25 00:17:15] crowsnest: Try to start configured Cams / Services...
[05/01/25 00:17:19] crowsnest: INFO: Configuration of Section [cam 1] looks good. Continue ...
[05/01/25 00:17:21] crowsnest: V4L2 Control: No parameters set for [cam 1]. Skipped.
[05/01/25 00:17:25] crowsnest: Starting ustreamer with Device /dev/video0 ...
[05/01/25 00:17:26] crowsnest:  ... Done!
[05/02/25 00:17:14] crowsnest: crowsnest - A webcam Service for multiple Cams and Stream Services.
[05/02/25 00:17:14] crowsnest: Version: v4.1.12-1-g9623b5f
[05/02/25 00:17:14] crowsnest: Prepare Startup ...
[05/02/25 00:17:14] crowsnest: INFO: Host information:
[05/02/25 00:17:14] crowsnest: Host Info: Distribution: Debian GNU/Linux 11 (bullseye)
[05/02/25 00:17:14] crowsnest: Host Info: Kernel: Linux 5.16.17-sun50iw9 aarch64
[05/02/25 00:17:14] crowsnest: Host Info: Available CPU Cores: 4
[05/02/25 00:17:14] crowsnest: Host Info: Available Memory: 1010632 kB
[05/02/25 00:17:14] crowsnest: Host Info: Diskspace (avail. / total): 24G / 29G
[05/02/25 00:17:14] crowsnest: INFO: Checking Dependencies
[05/02/25 00:17:15] crowsnest: Dependency: 'crudini' found in /usr/bin/crudini.
[05/02/25 00:17:15] crowsnest: Dependency: 'find' found in /usr/bin/find.
[05/02/25 00:17:15] crowsnest: Dependency: 'xargs' found in /usr/bin/xargs.
[05/02/25 00:17:15] crowsnest: Dependency: 'ustreamer' found in bin/ustreamer/src/ustreamer.bin.
[05/02/25 00:17:15] crowsnest: Version Control: ustreamer is up to date. (v6.31)
[05/02/25 00:17:15] crowsnest: INFO: Print Configfile: '/home/biqu/printer_data/config/crowsnest.conf'
[05/02/25 00:17:15] crowsnest:		[crowsnest]
[05/02/25 00:17:15] crowsnest:		log_path: ~/printer_data/logs/crowsnest.log
[05/02/25 00:17:15] crowsnest:		log_level: verbose
[05/02/25 00:17:15] crowsnest:		delete_log: false
[05/02/25 00:17:15] crowsnest:		no_proxy: false
[05/02/25 00:17:15] crowsnest:		
[05/02/25 00:17:15] crowsnest:		[cam 1]
[05/02/25 00:17:15] crowsnest:		mode: ustreamer
[05/02/25 00:17:15] crowsnest:		
[05/02/25 00:17:15] crowsnest:		enable_rtsp: false
[05/02/25 00:17:15] crowsnest:		rtsp_port: 8554
[05/02/25 00:17:15] crowsnest:		port: 8080
[05/02/25 00:17:15] crowsnest:		device: /dev/video0
[05/02/25 00:17:15] crowsnest:		resolution: 1280x720
[05/02/25 00:17:15] crowsnest:		max_fps: 30
[05/02/25 00:17:15] crowsnest: INFO: Detect available Devices
[05/02/25 00:17:15] crowsnest: INFO: Found 1 total available Device(s)
[05/02/25 00:17:15] crowsnest: INFO: Found 1 available v4l2 (UVC) camera(s)
[05/02/25 00:17:15] crowsnest: /dev/v4l/by-id/usb-HHW_microelectronics_Co.__Ltd._MGS1-video-index0 -> /dev/video0
[05/02/25 00:17:15] crowsnest: Supported Formats:
[05/02/25 00:17:15] crowsnest:		[0]: 'MJPG' (Motion-JPEG, compressed)
[05/02/25 00:17:15] crowsnest:		Size: Discrete 1280x720
[05/02/25 00:17:15] crowsnest:		Interval: Discrete 0.033s (30.000 fps)
[05/02/25 00:17:15] crowsnest:		Interval: Discrete 0.040s (25.000 fps)
[05/02/25 00:17:15] crowsnest:		Interval: Discrete 0.050s (20.000 fps)
[05/02/25 00:17:15] crowsnest:		Interval: Discrete 0.067s (15.000 fps)
[05/02/25 00:17:15] crowsnest:		Interval: Discrete 0.100s (10.000 fps)
[05/02/25 00:17:15] crowsnest:		Interval: Discrete 0.200s (5.000 fps)
[05/02/25 00:17:15] crowsnest:		Size: Discrete 800x480
[05/02/25 00:17:15] crowsnest:		Interval: Discrete 0.033s (30.000 fps)
[05/02/25 00:17:15] crowsnest:		Interval: Discrete 0.040s (25.000 fps)
[05/02/25 00:17:15] crowsnest:		Interval: Discrete 0.050s (20.000 fps)
[05/02/25 00:17:15] crowsnest:		Interval: Discrete 0.067s (15.000 fps)
[05/02/25 00:17:15] crowsnest:		Interval: Discrete 0.100s (10.000 fps)
[05/02/25 00:17:15] crowsnest:		Interval: Discrete 0.200s (5.000 fps)
[05/02/25 00:17:15] crowsnest:		Size: Discrete 672x456
[05/02/25 00:17:15] crowsnest:		Interval: Discrete 0.033s (30.000 fps)
[05/02/25 00:17:15] crowsnest:		Interval: Discrete 0.040s (25.000 fps)
[05/02/25 00:17:15] crowsnest:		Interval: Discrete 0.050s (20.000 fps)
[05/02/25 00:17:15] crowsnest:		Interval: Discrete 0.067s (15.000 fps)
[05/02/25 00:17:15] crowsnest:		Interval: Discrete 0.100s (10.000 fps)
[05/02/25 00:17:15] crowsnest:		Interval: Discrete 0.200s (5.000 fps)
[05/02/25 00:17:15] crowsnest:		Size: Discrete 640x480
[05/02/25 00:17:15] crowsnest:		Interval: Discrete 0.033s (30.000 fps)
[05/02/25 00:17:15] crowsnest:		Interval: Discrete 0.040s (25.000 fps)
[05/02/25 00:17:15] crowsnest:		Interval: Discrete 0.050s (20.000 fps)
[05/02/25 00:17:15] crowsnest:		Interval: Discrete 0.067s (15.000 fps)
[05/02/25 00:17:15] crowsnest:		Interval: Discrete 0.100s (10.000 fps)
[05/02/25 00:17:15] crowsnest:		Interval: Discrete 0.200s (5.000 fps)
[05/02/25 00:17:15] crowsnest:		Size: Discrete 320x240
[05/02/25 00:17:15] crowsnest:		Interval: Discrete 0.033s (30.000 fps)
[05/02/25 00:17:15] crowsnest:		Interval: Discrete 0.040s (25.000 fps)
[05/02/25 00:17:15] crowsnest:		Interval: Discrete 0.050s (20.000 fps)
[05/02/25 00:17:15] crowsnest:		Interval: Discrete 0.067s (15.000 fps)
[05/02/25 00:17:15] crowsnest:		Interval: Discrete 0.100s (10.000 fps)
[05/02/25 00:17:15] crowsnest:		Interval: Discrete 0.200s (5.000 fps)
[05/02/25 00:17:15] crowsnest:		[1]: 'YUYV' (YUYV 4:2:2)
[05/02/25 00:17:15] crowsnest:		Size: Discrete 1280x720
[05/02/25 00:17:15] crowsnest:		Interval: Discrete 0.100s (10.000 fps)
[05/02/25 00:17:15] crowsnest:		Size: Discrete 800x480
[05/02/25 00:17:15] crowsnest:		Interval: Discrete 0.040s (25.000 fps)
[05/02/25 00:17:15] crowsnest:		Size: Discrete 672x456
[05/02/25 00:17:15] crowsnest:		Interval: Discrete 0.033s (30.000 fps)
[05/02/25 00:17:15] crowsnest:		Size: Discrete 640x480
[05/02/25 00:17:15] crowsnest:		Interval: Discrete 0.033s (30.000 fps)
[05/02/25 00:17:15] crowsnest:		Size: Discrete 320x240
[05/02/25 00:17:15] crowsnest:		Interval: Discrete 0.033s (30.000 fps)
[05/02/25 00:17:15] crowsnest: Supported Controls:
[05/02/25 00:17:15] crowsnest:		
[05/02/25 00:17:15] crowsnest:		User Controls
[05/02/25 00:17:15] crowsnest:		
[05/02/25 00:17:15] crowsnest:		brightness 0x00980900 (int)    : min=-64 max=64 step=1 default=0 value=0
[05/02/25 00:17:15] crowsnest:		contrast 0x00980901 (int)    : min=0 max=64 step=1 default=32 value=32
[05/02/25 00:17:15] crowsnest:		saturation 0x00980902 (int)    : min=0 max=128 step=1 default=64 value=64
[05/02/25 00:17:15] crowsnest:		hue 0x00980903 (int)    : min=-40 max=40 step=1 default=0 value=0
[05/02/25 00:17:15] crowsnest:		white_balance_automatic 0x0098090c (bool)   : default=1 value=1
[05/02/25 00:17:15] crowsnest:		gamma 0x00980910 (int)    : min=72 max=500 step=1 default=100 value=100
[05/02/25 00:17:15] crowsnest:		gain 0x00980913 (int)    : min=0 max=100 step=1 default=0 value=0
[05/02/25 00:17:15] crowsnest:		power_line_frequency 0x00980918 (menu)   : min=0 max=2 default=2 value=2
[05/02/25 00:17:15] crowsnest:		0: Disabled
[05/02/25 00:17:15] crowsnest:		1: 50 Hz
[05/02/25 00:17:15] crowsnest:		2: 60 Hz
[05/02/25 00:17:15] crowsnest:		white_balance_temperature 0x0098091a (int)    : min=2800 max=6500 step=1 default=4600 value=4600 flags=inactive
[05/02/25 00:17:15] crowsnest:		sharpness 0x0098091b (int)    : min=0 max=6 step=1 default=3 value=3
[05/02/25 00:17:15] crowsnest:		backlight_compensation 0x0098091c (int)    : min=0 max=2 step=1 default=1 value=1
[05/02/25 00:17:15] crowsnest:		
[05/02/25 00:17:15] crowsnest:		Camera Controls
[05/02/25 00:17:15] crowsnest:		
[05/02/25 00:17:15] crowsnest:		auto_exposure 0x009a0901 (menu)   : min=0 max=3 default=3 value=3
[05/02/25 00:17:15] crowsnest:		1: Manual Mode
[05/02/25 00:17:15] crowsnest:		3: Aperture Priority Mode
[05/02/25 00:17:15] crowsnest:		exposure_time_absolute 0x009a0902 (int)    : min=1 max=5000 step=1 default=156 value=156 flags=inactive
[05/02/25 00:17:15] crowsnest:		exposure_dynamic_framerate 0x009a0903 (bool)   : default=0 value=1
[05/02/25 00:17:15] crowsnest: Try to start configured Cams / Services...
[05/02/25 00:17:20] crowsnest: INFO: Configuration of Section [cam 1] looks good. Continue ...
[05/02/25 00:17:21] crowsnest: V4L2 Control: No parameters set for [cam 1]. Skipped.
[05/02/25 00:17:25] crowsnest: Starting ustreamer with Device /dev/video0 ...
[05/02/25 00:17:27] crowsnest:  ... Done!
[05/02/25 01:17:11] crowsnest: crowsnest - A webcam Service for multiple Cams and Stream Services.
[05/02/25 01:17:12] crowsnest: Version: v4.1.12-1-g9623b5f
[05/02/25 01:17:12] crowsnest: Prepare Startup ...
[05/02/25 01:17:12] crowsnest: INFO: Host information:
[05/02/25 01:17:12] crowsnest: Host Info: Distribution: Debian GNU/Linux 11 (bullseye)
[05/02/25 01:17:12] crowsnest: Host Info: Kernel: Linux 5.16.17-sun50iw9 aarch64
[05/02/25 01:17:12] crowsnest: Host Info: Available CPU Cores: 4
[05/02/25 01:17:12] crowsnest: Host Info: Available Memory: 1010632 kB
[05/02/25 01:17:12] crowsnest: Host Info: Diskspace (avail. / total): 24G / 29G
[05/02/25 01:17:12] crowsnest: INFO: Checking Dependencies
[05/02/25 01:17:12] crowsnest: Dependency: 'crudini' found in /usr/bin/crudini.
[05/02/25 01:17:12] crowsnest: Dependency: 'find' found in /usr/bin/find.
[05/02/25 01:17:12] crowsnest: Dependency: 'xargs' found in /usr/bin/xargs.
[05/02/25 01:17:12] crowsnest: Dependency: 'ustreamer' found in bin/ustreamer/src/ustreamer.bin.
[05/02/25 01:17:12] crowsnest: Version Control: ustreamer is up to date. (v6.31)
[05/02/25 01:17:13] crowsnest: INFO: Print Configfile: '/home/biqu/printer_data/config/crowsnest.conf'
[05/02/25 01:17:12] crowsnest:		[crowsnest]
[05/02/25 01:17:12] crowsnest:		log_path: ~/printer_data/logs/crowsnest.log
[05/02/25 01:17:12] crowsnest:		log_level: verbose
[05/02/25 01:17:12] crowsnest:		delete_log: false
[05/02/25 01:17:12] crowsnest:		no_proxy: false
[05/02/25 01:17:12] crowsnest:		
[05/02/25 01:17:12] crowsnest:		[cam 1]
[05/02/25 01:17:12] crowsnest:		mode: ustreamer
[05/02/25 01:17:12] crowsnest:		
[05/02/25 01:17:12] crowsnest:		enable_rtsp: false
[05/02/25 01:17:12] crowsnest:		rtsp_port: 8554
[05/02/25 01:17:12] crowsnest:		port: 8080
[05/02/25 01:17:12] crowsnest:		device: /dev/video0
[05/02/25 01:17:12] crowsnest:		resolution: 1280x720
[05/02/25 01:17:12] crowsnest:		max_fps: 30
[05/02/25 01:17:13] crowsnest: INFO: Detect available Devices
[05/02/25 01:17:13] crowsnest: INFO: Found 1 total available Device(s)
[05/02/25 01:17:13] crowsnest: INFO: Found 1 available v4l2 (UVC) camera(s)
[05/02/25 01:17:13] crowsnest: /dev/v4l/by-id/usb-HHW_microelectronics_Co.__Ltd._MGS1-video-index0 -> /dev/video0
[05/02/25 01:17:13] crowsnest: Supported Formats:
[05/02/25 01:17:13] crowsnest:		[0]: 'MJPG' (Motion-JPEG, compressed)
[05/02/25 01:17:13] crowsnest:		Size: Discrete 1280x720
[05/02/25 01:17:13] crowsnest:		Interval: Discrete 0.033s (30.000 fps)
[05/02/25 01:17:13] crowsnest:		Interval: Discrete 0.040s (25.000 fps)
[05/02/25 01:17:13] crowsnest:		Interval: Discrete 0.050s (20.000 fps)
[05/02/25 01:17:13] crowsnest:		Interval: Discrete 0.067s (15.000 fps)
[05/02/25 01:17:13] crowsnest:		Interval: Discrete 0.100s (10.000 fps)
[05/02/25 01:17:13] crowsnest:		Interval: Discrete 0.200s (5.000 fps)
[05/02/25 01:17:13] crowsnest:		Size: Discrete 800x480
[05/02/25 01:17:13] crowsnest:		Interval: Discrete 0.033s (30.000 fps)
[05/02/25 01:17:13] crowsnest:		Interval: Discrete 0.040s (25.000 fps)
[05/02/25 01:17:13] crowsnest:		Interval: Discrete 0.050s (20.000 fps)
[05/02/25 01:17:13] crowsnest:		Interval: Discrete 0.067s (15.000 fps)
[05/02/25 01:17:13] crowsnest:		Interval: Discrete 0.100s (10.000 fps)
[05/02/25 01:17:13] crowsnest:		Interval: Discrete 0.200s (5.000 fps)
[05/02/25 01:17:13] crowsnest:		Size: Discrete 672x456
[05/02/25 01:17:13] crowsnest:		Interval: Discrete 0.033s (30.000 fps)
[05/02/25 01:17:13] crowsnest:		Interval: Discrete 0.040s (25.000 fps)
[05/02/25 01:17:13] crowsnest:		Interval: Discrete 0.050s (20.000 fps)
[05/02/25 01:17:13] crowsnest:		Interval: Discrete 0.067s (15.000 fps)
[05/02/25 01:17:13] crowsnest:		Interval: Discrete 0.100s (10.000 fps)
[05/02/25 01:17:13] crowsnest:		Interval: Discrete 0.200s (5.000 fps)
[05/02/25 01:17:13] crowsnest:		Size: Discrete 640x480
[05/02/25 01:17:13] crowsnest:		Interval: Discrete 0.033s (30.000 fps)
[05/02/25 01:17:13] crowsnest:		Interval: Discrete 0.040s (25.000 fps)
[05/02/25 01:17:13] crowsnest:		Interval: Discrete 0.050s (20.000 fps)
[05/02/25 01:17:13] crowsnest:		Interval: Discrete 0.067s (15.000 fps)
[05/02/25 01:17:13] crowsnest:		Interval: Discrete 0.100s (10.000 fps)
[05/02/25 01:17:13] crowsnest:		Interval: Discrete 0.200s (5.000 fps)
[05/02/25 01:17:13] crowsnest:		Size: Discrete 320x240
[05/02/25 01:17:13] crowsnest:		Interval: Discrete 0.033s (30.000 fps)
[05/02/25 01:17:13] crowsnest:		Interval: Discrete 0.040s (25.000 fps)
[05/02/25 01:17:13] crowsnest:		Interval: Discrete 0.050s (20.000 fps)
[05/02/25 01:17:13] crowsnest:		Interval: Discrete 0.067s (15.000 fps)
[05/02/25 01:17:13] crowsnest:		Interval: Discrete 0.100s (10.000 fps)
[05/02/25 01:17:13] crowsnest:		Interval: Discrete 0.200s (5.000 fps)
[05/02/25 01:17:13] crowsnest:		[1]: 'YUYV' (YUYV 4:2:2)
[05/02/25 01:17:13] crowsnest:		Size: Discrete 1280x720
[05/02/25 01:17:13] crowsnest:		Interval: Discrete 0.100s (10.000 fps)
[05/02/25 01:17:13] crowsnest:		Size: Discrete 800x480
[05/02/25 01:17:13] crowsnest:		Interval: Discrete 0.040s (25.000 fps)
[05/02/25 01:17:13] crowsnest:		Size: Discrete 672x456
[05/02/25 01:17:13] crowsnest:		Interval: Discrete 0.033s (30.000 fps)
[05/02/25 01:17:13] crowsnest:		Size: Discrete 640x480
[05/02/25 01:17:13] crowsnest:		Interval: Discrete 0.033s (30.000 fps)
[05/02/25 01:17:13] crowsnest:		Size: Discrete 320x240
[05/02/25 01:17:13] crowsnest:		Interval: Discrete 0.033s (30.000 fps)
[05/02/25 01:17:13] crowsnest: Supported Controls:
[05/02/25 01:17:13] crowsnest:		
[05/02/25 01:17:13] crowsnest:		User Controls
[05/02/25 01:17:13] crowsnest:		
[05/02/25 01:17:13] crowsnest:		brightness 0x00980900 (int)    : min=-64 max=64 step=1 default=0 value=0
[05/02/25 01:17:13] crowsnest:		contrast 0x00980901 (int)    : min=0 max=64 step=1 default=32 value=32
[05/02/25 01:17:13] crowsnest:		saturation 0x00980902 (int)    : min=0 max=128 step=1 default=64 value=64
[05/02/25 01:17:13] crowsnest:		hue 0x00980903 (int)    : min=-40 max=40 step=1 default=0 value=0
[05/02/25 01:17:13] crowsnest:		white_balance_automatic 0x0098090c (bool)   : default=1 value=1
[05/02/25 01:17:13] crowsnest:		gamma 0x00980910 (int)    : min=72 max=500 step=1 default=100 value=100
[05/02/25 01:17:13] crowsnest:		gain 0x00980913 (int)    : min=0 max=100 step=1 default=0 value=0
[05/02/25 01:17:13] crowsnest:		power_line_frequency 0x00980918 (menu)   : min=0 max=2 default=2 value=2
[05/02/25 01:17:13] crowsnest:		0: Disabled
[05/02/25 01:17:13] crowsnest:		1: 50 Hz
[05/02/25 01:17:13] crowsnest:		2: 60 Hz
[05/02/25 01:17:13] crowsnest:		white_balance_temperature 0x0098091a (int)    : min=2800 max=6500 step=1 default=4600 value=4600 flags=inactive
[05/02/25 01:17:13] crowsnest:		sharpness 0x0098091b (int)    : min=0 max=6 step=1 default=3 value=3
[05/02/25 01:17:13] crowsnest:		backlight_compensation 0x0098091c (int)    : min=0 max=2 step=1 default=1 value=1
[05/02/25 01:17:13] crowsnest:		
[05/02/25 01:17:13] crowsnest:		Camera Controls
[05/02/25 01:17:13] crowsnest:		
[05/02/25 01:17:13] crowsnest:		auto_exposure 0x009a0901 (menu)   : min=0 max=3 default=3 value=3
[05/02/25 01:17:13] crowsnest:		1: Manual Mode
[05/02/25 01:17:13] crowsnest:		3: Aperture Priority Mode
[05/02/25 01:17:13] crowsnest:		exposure_time_absolute 0x009a0902 (int)    : min=1 max=5000 step=1 default=156 value=156 flags=inactive
[05/02/25 01:17:13] crowsnest:		exposure_dynamic_framerate 0x009a0903 (bool)   : default=0 value=1
[05/02/25 01:17:13] crowsnest: Try to start configured Cams / Services...
[05/02/25 01:17:17] crowsnest: INFO: Configuration of Section [cam 1] looks good. Continue ...
[05/02/25 01:17:19] crowsnest: V4L2 Control: No parameters set for [cam 1]. Skipped.
[05/02/25 01:17:22] crowsnest: Starting ustreamer with Device /dev/video0 ...
[05/02/25 01:17:24] crowsnest:  ... Done!
[05/02/25 09:42:30] crowsnest: Shutdown or Killed by User!
[05/02/25 09:42:30] crowsnest: Please come again :)
[05/02/25 09:42:30] crowsnest: Goodbye...
[05/02/25 09:42:42] crowsnest: crowsnest - A webcam Service for multiple Cams and Stream Services.
[05/02/25 09:42:42] crowsnest: Version: v4.1.12-1-g9623b5f
[05/02/25 09:42:42] crowsnest: Prepare Startup ...
[05/02/25 09:42:42] crowsnest: INFO: Host information:
[05/02/25 09:42:42] crowsnest: Host Info: Distribution: Debian GNU/Linux 11 (bullseye)
[05/02/25 09:42:42] crowsnest: Host Info: Kernel: Linux 5.16.17-sun50iw9 aarch64
[05/02/25 09:42:42] crowsnest: Host Info: Available CPU Cores: 4
[05/02/25 09:42:42] crowsnest: Host Info: Available Memory: 1010632 kB
[05/02/25 09:42:42] crowsnest: Host Info: Diskspace (avail. / total): 24G / 29G
[05/02/25 09:42:42] crowsnest: INFO: Checking Dependencies
[05/02/25 09:42:42] crowsnest: Dependency: 'crudini' found in /usr/bin/crudini.
[05/02/25 09:42:42] crowsnest: Dependency: 'find' found in /usr/bin/find.
[05/02/25 09:42:42] crowsnest: Dependency: 'xargs' found in /usr/bin/xargs.
[05/02/25 09:42:42] crowsnest: Dependency: 'ustreamer' found in bin/ustreamer/src/ustreamer.bin.
[05/02/25 09:42:42] crowsnest: Version Control: ustreamer is up to date. (v6.31)
[05/02/25 09:42:42] crowsnest: INFO: Print Configfile: '/home/biqu/printer_data/config/crowsnest.conf'
[05/02/25 09:42:42] crowsnest:		[crowsnest]
[05/02/25 09:42:42] crowsnest:		log_path: ~/printer_data/logs/crowsnest.log
[05/02/25 09:42:42] crowsnest:		log_level: verbose
[05/02/25 09:42:42] crowsnest:		delete_log: false
[05/02/25 09:42:42] crowsnest:		no_proxy: false
[05/02/25 09:42:42] crowsnest:		
[05/02/25 09:42:42] crowsnest:		[cam 1]
[05/02/25 09:42:42] crowsnest:		mode: ustreamer
[05/02/25 09:42:42] crowsnest:		
[05/02/25 09:42:42] crowsnest:		enable_rtsp: false
[05/02/25 09:42:42] crowsnest:		rtsp_port: 8554
[05/02/25 09:42:42] crowsnest:		port: 8080
[05/02/25 09:42:42] crowsnest:		device: /dev/video0
[05/02/25 09:42:42] crowsnest:		resolution: 1280x720
[05/02/25 09:42:42] crowsnest:		max_fps: 30
[05/02/25 09:42:43] crowsnest: INFO: Detect available Devices
[05/02/25 09:42:43] crowsnest: INFO: Found 1 total available Device(s)
[05/02/25 09:42:43] crowsnest: INFO: Found 1 available v4l2 (UVC) camera(s)
[05/02/25 09:42:43] crowsnest: /dev/v4l/by-id/usb-HHW_microelectronics_Co.__Ltd._MGS1-video-index0 -> /dev/video0
[05/02/25 09:42:43] crowsnest: Supported Formats:
[05/02/25 09:42:43] crowsnest:		[0]: 'MJPG' (Motion-JPEG, compressed)
[05/02/25 09:42:43] crowsnest:		Size: Discrete 1280x720
[05/02/25 09:42:43] crowsnest:		Interval: Discrete 0.033s (30.000 fps)
[05/02/25 09:42:43] crowsnest:		Interval: Discrete 0.040s (25.000 fps)
[05/02/25 09:42:43] crowsnest:		Interval: Discrete 0.050s (20.000 fps)
[05/02/25 09:42:43] crowsnest:		Interval: Discrete 0.067s (15.000 fps)
[05/02/25 09:42:43] crowsnest:		Interval: Discrete 0.100s (10.000 fps)
[05/02/25 09:42:43] crowsnest:		Interval: Discrete 0.200s (5.000 fps)
[05/02/25 09:42:43] crowsnest:		Size: Discrete 800x480
[05/02/25 09:42:43] crowsnest:		Interval: Discrete 0.033s (30.000 fps)
[05/02/25 09:42:43] crowsnest:		Interval: Discrete 0.040s (25.000 fps)
[05/02/25 09:42:43] crowsnest:		Interval: Discrete 0.050s (20.000 fps)
[05/02/25 09:42:43] crowsnest:		Interval: Discrete 0.067s (15.000 fps)
[05/02/25 09:42:43] crowsnest:		Interval: Discrete 0.100s (10.000 fps)
[05/02/25 09:42:43] crowsnest:		Interval: Discrete 0.200s (5.000 fps)
[05/02/25 09:42:43] crowsnest:		Size: Discrete 672x456
[05/02/25 09:42:43] crowsnest:		Interval: Discrete 0.033s (30.000 fps)
[05/02/25 09:42:43] crowsnest:		Interval: Discrete 0.040s (25.000 fps)
[05/02/25 09:42:43] crowsnest:		Interval: Discrete 0.050s (20.000 fps)
[05/02/25 09:42:43] crowsnest:		Interval: Discrete 0.067s (15.000 fps)
[05/02/25 09:42:43] crowsnest:		Interval: Discrete 0.100s (10.000 fps)
[05/02/25 09:42:43] crowsnest:		Interval: Discrete 0.200s (5.000 fps)
[05/02/25 09:42:43] crowsnest:		Size: Discrete 640x480
[05/02/25 09:42:43] crowsnest:		Interval: Discrete 0.033s (30.000 fps)
[05/02/25 09:42:43] crowsnest:		Interval: Discrete 0.040s (25.000 fps)
[05/02/25 09:42:43] crowsnest:		Interval: Discrete 0.050s (20.000 fps)
[05/02/25 09:42:43] crowsnest:		Interval: Discrete 0.067s (15.000 fps)
[05/02/25 09:42:43] crowsnest:		Interval: Discrete 0.100s (10.000 fps)
[05/02/25 09:42:43] crowsnest:		Interval: Discrete 0.200s (5.000 fps)
[05/02/25 09:42:43] crowsnest:		Size: Discrete 320x240
[05/02/25 09:42:43] crowsnest:		Interval: Discrete 0.033s (30.000 fps)
[05/02/25 09:42:43] crowsnest:		Interval: Discrete 0.040s (25.000 fps)
[05/02/25 09:42:43] crowsnest:		Interval: Discrete 0.050s (20.000 fps)
[05/02/25 09:42:43] crowsnest:		Interval: Discrete 0.067s (15.000 fps)
[05/02/25 09:42:43] crowsnest:		Interval: Discrete 0.100s (10.000 fps)
[05/02/25 09:42:43] crowsnest:		Interval: Discrete 0.200s (5.000 fps)
[05/02/25 09:42:43] crowsnest:		[1]: 'YUYV' (YUYV 4:2:2)
[05/02/25 09:42:43] crowsnest:		Size: Discrete 1280x720
[05/02/25 09:42:43] crowsnest:		Interval: Discrete 0.100s (10.000 fps)
[05/02/25 09:42:43] crowsnest:		Size: Discrete 800x480
[05/02/25 09:42:43] crowsnest:		Interval: Discrete 0.040s (25.000 fps)
[05/02/25 09:42:43] crowsnest:		Size: Discrete 672x456
[05/02/25 09:42:43] crowsnest:		Interval: Discrete 0.033s (30.000 fps)
[05/02/25 09:42:43] crowsnest:		Size: Discrete 640x480
[05/02/25 09:42:43] crowsnest:		Interval: Discrete 0.033s (30.000 fps)
[05/02/25 09:42:43] crowsnest:		Size: Discrete 320x240
[05/02/25 09:42:43] crowsnest:		Interval: Discrete 0.033s (30.000 fps)
[05/02/25 09:42:43] crowsnest: Supported Controls:
[05/02/25 09:42:43] crowsnest:		
[05/02/25 09:42:43] crowsnest:		User Controls
[05/02/25 09:42:43] crowsnest:		
[05/02/25 09:42:43] crowsnest:		brightness 0x00980900 (int)    : min=-64 max=64 step=1 default=0 value=0
[05/02/25 09:42:43] crowsnest:		contrast 0x00980901 (int)    : min=0 max=64 step=1 default=32 value=32
[05/02/25 09:42:43] crowsnest:		saturation 0x00980902 (int)    : min=0 max=128 step=1 default=64 value=64
[05/02/25 09:42:43] crowsnest:		hue 0x00980903 (int)    : min=-40 max=40 step=1 default=0 value=0
[05/02/25 09:42:43] crowsnest:		white_balance_automatic 0x0098090c (bool)   : default=1 value=1
[05/02/25 09:42:43] crowsnest:		gamma 0x00980910 (int)    : min=72 max=500 step=1 default=100 value=100
[05/02/25 09:42:43] crowsnest:		gain 0x00980913 (int)    : min=0 max=100 step=1 default=0 value=0
[05/02/25 09:42:43] crowsnest:		power_line_frequency 0x00980918 (menu)   : min=0 max=2 default=2 value=2
[05/02/25 09:42:43] crowsnest:		0: Disabled
[05/02/25 09:42:43] crowsnest:		1: 50 Hz
[05/02/25 09:42:43] crowsnest:		2: 60 Hz
[05/02/25 09:42:43] crowsnest:		white_balance_temperature 0x0098091a (int)    : min=2800 max=6500 step=1 default=4600 value=4600 flags=inactive
[05/02/25 09:42:43] crowsnest:		sharpness 0x0098091b (int)    : min=0 max=6 step=1 default=3 value=3
[05/02/25 09:42:43] crowsnest:		backlight_compensation 0x0098091c (int)    : min=0 max=2 step=1 default=1 value=1
[05/02/25 09:42:43] crowsnest:		
[05/02/25 09:42:43] crowsnest:		Camera Controls
[05/02/25 09:42:43] crowsnest:		
[05/02/25 09:42:43] crowsnest:		auto_exposure 0x009a0901 (menu)   : min=0 max=3 default=3 value=3
[05/02/25 09:42:43] crowsnest:		1: Manual Mode
[05/02/25 09:42:43] crowsnest:		3: Aperture Priority Mode
[05/02/25 09:42:43] crowsnest:		exposure_time_absolute 0x009a0902 (int)    : min=1 max=5000 step=1 default=156 value=156 flags=inactive
[05/02/25 09:42:43] crowsnest:		exposure_dynamic_framerate 0x009a0903 (bool)   : default=0 value=1
[05/02/25 09:42:43] crowsnest: Try to start configured Cams / Services...
[05/02/25 09:42:48] crowsnest: INFO: Configuration of Section [cam 1] looks good. Continue ...
[05/02/25 09:42:50] crowsnest: V4L2 Control: No parameters set for [cam 1]. Skipped.
[05/02/25 09:42:53] crowsnest: Starting ustreamer with Device /dev/video0 ...
[05/02/25 09:42:54] crowsnest:  ... Done!
[05/03/25 10:17:12] crowsnest: crowsnest - A webcam Service for multiple Cams and Stream Services.
[05/03/25 10:17:12] crowsnest: Version: v4.1.12-1-g9623b5f
[05/03/25 10:17:12] crowsnest: Prepare Startup ...
[05/03/25 10:17:12] crowsnest: INFO: Host information:
[05/03/25 10:17:12] crowsnest: Host Info: Distribution: Debian GNU/Linux 11 (bullseye)
[05/03/25 10:17:12] crowsnest: Host Info: Kernel: Linux 5.16.17-sun50iw9 aarch64
[05/03/25 10:17:12] crowsnest: Host Info: Available CPU Cores: 4
[05/03/25 10:17:12] crowsnest: Host Info: Available Memory: 1010632 kB
[05/03/25 10:17:12] crowsnest: Host Info: Diskspace (avail. / total): 24G / 29G
[05/03/25 10:17:12] crowsnest: INFO: Checking Dependencies
[05/03/25 10:17:12] crowsnest: Dependency: 'crudini' found in /usr/bin/crudini.
[05/03/25 10:17:12] crowsnest: Dependency: 'find' found in /usr/bin/find.
[05/03/25 10:17:12] crowsnest: Dependency: 'xargs' found in /usr/bin/xargs.
[05/03/25 10:17:12] crowsnest: Dependency: 'ustreamer' found in bin/ustreamer/src/ustreamer.bin.
[05/03/25 10:17:12] crowsnest: Version Control: ustreamer is up to date. (v6.31)
[05/03/25 10:17:12] crowsnest: INFO: Print Configfile: '/home/biqu/printer_data/config/crowsnest.conf'
[05/03/25 10:17:12] crowsnest:		[crowsnest]
[05/03/25 10:17:12] crowsnest:		log_path: ~/printer_data/logs/crowsnest.log
[05/03/25 10:17:12] crowsnest:		log_level: verbose
[05/03/25 10:17:12] crowsnest:		delete_log: false
[05/03/25 10:17:12] crowsnest:		no_proxy: false
[05/03/25 10:17:12] crowsnest:		
[05/03/25 10:17:12] crowsnest:		[cam 1]
[05/03/25 10:17:12] crowsnest:		mode: ustreamer
[05/03/25 10:17:12] crowsnest:		
[05/03/25 10:17:12] crowsnest:		enable_rtsp: false
[05/03/25 10:17:12] crowsnest:		rtsp_port: 8554
[05/03/25 10:17:12] crowsnest:		port: 8080
[05/03/25 10:17:12] crowsnest:		device: /dev/video0
[05/03/25 10:17:12] crowsnest:		resolution: 1280x720
[05/03/25 10:17:12] crowsnest:		max_fps: 30
[05/03/25 10:17:13] crowsnest: INFO: Detect available Devices
[05/03/25 10:17:13] crowsnest: INFO: Found 1 total available Device(s)
[05/03/25 10:17:13] crowsnest: INFO: Found 1 available v4l2 (UVC) camera(s)
[05/03/25 10:17:13] crowsnest: /dev/v4l/by-id/usb-HHW_microelectronics_Co.__Ltd._MGS1-video-index0 -> /dev/video0
[05/03/25 10:17:13] crowsnest: Supported Formats:
[05/03/25 10:17:13] crowsnest:		[0]: 'MJPG' (Motion-JPEG, compressed)
[05/03/25 10:17:13] crowsnest:		Size: Discrete 1280x720
[05/03/25 10:17:13] crowsnest:		Interval: Discrete 0.033s (30.000 fps)
[05/03/25 10:17:13] crowsnest:		Interval: Discrete 0.040s (25.000 fps)
[05/03/25 10:17:13] crowsnest:		Interval: Discrete 0.050s (20.000 fps)
[05/03/25 10:17:13] crowsnest:		Interval: Discrete 0.067s (15.000 fps)
[05/03/25 10:17:13] crowsnest:		Interval: Discrete 0.100s (10.000 fps)
[05/03/25 10:17:13] crowsnest:		Interval: Discrete 0.200s (5.000 fps)
[05/03/25 10:17:13] crowsnest:		Size: Discrete 800x480
[05/03/25 10:17:13] crowsnest:		Interval: Discrete 0.033s (30.000 fps)
[05/03/25 10:17:13] crowsnest:		Interval: Discrete 0.040s (25.000 fps)
[05/03/25 10:17:13] crowsnest:		Interval: Discrete 0.050s (20.000 fps)
[05/03/25 10:17:13] crowsnest:		Interval: Discrete 0.067s (15.000 fps)
[05/03/25 10:17:13] crowsnest:		Interval: Discrete 0.100s (10.000 fps)
[05/03/25 10:17:13] crowsnest:		Interval: Discrete 0.200s (5.000 fps)
[05/03/25 10:17:13] crowsnest:		Size: Discrete 672x456
[05/03/25 10:17:13] crowsnest:		Interval: Discrete 0.033s (30.000 fps)
[05/03/25 10:17:13] crowsnest:		Interval: Discrete 0.040s (25.000 fps)
[05/03/25 10:17:13] crowsnest:		Interval: Discrete 0.050s (20.000 fps)
[05/03/25 10:17:13] crowsnest:		Interval: Discrete 0.067s (15.000 fps)
[05/03/25 10:17:13] crowsnest:		Interval: Discrete 0.100s (10.000 fps)
[05/03/25 10:17:13] crowsnest:		Interval: Discrete 0.200s (5.000 fps)
[05/03/25 10:17:13] crowsnest:		Size: Discrete 640x480
[05/03/25 10:17:13] crowsnest:		Interval: Discrete 0.033s (30.000 fps)
[05/03/25 10:17:13] crowsnest:		Interval: Discrete 0.040s (25.000 fps)
[05/03/25 10:17:13] crowsnest:		Interval: Discrete 0.050s (20.000 fps)
[05/03/25 10:17:13] crowsnest:		Interval: Discrete 0.067s (15.000 fps)
[05/03/25 10:17:13] crowsnest:		Interval: Discrete 0.100s (10.000 fps)
[05/03/25 10:17:13] crowsnest:		Interval: Discrete 0.200s (5.000 fps)
[05/03/25 10:17:13] crowsnest:		Size: Discrete 320x240
[05/03/25 10:17:13] crowsnest:		Interval: Discrete 0.033s (30.000 fps)
[05/03/25 10:17:13] crowsnest:		Interval: Discrete 0.040s (25.000 fps)
[05/03/25 10:17:13] crowsnest:		Interval: Discrete 0.050s (20.000 fps)
[05/03/25 10:17:13] crowsnest:		Interval: Discrete 0.067s (15.000 fps)
[05/03/25 10:17:13] crowsnest:		Interval: Discrete 0.100s (10.000 fps)
[05/03/25 10:17:13] crowsnest:		Interval: Discrete 0.200s (5.000 fps)
[05/03/25 10:17:13] crowsnest:		[1]: 'YUYV' (YUYV 4:2:2)
[05/03/25 10:17:13] crowsnest:		Size: Discrete 1280x720
[05/03/25 10:17:13] crowsnest:		Interval: Discrete 0.100s (10.000 fps)
[05/03/25 10:17:13] crowsnest:		Size: Discrete 800x480
[05/03/25 10:17:13] crowsnest:		Interval: Discrete 0.040s (25.000 fps)
[05/03/25 10:17:13] crowsnest:		Size: Discrete 672x456
[05/03/25 10:17:13] crowsnest:		Interval: Discrete 0.033s (30.000 fps)
[05/03/25 10:17:13] crowsnest:		Size: Discrete 640x480
[05/03/25 10:17:13] crowsnest:		Interval: Discrete 0.033s (30.000 fps)
[05/03/25 10:17:13] crowsnest:		Size: Discrete 320x240
[05/03/25 10:17:13] crowsnest:		Interval: Discrete 0.033s (30.000 fps)
[05/03/25 10:17:13] crowsnest: Supported Controls:
[05/03/25 10:17:13] crowsnest:		
[05/03/25 10:17:13] crowsnest:		User Controls
[05/03/25 10:17:13] crowsnest:		
[05/03/25 10:17:13] crowsnest:		brightness 0x00980900 (int)    : min=-64 max=64 step=1 default=0 value=0
[05/03/25 10:17:13] crowsnest:		contrast 0x00980901 (int)    : min=0 max=64 step=1 default=32 value=32
[05/03/25 10:17:13] crowsnest:		saturation 0x00980902 (int)    : min=0 max=128 step=1 default=64 value=64
[05/03/25 10:17:13] crowsnest:		hue 0x00980903 (int)    : min=-40 max=40 step=1 default=0 value=0
[05/03/25 10:17:13] crowsnest:		white_balance_automatic 0x0098090c (bool)   : default=1 value=1
[05/03/25 10:17:13] crowsnest:		gamma 0x00980910 (int)    : min=72 max=500 step=1 default=100 value=100
[05/03/25 10:17:13] crowsnest:		gain 0x00980913 (int)    : min=0 max=100 step=1 default=0 value=0
[05/03/25 10:17:13] crowsnest:		power_line_frequency 0x00980918 (menu)   : min=0 max=2 default=2 value=2
[05/03/25 10:17:13] crowsnest:		0: Disabled
[05/03/25 10:17:13] crowsnest:		1: 50 Hz
[05/03/25 10:17:13] crowsnest:		2: 60 Hz
[05/03/25 10:17:13] crowsnest:		white_balance_temperature 0x0098091a (int)    : min=2800 max=6500 step=1 default=4600 value=4600 flags=inactive
[05/03/25 10:17:13] crowsnest:		sharpness 0x0098091b (int)    : min=0 max=6 step=1 default=3 value=3
[05/03/25 10:17:13] crowsnest:		backlight_compensation 0x0098091c (int)    : min=0 max=2 step=1 default=1 value=1
[05/03/25 10:17:13] crowsnest:		
[05/03/25 10:17:13] crowsnest:		Camera Controls
[05/03/25 10:17:13] crowsnest:		
[05/03/25 10:17:13] crowsnest:		auto_exposure 0x009a0901 (menu)   : min=0 max=3 default=3 value=3
[05/03/25 10:17:13] crowsnest:		1: Manual Mode
[05/03/25 10:17:13] crowsnest:		3: Aperture Priority Mode
[05/03/25 10:17:13] crowsnest:		exposure_time_absolute 0x009a0902 (int)    : min=1 max=5000 step=1 default=156 value=156 flags=inactive
[05/03/25 10:17:13] crowsnest:		exposure_dynamic_framerate 0x009a0903 (bool)   : default=0 value=1
[05/03/25 10:17:13] crowsnest: Try to start configured Cams / Services...
[05/03/25 10:17:17] crowsnest: INFO: Configuration of Section [cam 1] looks good. Continue ...
[05/03/25 10:17:19] crowsnest: V4L2 Control: No parameters set for [cam 1]. Skipped.
[05/03/25 10:17:23] crowsnest: Starting ustreamer with Device /dev/video0 ...
[05/03/25 10:17:24] crowsnest:  ... Done!
[05/04/25 07:17:14] crowsnest: crowsnest - A webcam Service for multiple Cams and Stream Services.
[05/04/25 07:17:14] crowsnest: Version: v4.1.12-1-g9623b5f
[05/04/25 07:17:14] crowsnest: Prepare Startup ...
[05/04/25 07:17:14] crowsnest: INFO: Host information:
[05/04/25 07:17:14] crowsnest: Host Info: Distribution: Debian GNU/Linux 11 (bullseye)
[05/04/25 07:17:14] crowsnest: Host Info: Kernel: Linux 5.16.17-sun50iw9 aarch64
[05/04/25 07:17:14] crowsnest: Host Info: Available CPU Cores: 4
[05/04/25 07:17:14] crowsnest: Host Info: Available Memory: 1010632 kB
[05/04/25 07:17:14] crowsnest: Host Info: Diskspace (avail. / total): 24G / 29G
[05/04/25 07:17:14] crowsnest: INFO: Checking Dependencies
[05/04/25 07:17:15] crowsnest: Dependency: 'crudini' found in /usr/bin/crudini.
[05/04/25 07:17:15] crowsnest: Dependency: 'find' found in /usr/bin/find.
[05/04/25 07:17:15] crowsnest: Dependency: 'xargs' found in /usr/bin/xargs.
[05/04/25 07:17:15] crowsnest: Dependency: 'ustreamer' found in bin/ustreamer/src/ustreamer.bin.
[05/04/25 07:17:15] crowsnest: Version Control: ustreamer is up to date. (v6.31)
[05/04/25 07:17:15] crowsnest: INFO: Print Configfile: '/home/biqu/printer_data/config/crowsnest.conf'
[05/04/25 07:17:15] crowsnest:		[crowsnest]
[05/04/25 07:17:15] crowsnest:		log_path: ~/printer_data/logs/crowsnest.log
[05/04/25 07:17:15] crowsnest:		log_level: verbose
[05/04/25 07:17:15] crowsnest:		delete_log: false
[05/04/25 07:17:15] crowsnest:		no_proxy: false
[05/04/25 07:17:15] crowsnest:		
[05/04/25 07:17:15] crowsnest:		[cam 1]
[05/04/25 07:17:15] crowsnest:		mode: ustreamer
[05/04/25 07:17:15] crowsnest:		
[05/04/25 07:17:15] crowsnest:		enable_rtsp: false
[05/04/25 07:17:15] crowsnest:		rtsp_port: 8554
[05/04/25 07:17:15] crowsnest:		port: 8080
[05/04/25 07:17:15] crowsnest:		device: /dev/video0
[05/04/25 07:17:15] crowsnest:		resolution: 1280x720
[05/04/25 07:17:15] crowsnest:		max_fps: 30
[05/04/25 07:17:15] crowsnest: INFO: Detect available Devices
[05/04/25 07:17:15] crowsnest: INFO: Found 1 total available Device(s)
[05/04/25 07:17:15] crowsnest: INFO: Found 1 available v4l2 (UVC) camera(s)
[05/04/25 07:17:15] crowsnest: /dev/v4l/by-id/usb-HHW_microelectronics_Co.__Ltd._MGS1-video-index0 -> /dev/video0
[05/04/25 07:17:15] crowsnest: Supported Formats:
[05/04/25 07:17:15] crowsnest:		[0]: 'MJPG' (Motion-JPEG, compressed)
[05/04/25 07:17:15] crowsnest:		Size: Discrete 1280x720
[05/04/25 07:17:15] crowsnest:		Interval: Discrete 0.033s (30.000 fps)
[05/04/25 07:17:15] crowsnest:		Interval: Discrete 0.040s (25.000 fps)
[05/04/25 07:17:15] crowsnest:		Interval: Discrete 0.050s (20.000 fps)
[05/04/25 07:17:15] crowsnest:		Interval: Discrete 0.067s (15.000 fps)
[05/04/25 07:17:15] crowsnest:		Interval: Discrete 0.100s (10.000 fps)
[05/04/25 07:17:15] crowsnest:		Interval: Discrete 0.200s (5.000 fps)
[05/04/25 07:17:15] crowsnest:		Size: Discrete 800x480
[05/04/25 07:17:15] crowsnest:		Interval: Discrete 0.033s (30.000 fps)
[05/04/25 07:17:15] crowsnest:		Interval: Discrete 0.040s (25.000 fps)
[05/04/25 07:17:15] crowsnest:		Interval: Discrete 0.050s (20.000 fps)
[05/04/25 07:17:15] crowsnest:		Interval: Discrete 0.067s (15.000 fps)
[05/04/25 07:17:15] crowsnest:		Interval: Discrete 0.100s (10.000 fps)
[05/04/25 07:17:15] crowsnest:		Interval: Discrete 0.200s (5.000 fps)
[05/04/25 07:17:15] crowsnest:		Size: Discrete 672x456
[05/04/25 07:17:15] crowsnest:		Interval: Discrete 0.033s (30.000 fps)
[05/04/25 07:17:15] crowsnest:		Interval: Discrete 0.040s (25.000 fps)
[05/04/25 07:17:15] crowsnest:		Interval: Discrete 0.050s (20.000 fps)
[05/04/25 07:17:15] crowsnest:		Interval: Discrete 0.067s (15.000 fps)
[05/04/25 07:17:15] crowsnest:		Interval: Discrete 0.100s (10.000 fps)
[05/04/25 07:17:15] crowsnest:		Interval: Discrete 0.200s (5.000 fps)
[05/04/25 07:17:15] crowsnest:		Size: Discrete 640x480
[05/04/25 07:17:15] crowsnest:		Interval: Discrete 0.033s (30.000 fps)
[05/04/25 07:17:15] crowsnest:		Interval: Discrete 0.040s (25.000 fps)
[05/04/25 07:17:15] crowsnest:		Interval: Discrete 0.050s (20.000 fps)
[05/04/25 07:17:15] crowsnest:		Interval: Discrete 0.067s (15.000 fps)
[05/04/25 07:17:15] crowsnest:		Interval: Discrete 0.100s (10.000 fps)
[05/04/25 07:17:15] crowsnest:		Interval: Discrete 0.200s (5.000 fps)
[05/04/25 07:17:15] crowsnest:		Size: Discrete 320x240
[05/04/25 07:17:15] crowsnest:		Interval: Discrete 0.033s (30.000 fps)
[05/04/25 07:17:15] crowsnest:		Interval: Discrete 0.040s (25.000 fps)
[05/04/25 07:17:15] crowsnest:		Interval: Discrete 0.050s (20.000 fps)
[05/04/25 07:17:15] crowsnest:		Interval: Discrete 0.067s (15.000 fps)
[05/04/25 07:17:15] crowsnest:		Interval: Discrete 0.100s (10.000 fps)
[05/04/25 07:17:15] crowsnest:		Interval: Discrete 0.200s (5.000 fps)
[05/04/25 07:17:15] crowsnest:		[1]: 'YUYV' (YUYV 4:2:2)
[05/04/25 07:17:15] crowsnest:		Size: Discrete 1280x720
[05/04/25 07:17:15] crowsnest:		Interval: Discrete 0.100s (10.000 fps)
[05/04/25 07:17:15] crowsnest:		Size: Discrete 800x480
[05/04/25 07:17:15] crowsnest:		Interval: Discrete 0.040s (25.000 fps)
[05/04/25 07:17:15] crowsnest:		Size: Discrete 672x456
[05/04/25 07:17:15] crowsnest:		Interval: Discrete 0.033s (30.000 fps)
[05/04/25 07:17:15] crowsnest:		Size: Discrete 640x480
[05/04/25 07:17:15] crowsnest:		Interval: Discrete 0.033s (30.000 fps)
[05/04/25 07:17:15] crowsnest:		Size: Discrete 320x240
[05/04/25 07:17:15] crowsnest:		Interval: Discrete 0.033s (30.000 fps)
[05/04/25 07:17:15] crowsnest: Supported Controls:
[05/04/25 07:17:15] crowsnest:		
[05/04/25 07:17:15] crowsnest:		User Controls
[05/04/25 07:17:15] crowsnest:		
[05/04/25 07:17:15] crowsnest:		brightness 0x00980900 (int)    : min=-64 max=64 step=1 default=0 value=0
[05/04/25 07:17:15] crowsnest:		contrast 0x00980901 (int)    : min=0 max=64 step=1 default=32 value=32
[05/04/25 07:17:15] crowsnest:		saturation 0x00980902 (int)    : min=0 max=128 step=1 default=64 value=64
[05/04/25 07:17:15] crowsnest:		hue 0x00980903 (int)    : min=-40 max=40 step=1 default=0 value=0
[05/04/25 07:17:15] crowsnest:		white_balance_automatic 0x0098090c (bool)   : default=1 value=1
[05/04/25 07:17:15] crowsnest:		gamma 0x00980910 (int)    : min=72 max=500 step=1 default=100 value=100
[05/04/25 07:17:15] crowsnest:		gain 0x00980913 (int)    : min=0 max=100 step=1 default=0 value=0
[05/04/25 07:17:15] crowsnest:		power_line_frequency 0x00980918 (menu)   : min=0 max=2 default=2 value=2
[05/04/25 07:17:15] crowsnest:		0: Disabled
[05/04/25 07:17:15] crowsnest:		1: 50 Hz
[05/04/25 07:17:15] crowsnest:		2: 60 Hz
[05/04/25 07:17:15] crowsnest:		white_balance_temperature 0x0098091a (int)    : min=2800 max=6500 step=1 default=4600 value=4600 flags=inactive
[05/04/25 07:17:15] crowsnest:		sharpness 0x0098091b (int)    : min=0 max=6 step=1 default=3 value=3
[05/04/25 07:17:15] crowsnest:		backlight_compensation 0x0098091c (int)    : min=0 max=2 step=1 default=1 value=1
[05/04/25 07:17:15] crowsnest:		
[05/04/25 07:17:15] crowsnest:		Camera Controls
[05/04/25 07:17:15] crowsnest:		
[05/04/25 07:17:15] crowsnest:		auto_exposure 0x009a0901 (menu)   : min=0 max=3 default=3 value=3
[05/04/25 07:17:15] crowsnest:		1: Manual Mode
[05/04/25 07:17:15] crowsnest:		3: Aperture Priority Mode
[05/04/25 07:17:15] crowsnest:		exposure_time_absolute 0x009a0902 (int)    : min=1 max=5000 step=1 default=156 value=156 flags=inactive
[05/04/25 07:17:15] crowsnest:		exposure_dynamic_framerate 0x009a0903 (bool)   : default=0 value=1
[05/04/25 07:17:15] crowsnest: Try to start configured Cams / Services...
[05/04/25 07:17:20] crowsnest: INFO: Configuration of Section [cam 1] looks good. Continue ...
[05/04/25 07:17:22] crowsnest: V4L2 Control: No parameters set for [cam 1]. Skipped.
[05/04/25 07:17:25] crowsnest: Starting ustreamer with Device /dev/video0 ...
[05/04/25 07:17:27] crowsnest:  ... Done!
[05/04/25 07:17:14] crowsnest: crowsnest - A webcam Service for multiple Cams and Stream Services.
[05/04/25 07:17:14] crowsnest: Version: v4.1.12-1-g9623b5f
[05/04/25 07:17:14] crowsnest: Prepare Startup ...
[05/04/25 07:17:14] crowsnest: INFO: Host information:
[05/04/25 07:17:14] crowsnest: Host Info: Distribution: Debian GNU/Linux 11 (bullseye)
[05/04/25 07:17:14] crowsnest: Host Info: Kernel: Linux 5.16.17-sun50iw9 aarch64
[05/04/25 07:17:14] crowsnest: Host Info: Available CPU Cores: 4
[05/04/25 07:17:14] crowsnest: Host Info: Available Memory: 1010632 kB
[05/04/25 07:17:14] crowsnest: Host Info: Diskspace (avail. / total): 24G / 29G
[05/04/25 07:17:14] crowsnest: INFO: Checking Dependencies
[05/04/25 07:17:15] crowsnest: Dependency: 'crudini' found in /usr/bin/crudini.
[05/04/25 07:17:15] crowsnest: Dependency: 'find' found in /usr/bin/find.
[05/04/25 07:17:15] crowsnest: Dependency: 'xargs' found in /usr/bin/xargs.
[05/04/25 07:17:15] crowsnest: Dependency: 'ustreamer' found in bin/ustreamer/src/ustreamer.bin.
[05/04/25 07:17:15] crowsnest: Version Control: ustreamer is up to date. (v6.31)
[05/04/25 07:17:15] crowsnest: INFO: Print Configfile: '/home/biqu/printer_data/config/crowsnest.conf'
[05/04/25 07:17:15] crowsnest:		[crowsnest]
[05/04/25 07:17:15] crowsnest:		log_path: ~/printer_data/logs/crowsnest.log
[05/04/25 07:17:15] crowsnest:		log_level: verbose
[05/04/25 07:17:15] crowsnest:		delete_log: false
[05/04/25 07:17:15] crowsnest:		no_proxy: false
[05/04/25 07:17:15] crowsnest:		
[05/04/25 07:17:15] crowsnest:		[cam 1]
[05/04/25 07:17:15] crowsnest:		mode: ustreamer
[05/04/25 07:17:15] crowsnest:		
[05/04/25 07:17:15] crowsnest:		enable_rtsp: false
[05/04/25 07:17:15] crowsnest:		rtsp_port: 8554
[05/04/25 07:17:15] crowsnest:		port: 8080
[05/04/25 07:17:15] crowsnest:		device: /dev/video0
[05/04/25 07:17:15] crowsnest:		resolution: 1280x720
[05/04/25 07:17:15] crowsnest:		max_fps: 30
[05/04/25 07:17:15] crowsnest: INFO: Detect available Devices
[05/04/25 07:17:15] crowsnest: INFO: Found 1 total available Device(s)
[05/04/25 07:17:15] crowsnest: INFO: Found 1 available v4l2 (UVC) camera(s)
[05/04/25 07:17:15] crowsnest: /dev/v4l/by-id/usb-HHW_microelectronics_Co.__Ltd._MGS1-video-index0 -> /dev/video0
[05/04/25 07:17:15] crowsnest: Supported Formats:
[05/04/25 07:17:15] crowsnest:		[0]: 'MJPG' (Motion-JPEG, compressed)
[05/04/25 07:17:15] crowsnest:		Size: Discrete 1280x720
[05/04/25 07:17:15] crowsnest:		Interval: Discrete 0.033s (30.000 fps)
[05/04/25 07:17:15] crowsnest:		Interval: Discrete 0.040s (25.000 fps)
[05/04/25 07:17:15] crowsnest:		Interval: Discrete 0.050s (20.000 fps)
[05/04/25 07:17:15] crowsnest:		Interval: Discrete 0.067s (15.000 fps)
[05/04/25 07:17:15] crowsnest:		Interval: Discrete 0.100s (10.000 fps)
[05/04/25 07:17:15] crowsnest:		Interval: Discrete 0.200s (5.000 fps)
[05/04/25 07:17:15] crowsnest:		Size: Discrete 800x480
[05/04/25 07:17:15] crowsnest:		Interval: Discrete 0.033s (30.000 fps)
[05/04/25 07:17:15] crowsnest:		Interval: Discrete 0.040s (25.000 fps)
[05/04/25 07:17:15] crowsnest:		Interval: Discrete 0.050s (20.000 fps)
[05/04/25 07:17:15] crowsnest:		Interval: Discrete 0.067s (15.000 fps)
[05/04/25 07:17:15] crowsnest:		Interval: Discrete 0.100s (10.000 fps)
[05/04/25 07:17:15] crowsnest:		Interval: Discrete 0.200s (5.000 fps)
[05/04/25 07:17:15] crowsnest:		Size: Discrete 672x456
[05/04/25 07:17:15] crowsnest:		Interval: Discrete 0.033s (30.000 fps)
[05/04/25 07:17:15] crowsnest:		Interval: Discrete 0.040s (25.000 fps)
[05/04/25 07:17:15] crowsnest:		Interval: Discrete 0.050s (20.000 fps)
[05/04/25 07:17:15] crowsnest:		Interval: Discrete 0.067s (15.000 fps)
[05/04/25 07:17:15] crowsnest:		Interval: Discrete 0.100s (10.000 fps)
[05/04/25 07:17:15] crowsnest:		Interval: Discrete 0.200s (5.000 fps)
[05/04/25 07:17:15] crowsnest:		Size: Discrete 640x480
[05/04/25 07:17:15] crowsnest:		Interval: Discrete 0.033s (30.000 fps)
[05/04/25 07:17:15] crowsnest:		Interval: Discrete 0.040s (25.000 fps)
[05/04/25 07:17:15] crowsnest:		Interval: Discrete 0.050s (20.000 fps)
[05/04/25 07:17:15] crowsnest:		Interval: Discrete 0.067s (15.000 fps)
[05/04/25 07:17:15] crowsnest:		Interval: Discrete 0.100s (10.000 fps)
[05/04/25 07:17:15] crowsnest:		Interval: Discrete 0.200s (5.000 fps)
[05/04/25 07:17:15] crowsnest:		Size: Discrete 320x240
[05/04/25 07:17:15] crowsnest:		Interval: Discrete 0.033s (30.000 fps)
[05/04/25 07:17:15] crowsnest:		Interval: Discrete 0.040s (25.000 fps)
[05/04/25 07:17:15] crowsnest:		Interval: Discrete 0.050s (20.000 fps)
[05/04/25 07:17:15] crowsnest:		Interval: Discrete 0.067s (15.000 fps)
[05/04/25 07:17:15] crowsnest:		Interval: Discrete 0.100s (10.000 fps)
[05/04/25 07:17:15] crowsnest:		Interval: Discrete 0.200s (5.000 fps)
[05/04/25 07:17:15] crowsnest:		[1]: 'YUYV' (YUYV 4:2:2)
[05/04/25 07:17:15] crowsnest:		Size: Discrete 1280x720
[05/04/25 07:17:15] crowsnest:		Interval: Discrete 0.100s (10.000 fps)
[05/04/25 07:17:15] crowsnest:		Size: Discrete 800x480
[05/04/25 07:17:15] crowsnest:		Interval: Discrete 0.040s (25.000 fps)
[05/04/25 07:17:15] crowsnest:		Size: Discrete 672x456
[05/04/25 07:17:15] crowsnest:		Interval: Discrete 0.033s (30.000 fps)
[05/04/25 07:17:15] crowsnest:		Size: Discrete 640x480
[05/04/25 07:17:15] crowsnest:		Interval: Discrete 0.033s (30.000 fps)
[05/04/25 07:17:15] crowsnest:		Size: Discrete 320x240
[05/04/25 07:17:15] crowsnest:		Interval: Discrete 0.033s (30.000 fps)
[05/04/25 07:17:15] crowsnest: Supported Controls:
[05/04/25 07:17:15] crowsnest:		
[05/04/25 07:17:15] crowsnest:		User Controls
[05/04/25 07:17:15] crowsnest:		
[05/04/25 07:17:15] crowsnest:		brightness 0x00980900 (int)    : min=-64 max=64 step=1 default=0 value=0
[05/04/25 07:17:15] crowsnest:		contrast 0x00980901 (int)    : min=0 max=64 step=1 default=32 value=32
[05/04/25 07:17:15] crowsnest:		saturation 0x00980902 (int)    : min=0 max=128 step=1 default=64 value=64
[05/04/25 07:17:15] crowsnest:		hue 0x00980903 (int)    : min=-40 max=40 step=1 default=0 value=0
[05/04/25 07:17:15] crowsnest:		white_balance_automatic 0x0098090c (bool)   : default=1 value=1
[05/04/25 07:17:15] crowsnest:		gamma 0x00980910 (int)    : min=72 max=500 step=1 default=100 value=100
[05/04/25 07:17:15] crowsnest:		gain 0x00980913 (int)    : min=0 max=100 step=1 default=0 value=0
[05/04/25 07:17:15] crowsnest:		power_line_frequency 0x00980918 (menu)   : min=0 max=2 default=2 value=2
[05/04/25 07:17:15] crowsnest:		0: Disabled
[05/04/25 07:17:15] crowsnest:		1: 50 Hz
[05/04/25 07:17:15] crowsnest:		2: 60 Hz
[05/04/25 07:17:15] crowsnest:		white_balance_temperature 0x0098091a (int)    : min=2800 max=6500 step=1 default=4600 value=4600 flags=inactive
[05/04/25 07:17:15] crowsnest:		sharpness 0x0098091b (int)    : min=0 max=6 step=1 default=3 value=3
[05/04/25 07:17:15] crowsnest:		backlight_compensation 0x0098091c (int)    : min=0 max=2 step=1 default=1 value=1
[05/04/25 07:17:15] crowsnest:		
[05/04/25 07:17:15] crowsnest:		Camera Controls
[05/04/25 07:17:15] crowsnest:		
[05/04/25 07:17:15] crowsnest:		auto_exposure 0x009a0901 (menu)   : min=0 max=3 default=3 value=3
[05/04/25 07:17:15] crowsnest:		1: Manual Mode
[05/04/25 07:17:15] crowsnest:		3: Aperture Priority Mode
[05/04/25 07:17:15] crowsnest:		exposure_time_absolute 0x009a0902 (int)    : min=1 max=5000 step=1 default=156 value=156 flags=inactive
[05/04/25 07:17:15] crowsnest:		exposure_dynamic_framerate 0x009a0903 (bool)   : default=0 value=1
[05/04/25 07:17:15] crowsnest: Try to start configured Cams / Services...
[05/04/25 07:17:20] crowsnest: INFO: Configuration of Section [cam 1] looks good. Continue ...
[05/04/25 07:17:21] crowsnest: V4L2 Control: No parameters set for [cam 1]. Skipped.
[05/04/25 07:17:25] crowsnest: Starting ustreamer with Device /dev/video0 ...
[05/04/25 07:17:26] crowsnest:  ... Done!
[05/06/25 12:12:43] crowsnest: Shutdown or Killed by User!
[05/06/25 12:12:43] crowsnest: Please come again :)
[05/06/25 12:12:43] crowsnest: Goodbye...
[05/06/25 12:12:54] crowsnest: crowsnest - A webcam Service for multiple Cams and Stream Services.
[05/06/25 12:12:54] crowsnest: Version: v4.1.12-1-g9623b5f
[05/06/25 12:12:54] crowsnest: Prepare Startup ...
[05/06/25 12:12:55] crowsnest: INFO: Host information:
[05/06/25 12:12:55] crowsnest: Host Info: Distribution: Debian GNU/Linux 11 (bullseye)
[05/06/25 12:12:55] crowsnest: Host Info: Kernel: Linux 5.16.17-sun50iw9 aarch64
[05/06/25 12:12:55] crowsnest: Host Info: Available CPU Cores: 4
[05/06/25 12:12:55] crowsnest: Host Info: Available Memory: 1010632 kB
[05/06/25 12:12:55] crowsnest: Host Info: Diskspace (avail. / total): 24G / 29G
[05/06/25 12:12:55] crowsnest: INFO: Checking Dependencies
[05/06/25 12:12:55] crowsnest: Dependency: 'crudini' found in /usr/bin/crudini.
[05/06/25 12:12:55] crowsnest: Dependency: 'find' found in /usr/bin/find.
[05/06/25 12:12:55] crowsnest: Dependency: 'xargs' found in /usr/bin/xargs.
[05/06/25 12:12:55] crowsnest: Dependency: 'ustreamer' found in bin/ustreamer/src/ustreamer.bin.
[05/06/25 12:12:55] crowsnest: Version Control: ustreamer is up to date. (v6.31)
[05/06/25 12:12:55] crowsnest: INFO: Print Configfile: '/home/biqu/printer_data/config/crowsnest.conf'
[05/06/25 12:12:55] crowsnest:		[crowsnest]
[05/06/25 12:12:55] crowsnest:		log_path: ~/printer_data/logs/crowsnest.log
[05/06/25 12:12:55] crowsnest:		log_level: verbose
[05/06/25 12:12:55] crowsnest:		delete_log: false
[05/06/25 12:12:55] crowsnest:		no_proxy: false
[05/06/25 12:12:55] crowsnest:		
[05/06/25 12:12:55] crowsnest:		[cam 1]
[05/06/25 12:12:55] crowsnest:		mode: ustreamer
[05/06/25 12:12:55] crowsnest:		
[05/06/25 12:12:55] crowsnest:		enable_rtsp: false
[05/06/25 12:12:55] crowsnest:		rtsp_port: 8554
[05/06/25 12:12:55] crowsnest:		port: 8080
[05/06/25 12:12:55] crowsnest:		device: /dev/video0
[05/06/25 12:12:55] crowsnest:		resolution: 1280x720
[05/06/25 12:12:55] crowsnest:		max_fps: 30
[05/06/25 12:12:55] crowsnest: INFO: Detect available Devices
[05/06/25 12:12:55] crowsnest: INFO: Found 1 total available Device(s)
[05/06/25 12:12:55] crowsnest: INFO: Found 1 available v4l2 (UVC) camera(s)
[05/06/25 12:12:55] crowsnest: /dev/v4l/by-id/usb-HHW_microelectronics_Co.__Ltd._MGS1-video-index0 -> /dev/video0
[05/06/25 12:12:55] crowsnest: Supported Formats:
[05/06/25 12:12:55] crowsnest:		[0]: 'MJPG' (Motion-JPEG, compressed)
[05/06/25 12:12:55] crowsnest:		Size: Discrete 1280x720
[05/06/25 12:12:55] crowsnest:		Interval: Discrete 0.033s (30.000 fps)
[05/06/25 12:12:55] crowsnest:		Interval: Discrete 0.040s (25.000 fps)
[05/06/25 12:12:55] crowsnest:		Interval: Discrete 0.050s (20.000 fps)
[05/06/25 12:12:55] crowsnest:		Interval: Discrete 0.067s (15.000 fps)
[05/06/25 12:12:55] crowsnest:		Interval: Discrete 0.100s (10.000 fps)
[05/06/25 12:12:55] crowsnest:		Interval: Discrete 0.200s (5.000 fps)
[05/06/25 12:12:55] crowsnest:		Size: Discrete 800x480
[05/06/25 12:12:55] crowsnest:		Interval: Discrete 0.033s (30.000 fps)
[05/06/25 12:12:55] crowsnest:		Interval: Discrete 0.040s (25.000 fps)
[05/06/25 12:12:55] crowsnest:		Interval: Discrete 0.050s (20.000 fps)
[05/06/25 12:12:55] crowsnest:		Interval: Discrete 0.067s (15.000 fps)
[05/06/25 12:12:55] crowsnest:		Interval: Discrete 0.100s (10.000 fps)
[05/06/25 12:12:55] crowsnest:		Interval: Discrete 0.200s (5.000 fps)
[05/06/25 12:12:55] crowsnest:		Size: Discrete 672x456
[05/06/25 12:12:55] crowsnest:		Interval: Discrete 0.033s (30.000 fps)
[05/06/25 12:12:55] crowsnest:		Interval: Discrete 0.040s (25.000 fps)
[05/06/25 12:12:55] crowsnest:		Interval: Discrete 0.050s (20.000 fps)
[05/06/25 12:12:55] crowsnest:		Interval: Discrete 0.067s (15.000 fps)
[05/06/25 12:12:55] crowsnest:		Interval: Discrete 0.100s (10.000 fps)
[05/06/25 12:12:55] crowsnest:		Interval: Discrete 0.200s (5.000 fps)
[05/06/25 12:12:55] crowsnest:		Size: Discrete 640x480
[05/06/25 12:12:55] crowsnest:		Interval: Discrete 0.033s (30.000 fps)
[05/06/25 12:12:55] crowsnest:		Interval: Discrete 0.040s (25.000 fps)
[05/06/25 12:12:55] crowsnest:		Interval: Discrete 0.050s (20.000 fps)
[05/06/25 12:12:55] crowsnest:		Interval: Discrete 0.067s (15.000 fps)
[05/06/25 12:12:55] crowsnest:		Interval: Discrete 0.100s (10.000 fps)
[05/06/25 12:12:55] crowsnest:		Interval: Discrete 0.200s (5.000 fps)
[05/06/25 12:12:55] crowsnest:		Size: Discrete 320x240
[05/06/25 12:12:55] crowsnest:		Interval: Discrete 0.033s (30.000 fps)
[05/06/25 12:12:55] crowsnest:		Interval: Discrete 0.040s (25.000 fps)
[05/06/25 12:12:55] crowsnest:		Interval: Discrete 0.050s (20.000 fps)
[05/06/25 12:12:55] crowsnest:		Interval: Discrete 0.067s (15.000 fps)
[05/06/25 12:12:55] crowsnest:		Interval: Discrete 0.100s (10.000 fps)
[05/06/25 12:12:55] crowsnest:		Interval: Discrete 0.200s (5.000 fps)
[05/06/25 12:12:55] crowsnest:		[1]: 'YUYV' (YUYV 4:2:2)
[05/06/25 12:12:55] crowsnest:		Size: Discrete 1280x720
[05/06/25 12:12:55] crowsnest:		Interval: Discrete 0.100s (10.000 fps)
[05/06/25 12:12:55] crowsnest:		Size: Discrete 800x480
[05/06/25 12:12:55] crowsnest:		Interval: Discrete 0.040s (25.000 fps)
[05/06/25 12:12:55] crowsnest:		Size: Discrete 672x456
[05/06/25 12:12:55] crowsnest:		Interval: Discrete 0.033s (30.000 fps)
[05/06/25 12:12:55] crowsnest:		Size: Discrete 640x480
[05/06/25 12:12:55] crowsnest:		Interval: Discrete 0.033s (30.000 fps)
[05/06/25 12:12:55] crowsnest:		Size: Discrete 320x240
[05/06/25 12:12:55] crowsnest:		Interval: Discrete 0.033s (30.000 fps)
[05/06/25 12:12:56] crowsnest: Supported Controls:
[05/06/25 12:12:56] crowsnest:		
[05/06/25 12:12:56] crowsnest:		User Controls
[05/06/25 12:12:56] crowsnest:		
[05/06/25 12:12:56] crowsnest:		brightness 0x00980900 (int)    : min=-64 max=64 step=1 default=0 value=0
[05/06/25 12:12:56] crowsnest:		contrast 0x00980901 (int)    : min=0 max=64 step=1 default=32 value=32
[05/06/25 12:12:56] crowsnest:		saturation 0x00980902 (int)    : min=0 max=128 step=1 default=64 value=64
[05/06/25 12:12:56] crowsnest:		hue 0x00980903 (int)    : min=-40 max=40 step=1 default=0 value=0
[05/06/25 12:12:56] crowsnest:		white_balance_automatic 0x0098090c (bool)   : default=1 value=1
[05/06/25 12:12:56] crowsnest:		gamma 0x00980910 (int)    : min=72 max=500 step=1 default=100 value=100
[05/06/25 12:12:56] crowsnest:		gain 0x00980913 (int)    : min=0 max=100 step=1 default=0 value=0
[05/06/25 12:12:56] crowsnest:		power_line_frequency 0x00980918 (menu)   : min=0 max=2 default=2 value=2
[05/06/25 12:12:56] crowsnest:		0: Disabled
[05/06/25 12:12:56] crowsnest:		1: 50 Hz
[05/06/25 12:12:56] crowsnest:		2: 60 Hz
[05/06/25 12:12:56] crowsnest:		white_balance_temperature 0x0098091a (int)    : min=2800 max=6500 step=1 default=4600 value=4600 flags=inactive
[05/06/25 12:12:56] crowsnest:		sharpness 0x0098091b (int)    : min=0 max=6 step=1 default=3 value=3
[05/06/25 12:12:56] crowsnest:		backlight_compensation 0x0098091c (int)    : min=0 max=2 step=1 default=1 value=1
[05/06/25 12:12:56] crowsnest:		
[05/06/25 12:12:56] crowsnest:		Camera Controls
[05/06/25 12:12:56] crowsnest:		
[05/06/25 12:12:56] crowsnest:		auto_exposure 0x009a0901 (menu)   : min=0 max=3 default=3 value=3
[05/06/25 12:12:56] crowsnest:		1: Manual Mode
[05/06/25 12:12:56] crowsnest:		3: Aperture Priority Mode
[05/06/25 12:12:56] crowsnest:		exposure_time_absolute 0x009a0902 (int)    : min=1 max=5000 step=1 default=156 value=156 flags=inactive
[05/06/25 12:12:56] crowsnest:		exposure_dynamic_framerate 0x009a0903 (bool)   : default=0 value=1
[05/06/25 12:12:56] crowsnest: Try to start configured Cams / Services...
[05/06/25 12:13:00] crowsnest: INFO: Configuration of Section [cam 1] looks good. Continue ...
[05/06/25 12:13:02] crowsnest: V4L2 Control: No parameters set for [cam 1]. Skipped.
[05/06/25 12:13:06] crowsnest: Starting ustreamer with Device /dev/video0 ...
[05/06/25 12:13:07] crowsnest:  ... Done!
[05/06/25 14:28:26] crowsnest: Shutdown or Killed by User!
[05/06/25 14:28:26] crowsnest: Please come again :)
[05/06/25 14:28:26] crowsnest: Goodbye...
[05/06/25 14:28:38] crowsnest: crowsnest - A webcam Service for multiple Cams and Stream Services.
[05/06/25 14:28:38] crowsnest: Version: v4.1.12-1-g9623b5f
[05/06/25 14:28:38] crowsnest: Prepare Startup ...
[05/06/25 14:28:38] crowsnest: INFO: Host information:
[05/06/25 14:28:38] crowsnest: Host Info: Distribution: Debian GNU/Linux 11 (bullseye)
[05/06/25 14:28:38] crowsnest: Host Info: Kernel: Linux 5.16.17-sun50iw9 aarch64
[05/06/25 14:28:38] crowsnest: Host Info: Available CPU Cores: 4
[05/06/25 14:28:38] crowsnest: Host Info: Available Memory: 1010632 kB
[05/06/25 14:28:38] crowsnest: Host Info: Diskspace (avail. / total): 24G / 29G
[05/06/25 14:28:38] crowsnest: INFO: Checking Dependencies
[05/06/25 14:28:38] crowsnest: Dependency: 'crudini' found in /usr/bin/crudini.
[05/06/25 14:28:38] crowsnest: Dependency: 'find' found in /usr/bin/find.
[05/06/25 14:28:38] crowsnest: Dependency: 'xargs' found in /usr/bin/xargs.
[05/06/25 14:28:38] crowsnest: Dependency: 'ustreamer' found in bin/ustreamer/src/ustreamer.bin.
[05/06/25 14:28:39] crowsnest: Version Control: ustreamer is up to date. (v6.31)
[05/06/25 14:28:39] crowsnest: INFO: Print Configfile: '/home/biqu/printer_data/config/crowsnest.conf'
[05/06/25 14:28:39] crowsnest:		[crowsnest]
[05/06/25 14:28:39] crowsnest:		log_path: ~/printer_data/logs/crowsnest.log
[05/06/25 14:28:39] crowsnest:		log_level: verbose
[05/06/25 14:28:39] crowsnest:		delete_log: false
[05/06/25 14:28:39] crowsnest:		no_proxy: false
[05/06/25 14:28:39] crowsnest:		
[05/06/25 14:28:39] crowsnest:		[cam 1]
[05/06/25 14:28:39] crowsnest:		mode: ustreamer
[05/06/25 14:28:39] crowsnest:		
[05/06/25 14:28:39] crowsnest:		enable_rtsp: false
[05/06/25 14:28:39] crowsnest:		rtsp_port: 8554
[05/06/25 14:28:39] crowsnest:		port: 8080
[05/06/25 14:28:39] crowsnest:		device: /dev/video0
[05/06/25 14:28:39] crowsnest:		resolution: 1280x720
[05/06/25 14:28:39] crowsnest:		max_fps: 30
[05/06/25 14:28:39] crowsnest: INFO: Detect available Devices
[05/06/25 14:28:39] crowsnest: INFO: Found 1 total available Device(s)
[05/06/25 14:28:39] crowsnest: INFO: Found 1 available v4l2 (UVC) camera(s)
[05/06/25 14:28:39] crowsnest: /dev/v4l/by-id/usb-HHW_microelectronics_Co.__Ltd._MGS1-video-index0 -> /dev/video0
[05/06/25 14:28:39] crowsnest: Supported Formats:
[05/06/25 14:28:39] crowsnest:		[0]: 'MJPG' (Motion-JPEG, compressed)
[05/06/25 14:28:39] crowsnest:		Size: Discrete 1280x720
[05/06/25 14:28:39] crowsnest:		Interval: Discrete 0.033s (30.000 fps)
[05/06/25 14:28:39] crowsnest:		Interval: Discrete 0.040s (25.000 fps)
[05/06/25 14:28:39] crowsnest:		Interval: Discrete 0.050s (20.000 fps)
[05/06/25 14:28:39] crowsnest:		Interval: Discrete 0.067s (15.000 fps)
[05/06/25 14:28:39] crowsnest:		Interval: Discrete 0.100s (10.000 fps)
[05/06/25 14:28:39] crowsnest:		Interval: Discrete 0.200s (5.000 fps)
[05/06/25 14:28:39] crowsnest:		Size: Discrete 800x480
[05/06/25 14:28:39] crowsnest:		Interval: Discrete 0.033s (30.000 fps)
[05/06/25 14:28:39] crowsnest:		Interval: Discrete 0.040s (25.000 fps)
[05/06/25 14:28:39] crowsnest:		Interval: Discrete 0.050s (20.000 fps)
[05/06/25 14:28:39] crowsnest:		Interval: Discrete 0.067s (15.000 fps)
[05/06/25 14:28:39] crowsnest:		Interval: Discrete 0.100s (10.000 fps)
[05/06/25 14:28:39] crowsnest:		Interval: Discrete 0.200s (5.000 fps)
[05/06/25 14:28:39] crowsnest:		Size: Discrete 672x456
[05/06/25 14:28:39] crowsnest:		Interval: Discrete 0.033s (30.000 fps)
[05/06/25 14:28:39] crowsnest:		Interval: Discrete 0.040s (25.000 fps)
[05/06/25 14:28:39] crowsnest:		Interval: Discrete 0.050s (20.000 fps)
[05/06/25 14:28:39] crowsnest:		Interval: Discrete 0.067s (15.000 fps)
[05/06/25 14:28:39] crowsnest:		Interval: Discrete 0.100s (10.000 fps)
[05/06/25 14:28:39] crowsnest:		Interval: Discrete 0.200s (5.000 fps)
[05/06/25 14:28:39] crowsnest:		Size: Discrete 640x480
[05/06/25 14:28:39] crowsnest:		Interval: Discrete 0.033s (30.000 fps)
[05/06/25 14:28:39] crowsnest:		Interval: Discrete 0.040s (25.000 fps)
[05/06/25 14:28:39] crowsnest:		Interval: Discrete 0.050s (20.000 fps)
[05/06/25 14:28:39] crowsnest:		Interval: Discrete 0.067s (15.000 fps)
[05/06/25 14:28:39] crowsnest:		Interval: Discrete 0.100s (10.000 fps)
[05/06/25 14:28:39] crowsnest:		Interval: Discrete 0.200s (5.000 fps)
[05/06/25 14:28:39] crowsnest:		Size: Discrete 320x240
[05/06/25 14:28:39] crowsnest:		Interval: Discrete 0.033s (30.000 fps)
[05/06/25 14:28:39] crowsnest:		Interval: Discrete 0.040s (25.000 fps)
[05/06/25 14:28:39] crowsnest:		Interval: Discrete 0.050s (20.000 fps)
[05/06/25 14:28:39] crowsnest:		Interval: Discrete 0.067s (15.000 fps)
[05/06/25 14:28:39] crowsnest:		Interval: Discrete 0.100s (10.000 fps)
[05/06/25 14:28:39] crowsnest:		Interval: Discrete 0.200s (5.000 fps)
[05/06/25 14:28:39] crowsnest:		[1]: 'YUYV' (YUYV 4:2:2)
[05/06/25 14:28:39] crowsnest:		Size: Discrete 1280x720
[05/06/25 14:28:39] crowsnest:		Interval: Discrete 0.100s (10.000 fps)
[05/06/25 14:28:39] crowsnest:		Size: Discrete 800x480
[05/06/25 14:28:39] crowsnest:		Interval: Discrete 0.040s (25.000 fps)
[05/06/25 14:28:39] crowsnest:		Size: Discrete 672x456
[05/06/25 14:28:39] crowsnest:		Interval: Discrete 0.033s (30.000 fps)
[05/06/25 14:28:39] crowsnest:		Size: Discrete 640x480
[05/06/25 14:28:39] crowsnest:		Interval: Discrete 0.033s (30.000 fps)
[05/06/25 14:28:39] crowsnest:		Size: Discrete 320x240
[05/06/25 14:28:39] crowsnest:		Interval: Discrete 0.033s (30.000 fps)
[05/06/25 14:28:39] crowsnest: Supported Controls:
[05/06/25 14:28:39] crowsnest:		
[05/06/25 14:28:39] crowsnest:		User Controls
[05/06/25 14:28:39] crowsnest:		
[05/06/25 14:28:39] crowsnest:		brightness 0x00980900 (int)    : min=-64 max=64 step=1 default=0 value=0
[05/06/25 14:28:39] crowsnest:		contrast 0x00980901 (int)    : min=0 max=64 step=1 default=32 value=32
[05/06/25 14:28:39] crowsnest:		saturation 0x00980902 (int)    : min=0 max=128 step=1 default=64 value=64
[05/06/25 14:28:39] crowsnest:		hue 0x00980903 (int)    : min=-40 max=40 step=1 default=0 value=0
[05/06/25 14:28:39] crowsnest:		white_balance_automatic 0x0098090c (bool)   : default=1 value=1
[05/06/25 14:28:39] crowsnest:		gamma 0x00980910 (int)    : min=72 max=500 step=1 default=100 value=100
[05/06/25 14:28:39] crowsnest:		gain 0x00980913 (int)    : min=0 max=100 step=1 default=0 value=0
[05/06/25 14:28:39] crowsnest:		power_line_frequency 0x00980918 (menu)   : min=0 max=2 default=2 value=2
[05/06/25 14:28:39] crowsnest:		0: Disabled
[05/06/25 14:28:39] crowsnest:		1: 50 Hz
[05/06/25 14:28:39] crowsnest:		2: 60 Hz
[05/06/25 14:28:39] crowsnest:		white_balance_temperature 0x0098091a (int)    : min=2800 max=6500 step=1 default=4600 value=4600 flags=inactive
[05/06/25 14:28:39] crowsnest:		sharpness 0x0098091b (int)    : min=0 max=6 step=1 default=3 value=3
[05/06/25 14:28:39] crowsnest:		backlight_compensation 0x0098091c (int)    : min=0 max=2 step=1 default=1 value=1
[05/06/25 14:28:39] crowsnest:		
[05/06/25 14:28:39] crowsnest:		Camera Controls
[05/06/25 14:28:39] crowsnest:		
[05/06/25 14:28:39] crowsnest:		auto_exposure 0x009a0901 (menu)   : min=0 max=3 default=3 value=3
[05/06/25 14:28:39] crowsnest:		1: Manual Mode
[05/06/25 14:28:39] crowsnest:		3: Aperture Priority Mode
[05/06/25 14:28:39] crowsnest:		exposure_time_absolute 0x009a0902 (int)    : min=1 max=5000 step=1 default=156 value=156 flags=inactive
[05/06/25 14:28:39] crowsnest:		exposure_dynamic_framerate 0x009a0903 (bool)   : default=0 value=1
[05/06/25 14:28:39] crowsnest: Try to start configured Cams / Services...
[05/06/25 14:28:44] crowsnest: INFO: Configuration of Section [cam 1] looks good. Continue ...
[05/06/25 14:28:45] crowsnest: V4L2 Control: No parameters set for [cam 1]. Skipped.
[05/06/25 14:28:49] crowsnest: Starting ustreamer with Device /dev/video0 ...
[05/06/25 14:28:50] crowsnest:  ... Done!
[05/06/25 22:58:59] crowsnest: crowsnest - A webcam Service for multiple Cams and Stream Services.
[05/06/25 22:59:00] crowsnest: Version: v4.1.12-1-g9623b5f
[05/06/25 22:59:00] crowsnest: Prepare Startup ...
[05/06/25 22:59:00] crowsnest: INFO: Host information:
[05/06/25 22:59:00] crowsnest: Host Info: Distribution: Debian GNU/Linux 11 (bullseye)
[05/06/25 22:59:00] crowsnest: Host Info: Kernel: Linux 5.16.17-sun50iw9 aarch64
[05/06/25 22:59:00] crowsnest: Host Info: Available CPU Cores: 4
[05/06/25 22:59:00] crowsnest: Host Info: Available Memory: 1010632 kB
[05/06/25 22:59:00] crowsnest: Host Info: Diskspace (avail. / total): 24G / 29G
[05/06/25 22:59:00] crowsnest: INFO: Checking Dependencies
[05/06/25 22:59:00] crowsnest: Dependency: 'crudini' found in /usr/bin/crudini.
[05/06/25 22:59:00] crowsnest: Dependency: 'find' found in /usr/bin/find.
[05/06/25 22:59:00] crowsnest: Dependency: 'xargs' found in /usr/bin/xargs.
[05/06/25 22:59:00] crowsnest: Dependency: 'ustreamer' found in bin/ustreamer/src/ustreamer.bin.
[05/06/25 22:59:00] crowsnest: Version Control: ustreamer is up to date. (v6.31)
[05/06/25 22:59:00] crowsnest: INFO: Print Configfile: '/home/biqu/printer_data/config/crowsnest.conf'
[05/06/25 22:59:00] crowsnest:		[crowsnest]
[05/06/25 22:59:00] crowsnest:		log_path: ~/printer_data/logs/crowsnest.log
[05/06/25 22:59:00] crowsnest:		log_level: verbose
[05/06/25 22:59:00] crowsnest:		delete_log: false
[05/06/25 22:59:00] crowsnest:		no_proxy: false
[05/06/25 22:59:00] crowsnest:		
[05/06/25 22:59:00] crowsnest:		[cam 1]
[05/06/25 22:59:00] crowsnest:		mode: ustreamer
[05/06/25 22:59:00] crowsnest:		
[05/06/25 22:59:00] crowsnest:		enable_rtsp: false
[05/06/25 22:59:00] crowsnest:		rtsp_port: 8554
[05/06/25 22:59:00] crowsnest:		port: 8080
[05/06/25 22:59:00] crowsnest:		device: /dev/video0
[05/06/25 22:59:00] crowsnest:		resolution: 1280x720
[05/06/25 22:59:00] crowsnest:		max_fps: 30
[05/06/25 22:59:00] crowsnest: INFO: Detect available Devices
[05/06/25 22:59:01] crowsnest: INFO: Found 1 total available Device(s)
[05/06/25 22:59:01] crowsnest: INFO: Found 1 available v4l2 (UVC) camera(s)
[05/06/25 22:59:01] crowsnest: /dev/v4l/by-id/usb-HHW_microelectronics_Co.__Ltd._MGS1-video-index0 -> /dev/video0
[05/06/25 22:59:01] crowsnest: Supported Formats:
[05/06/25 22:59:01] crowsnest:		[0]: 'MJPG' (Motion-JPEG, compressed)
[05/06/25 22:59:01] crowsnest:		Size: Discrete 1280x720
[05/06/25 22:59:01] crowsnest:		Interval: Discrete 0.033s (30.000 fps)
[05/06/25 22:59:01] crowsnest:		Interval: Discrete 0.040s (25.000 fps)
[05/06/25 22:59:01] crowsnest:		Interval: Discrete 0.050s (20.000 fps)
[05/06/25 22:59:01] crowsnest:		Interval: Discrete 0.067s (15.000 fps)
[05/06/25 22:59:01] crowsnest:		Interval: Discrete 0.100s (10.000 fps)
[05/06/25 22:59:01] crowsnest:		Interval: Discrete 0.200s (5.000 fps)
[05/06/25 22:59:01] crowsnest:		Size: Discrete 800x480
[05/06/25 22:59:01] crowsnest:		Interval: Discrete 0.033s (30.000 fps)
[05/06/25 22:59:01] crowsnest:		Interval: Discrete 0.040s (25.000 fps)
[05/06/25 22:59:01] crowsnest:		Interval: Discrete 0.050s (20.000 fps)
[05/06/25 22:59:01] crowsnest:		Interval: Discrete 0.067s (15.000 fps)
[05/06/25 22:59:01] crowsnest:		Interval: Discrete 0.100s (10.000 fps)
[05/06/25 22:59:01] crowsnest:		Interval: Discrete 0.200s (5.000 fps)
[05/06/25 22:59:01] crowsnest:		Size: Discrete 672x456
[05/06/25 22:59:01] crowsnest:		Interval: Discrete 0.033s (30.000 fps)
[05/06/25 22:59:01] crowsnest:		Interval: Discrete 0.040s (25.000 fps)
[05/06/25 22:59:01] crowsnest:		Interval: Discrete 0.050s (20.000 fps)
[05/06/25 22:59:01] crowsnest:		Interval: Discrete 0.067s (15.000 fps)
[05/06/25 22:59:01] crowsnest:		Interval: Discrete 0.100s (10.000 fps)
[05/06/25 22:59:01] crowsnest:		Interval: Discrete 0.200s (5.000 fps)
[05/06/25 22:59:01] crowsnest:		Size: Discrete 640x480
[05/06/25 22:59:01] crowsnest:		Interval: Discrete 0.033s (30.000 fps)
[05/06/25 22:59:01] crowsnest:		Interval: Discrete 0.040s (25.000 fps)
[05/06/25 22:59:01] crowsnest:		Interval: Discrete 0.050s (20.000 fps)
[05/06/25 22:59:01] crowsnest:		Interval: Discrete 0.067s (15.000 fps)
[05/06/25 22:59:01] crowsnest:		Interval: Discrete 0.100s (10.000 fps)
[05/06/25 22:59:01] crowsnest:		Interval: Discrete 0.200s (5.000 fps)
[05/06/25 22:59:01] crowsnest:		Size: Discrete 320x240
[05/06/25 22:59:01] crowsnest:		Interval: Discrete 0.033s (30.000 fps)
[05/06/25 22:59:01] crowsnest:		Interval: Discrete 0.040s (25.000 fps)
[05/06/25 22:59:01] crowsnest:		Interval: Discrete 0.050s (20.000 fps)
[05/06/25 22:59:01] crowsnest:		Interval: Discrete 0.067s (15.000 fps)
[05/06/25 22:59:01] crowsnest:		Interval: Discrete 0.100s (10.000 fps)
[05/06/25 22:59:01] crowsnest:		Interval: Discrete 0.200s (5.000 fps)
[05/06/25 22:59:01] crowsnest:		[1]: 'YUYV' (YUYV 4:2:2)
[05/06/25 22:59:01] crowsnest:		Size: Discrete 1280x720
[05/06/25 22:59:01] crowsnest:		Interval: Discrete 0.100s (10.000 fps)
[05/06/25 22:59:01] crowsnest:		Size: Discrete 800x480
[05/06/25 22:59:01] crowsnest:		Interval: Discrete 0.040s (25.000 fps)
[05/06/25 22:59:01] crowsnest:		Size: Discrete 672x456
[05/06/25 22:59:01] crowsnest:		Interval: Discrete 0.033s (30.000 fps)
[05/06/25 22:59:01] crowsnest:		Size: Discrete 640x480
[05/06/25 22:59:01] crowsnest:		Interval: Discrete 0.033s (30.000 fps)
[05/06/25 22:59:01] crowsnest:		Size: Discrete 320x240
[05/06/25 22:59:01] crowsnest:		Interval: Discrete 0.033s (30.000 fps)
[05/06/25 22:59:01] crowsnest: Supported Controls:
[05/06/25 22:59:01] crowsnest:		
[05/06/25 22:59:01] crowsnest:		User Controls
[05/06/25 22:59:01] crowsnest:		
[05/06/25 22:59:01] crowsnest:		brightness 0x00980900 (int)    : min=-64 max=64 step=1 default=0 value=0
[05/06/25 22:59:01] crowsnest:		contrast 0x00980901 (int)    : min=0 max=64 step=1 default=32 value=32
[05/06/25 22:59:01] crowsnest:		saturation 0x00980902 (int)    : min=0 max=128 step=1 default=64 value=64
[05/06/25 22:59:01] crowsnest:		hue 0x00980903 (int)    : min=-40 max=40 step=1 default=0 value=0
[05/06/25 22:59:01] crowsnest:		white_balance_automatic 0x0098090c (bool)   : default=1 value=1
[05/06/25 22:59:01] crowsnest:		gamma 0x00980910 (int)    : min=72 max=500 step=1 default=100 value=100
[05/06/25 22:59:01] crowsnest:		gain 0x00980913 (int)    : min=0 max=100 step=1 default=0 value=0
[05/06/25 22:59:01] crowsnest:		power_line_frequency 0x00980918 (menu)   : min=0 max=2 default=2 value=2
[05/06/25 22:59:01] crowsnest:		0: Disabled
[05/06/25 22:59:01] crowsnest:		1: 50 Hz
[05/06/25 22:59:01] crowsnest:		2: 60 Hz
[05/06/25 22:59:01] crowsnest:		white_balance_temperature 0x0098091a (int)    : min=2800 max=6500 step=1 default=4600 value=4600 flags=inactive
[05/06/25 22:59:01] crowsnest:		sharpness 0x0098091b (int)    : min=0 max=6 step=1 default=3 value=3
[05/06/25 22:59:01] crowsnest:		backlight_compensation 0x0098091c (int)    : min=0 max=2 step=1 default=1 value=1
[05/06/25 22:59:01] crowsnest:		
[05/06/25 22:59:01] crowsnest:		Camera Controls
[05/06/25 22:59:01] crowsnest:		
[05/06/25 22:59:01] crowsnest:		auto_exposure 0x009a0901 (menu)   : min=0 max=3 default=3 value=3
[05/06/25 22:59:01] crowsnest:		1: Manual Mode
[05/06/25 22:59:01] crowsnest:		3: Aperture Priority Mode
[05/06/25 22:59:01] crowsnest:		exposure_time_absolute 0x009a0902 (int)    : min=1 max=5000 step=1 default=156 value=156 flags=inactive
[05/06/25 22:59:01] crowsnest:		exposure_dynamic_framerate 0x009a0903 (bool)   : default=0 value=1
[05/06/25 22:59:01] crowsnest: Try to start configured Cams / Services...
[05/06/25 22:59:06] crowsnest: INFO: Configuration of Section [cam 1] looks good. Continue ...
[05/06/25 22:59:08] crowsnest: V4L2 Control: No parameters set for [cam 1]. Skipped.
[05/06/25 22:59:11] crowsnest: Starting ustreamer with Device /dev/video0 ...
[05/06/25 22:59:12] crowsnest:  ... Done!
[05/08/25 18:17:14] crowsnest: crowsnest - A webcam Service for multiple Cams and Stream Services.
[05/08/25 18:17:14] crowsnest: Version: v4.1.12-1-g9623b5f
[05/08/25 18:17:14] crowsnest: Prepare Startup ...
[05/08/25 18:17:14] crowsnest: INFO: Host information:
[05/08/25 18:17:14] crowsnest: Host Info: Distribution: Debian GNU/Linux 11 (bullseye)
[05/08/25 18:17:14] crowsnest: Host Info: Kernel: Linux 5.16.17-sun50iw9 aarch64
[05/08/25 18:17:14] crowsnest: Host Info: Available CPU Cores: 4
[05/08/25 18:17:14] crowsnest: Host Info: Available Memory: 1010632 kB
[05/08/25 18:17:14] crowsnest: Host Info: Diskspace (avail. / total): 24G / 29G
[05/08/25 18:17:14] crowsnest: INFO: Checking Dependencies
[05/08/25 18:17:15] crowsnest: Dependency: 'crudini' found in /usr/bin/crudini.
[05/08/25 18:17:15] crowsnest: Dependency: 'find' found in /usr/bin/find.
[05/08/25 18:17:15] crowsnest: Dependency: 'xargs' found in /usr/bin/xargs.
[05/08/25 18:17:15] crowsnest: Dependency: 'ustreamer' found in bin/ustreamer/src/ustreamer.bin.
[05/08/25 18:17:15] crowsnest: Version Control: ustreamer is up to date. (v6.31)
[05/08/25 18:17:15] crowsnest: INFO: Print Configfile: '/home/biqu/printer_data/config/crowsnest.conf'
[05/08/25 18:17:15] crowsnest:		[crowsnest]
[05/08/25 18:17:15] crowsnest:		log_path: ~/printer_data/logs/crowsnest.log
[05/08/25 18:17:15] crowsnest:		log_level: verbose
[05/08/25 18:17:15] crowsnest:		delete_log: false
[05/08/25 18:17:15] crowsnest:		no_proxy: false
[05/08/25 18:17:15] crowsnest:		
[05/08/25 18:17:15] crowsnest:		[cam 1]
[05/08/25 18:17:15] crowsnest:		mode: ustreamer
[05/08/25 18:17:15] crowsnest:		
[05/08/25 18:17:15] crowsnest:		enable_rtsp: false
[05/08/25 18:17:15] crowsnest:		rtsp_port: 8554
[05/08/25 18:17:15] crowsnest:		port: 8080
[05/08/25 18:17:15] crowsnest:		device: /dev/video0
[05/08/25 18:17:15] crowsnest:		resolution: 1280x720
[05/08/25 18:17:15] crowsnest:		max_fps: 30
[05/08/25 18:17:15] crowsnest: INFO: Detect available Devices
[05/08/25 18:17:15] crowsnest: INFO: Found 1 total available Device(s)
[05/08/25 18:17:15] crowsnest: INFO: Found 1 available v4l2 (UVC) camera(s)
[05/08/25 18:17:15] crowsnest: /dev/v4l/by-id/usb-HHW_microelectronics_Co.__Ltd._MGS1-video-index0 -> /dev/video0
[05/08/25 18:17:15] crowsnest: Supported Formats:
[05/08/25 18:17:15] crowsnest:		[0]: 'MJPG' (Motion-JPEG, compressed)
[05/08/25 18:17:15] crowsnest:		Size: Discrete 1280x720
[05/08/25 18:17:15] crowsnest:		Interval: Discrete 0.033s (30.000 fps)
[05/08/25 18:17:15] crowsnest:		Interval: Discrete 0.040s (25.000 fps)
[05/08/25 18:17:15] crowsnest:		Interval: Discrete 0.050s (20.000 fps)
[05/08/25 18:17:15] crowsnest:		Interval: Discrete 0.067s (15.000 fps)
[05/08/25 18:17:15] crowsnest:		Interval: Discrete 0.100s (10.000 fps)
[05/08/25 18:17:15] crowsnest:		Interval: Discrete 0.200s (5.000 fps)
[05/08/25 18:17:15] crowsnest:		Size: Discrete 800x480
[05/08/25 18:17:15] crowsnest:		Interval: Discrete 0.033s (30.000 fps)
[05/08/25 18:17:15] crowsnest:		Interval: Discrete 0.040s (25.000 fps)
[05/08/25 18:17:15] crowsnest:		Interval: Discrete 0.050s (20.000 fps)
[05/08/25 18:17:15] crowsnest:		Interval: Discrete 0.067s (15.000 fps)
[05/08/25 18:17:15] crowsnest:		Interval: Discrete 0.100s (10.000 fps)
[05/08/25 18:17:15] crowsnest:		Interval: Discrete 0.200s (5.000 fps)
[05/08/25 18:17:15] crowsnest:		Size: Discrete 672x456
[05/08/25 18:17:15] crowsnest:		Interval: Discrete 0.033s (30.000 fps)
[05/08/25 18:17:15] crowsnest:		Interval: Discrete 0.040s (25.000 fps)
[05/08/25 18:17:15] crowsnest:		Interval: Discrete 0.050s (20.000 fps)
[05/08/25 18:17:15] crowsnest:		Interval: Discrete 0.067s (15.000 fps)
[05/08/25 18:17:15] crowsnest:		Interval: Discrete 0.100s (10.000 fps)
[05/08/25 18:17:15] crowsnest:		Interval: Discrete 0.200s (5.000 fps)
[05/08/25 18:17:15] crowsnest:		Size: Discrete 640x480
[05/08/25 18:17:15] crowsnest:		Interval: Discrete 0.033s (30.000 fps)
[05/08/25 18:17:15] crowsnest:		Interval: Discrete 0.040s (25.000 fps)
[05/08/25 18:17:15] crowsnest:		Interval: Discrete 0.050s (20.000 fps)
[05/08/25 18:17:15] crowsnest:		Interval: Discrete 0.067s (15.000 fps)
[05/08/25 18:17:15] crowsnest:		Interval: Discrete 0.100s (10.000 fps)
[05/08/25 18:17:15] crowsnest:		Interval: Discrete 0.200s (5.000 fps)
[05/08/25 18:17:15] crowsnest:		Size: Discrete 320x240
[05/08/25 18:17:15] crowsnest:		Interval: Discrete 0.033s (30.000 fps)
[05/08/25 18:17:15] crowsnest:		Interval: Discrete 0.040s (25.000 fps)
[05/08/25 18:17:15] crowsnest:		Interval: Discrete 0.050s (20.000 fps)
[05/08/25 18:17:15] crowsnest:		Interval: Discrete 0.067s (15.000 fps)
[05/08/25 18:17:15] crowsnest:		Interval: Discrete 0.100s (10.000 fps)
[05/08/25 18:17:15] crowsnest:		Interval: Discrete 0.200s (5.000 fps)
[05/08/25 18:17:15] crowsnest:		[1]: 'YUYV' (YUYV 4:2:2)
[05/08/25 18:17:15] crowsnest:		Size: Discrete 1280x720
[05/08/25 18:17:15] crowsnest:		Interval: Discrete 0.100s (10.000 fps)
[05/08/25 18:17:15] crowsnest:		Size: Discrete 800x480
[05/08/25 18:17:15] crowsnest:		Interval: Discrete 0.040s (25.000 fps)
[05/08/25 18:17:15] crowsnest:		Size: Discrete 672x456
[05/08/25 18:17:15] crowsnest:		Interval: Discrete 0.033s (30.000 fps)
[05/08/25 18:17:15] crowsnest:		Size: Discrete 640x480
[05/08/25 18:17:15] crowsnest:		Interval: Discrete 0.033s (30.000 fps)
[05/08/25 18:17:15] crowsnest:		Size: Discrete 320x240
[05/08/25 18:17:15] crowsnest:		Interval: Discrete 0.033s (30.000 fps)
[05/08/25 18:17:15] crowsnest: Supported Controls:
[05/08/25 18:17:15] crowsnest:		
[05/08/25 18:17:15] crowsnest:		User Controls
[05/08/25 18:17:15] crowsnest:		
[05/08/25 18:17:15] crowsnest:		brightness 0x00980900 (int)    : min=-64 max=64 step=1 default=0 value=0
[05/08/25 18:17:15] crowsnest:		contrast 0x00980901 (int)    : min=0 max=64 step=1 default=32 value=32
[05/08/25 18:17:15] crowsnest:		saturation 0x00980902 (int)    : min=0 max=128 step=1 default=64 value=64
[05/08/25 18:17:15] crowsnest:		hue 0x00980903 (int)    : min=-40 max=40 step=1 default=0 value=0
[05/08/25 18:17:15] crowsnest:		white_balance_automatic 0x0098090c (bool)   : default=1 value=1
[05/08/25 18:17:15] crowsnest:		gamma 0x00980910 (int)    : min=72 max=500 step=1 default=100 value=100
[05/08/25 18:17:15] crowsnest:		gain 0x00980913 (int)    : min=0 max=100 step=1 default=0 value=0
[05/08/25 18:17:15] crowsnest:		power_line_frequency 0x00980918 (menu)   : min=0 max=2 default=2 value=2
[05/08/25 18:17:15] crowsnest:		0: Disabled
[05/08/25 18:17:15] crowsnest:		1: 50 Hz
[05/08/25 18:17:15] crowsnest:		2: 60 Hz
[05/08/25 18:17:15] crowsnest:		white_balance_temperature 0x0098091a (int)    : min=2800 max=6500 step=1 default=4600 value=4600 flags=inactive
[05/08/25 18:17:15] crowsnest:		sharpness 0x0098091b (int)    : min=0 max=6 step=1 default=3 value=3
[05/08/25 18:17:15] crowsnest:		backlight_compensation 0x0098091c (int)    : min=0 max=2 step=1 default=1 value=1
[05/08/25 18:17:15] crowsnest:		
[05/08/25 18:17:15] crowsnest:		Camera Controls
[05/08/25 18:17:15] crowsnest:		
[05/08/25 18:17:15] crowsnest:		auto_exposure 0x009a0901 (menu)   : min=0 max=3 default=3 value=3
[05/08/25 18:17:15] crowsnest:		1: Manual Mode
[05/08/25 18:17:15] crowsnest:		3: Aperture Priority Mode
[05/08/25 18:17:15] crowsnest:		exposure_time_absolute 0x009a0902 (int)    : min=1 max=5000 step=1 default=156 value=156 flags=inactive
[05/08/25 18:17:15] crowsnest:		exposure_dynamic_framerate 0x009a0903 (bool)   : default=0 value=1
[05/08/25 18:17:15] crowsnest: Try to start configured Cams / Services...
[05/08/25 18:17:19] crowsnest: INFO: Configuration of Section [cam 1] looks good. Continue ...
[05/08/25 18:17:21] crowsnest: V4L2 Control: No parameters set for [cam 1]. Skipped.
[05/08/25 18:17:25] crowsnest: Starting ustreamer with Device /dev/video0 ...
[05/08/25 18:17:26] crowsnest:  ... Done!
[05/08/25 18:17:14] crowsnest: crowsnest - A webcam Service for multiple Cams and Stream Services.
[05/08/25 18:17:14] crowsnest: Version: v4.1.12-1-g9623b5f
[05/08/25 18:17:14] crowsnest: Prepare Startup ...
[05/08/25 18:17:14] crowsnest: INFO: Host information:
[05/08/25 18:17:14] crowsnest: Host Info: Distribution: Debian GNU/Linux 11 (bullseye)
[05/08/25 18:17:14] crowsnest: Host Info: Kernel: Linux 5.16.17-sun50iw9 aarch64
[05/08/25 18:17:14] crowsnest: Host Info: Available CPU Cores: 4
[05/08/25 18:17:14] crowsnest: Host Info: Available Memory: 1010632 kB
[05/08/25 18:17:14] crowsnest: Host Info: Diskspace (avail. / total): 24G / 29G
[05/08/25 18:17:14] crowsnest: INFO: Checking Dependencies
[05/08/25 18:17:15] crowsnest: Dependency: 'crudini' found in /usr/bin/crudini.
[05/08/25 18:17:15] crowsnest: Dependency: 'find' found in /usr/bin/find.
[05/08/25 18:17:15] crowsnest: Dependency: 'xargs' found in /usr/bin/xargs.
[05/08/25 18:17:15] crowsnest: Dependency: 'ustreamer' found in bin/ustreamer/src/ustreamer.bin.
[05/08/25 18:17:15] crowsnest: Version Control: ustreamer is up to date. (v6.31)
[05/08/25 18:17:15] crowsnest: INFO: Print Configfile: '/home/biqu/printer_data/config/crowsnest.conf'
[05/08/25 18:17:15] crowsnest:		[crowsnest]
[05/08/25 18:17:15] crowsnest:		log_path: ~/printer_data/logs/crowsnest.log
[05/08/25 18:17:15] crowsnest:		log_level: verbose
[05/08/25 18:17:15] crowsnest:		delete_log: false
[05/08/25 18:17:15] crowsnest:		no_proxy: false
[05/08/25 18:17:15] crowsnest:		
[05/08/25 18:17:15] crowsnest:		[cam 1]
[05/08/25 18:17:15] crowsnest:		mode: ustreamer
[05/08/25 18:17:15] crowsnest:		
[05/08/25 18:17:15] crowsnest:		enable_rtsp: false
[05/08/25 18:17:15] crowsnest:		rtsp_port: 8554
[05/08/25 18:17:15] crowsnest:		port: 8080
[05/08/25 18:17:15] crowsnest:		device: /dev/video0
[05/08/25 18:17:15] crowsnest:		resolution: 1280x720
[05/08/25 18:17:15] crowsnest:		max_fps: 30
[05/08/25 18:17:15] crowsnest: INFO: Detect available Devices
[05/08/25 18:17:15] crowsnest: INFO: Found 1 total available Device(s)
[05/08/25 18:17:15] crowsnest: INFO: Found 1 available v4l2 (UVC) camera(s)
[05/08/25 18:17:15] crowsnest: /dev/v4l/by-id/usb-HHW_microelectronics_Co.__Ltd._MGS1-video-index0 -> /dev/video0
[05/08/25 18:17:15] crowsnest: Supported Formats:
[05/08/25 18:17:15] crowsnest:		[0]: 'MJPG' (Motion-JPEG, compressed)
[05/08/25 18:17:15] crowsnest:		Size: Discrete 1280x720
[05/08/25 18:17:15] crowsnest:		Interval: Discrete 0.033s (30.000 fps)
[05/08/25 18:17:15] crowsnest:		Interval: Discrete 0.040s (25.000 fps)
[05/08/25 18:17:15] crowsnest:		Interval: Discrete 0.050s (20.000 fps)
[05/08/25 18:17:15] crowsnest:		Interval: Discrete 0.067s (15.000 fps)
[05/08/25 18:17:15] crowsnest:		Interval: Discrete 0.100s (10.000 fps)
[05/08/25 18:17:15] crowsnest:		Interval: Discrete 0.200s (5.000 fps)
[05/08/25 18:17:15] crowsnest:		Size: Discrete 800x480
[05/08/25 18:17:15] crowsnest:		Interval: Discrete 0.033s (30.000 fps)
[05/08/25 18:17:15] crowsnest:		Interval: Discrete 0.040s (25.000 fps)
[05/08/25 18:17:15] crowsnest:		Interval: Discrete 0.050s (20.000 fps)
[05/08/25 18:17:15] crowsnest:		Interval: Discrete 0.067s (15.000 fps)
[05/08/25 18:17:15] crowsnest:		Interval: Discrete 0.100s (10.000 fps)
[05/08/25 18:17:15] crowsnest:		Interval: Discrete 0.200s (5.000 fps)
[05/08/25 18:17:15] crowsnest:		Size: Discrete 672x456
[05/08/25 18:17:15] crowsnest:		Interval: Discrete 0.033s (30.000 fps)
[05/08/25 18:17:15] crowsnest:		Interval: Discrete 0.040s (25.000 fps)
[05/08/25 18:17:15] crowsnest:		Interval: Discrete 0.050s (20.000 fps)
[05/08/25 18:17:15] crowsnest:		Interval: Discrete 0.067s (15.000 fps)
[05/08/25 18:17:15] crowsnest:		Interval: Discrete 0.100s (10.000 fps)
[05/08/25 18:17:15] crowsnest:		Interval: Discrete 0.200s (5.000 fps)
[05/08/25 18:17:15] crowsnest:		Size: Discrete 640x480
[05/08/25 18:17:15] crowsnest:		Interval: Discrete 0.033s (30.000 fps)
[05/08/25 18:17:15] crowsnest:		Interval: Discrete 0.040s (25.000 fps)
[05/08/25 18:17:15] crowsnest:		Interval: Discrete 0.050s (20.000 fps)
[05/08/25 18:17:15] crowsnest:		Interval: Discrete 0.067s (15.000 fps)
[05/08/25 18:17:15] crowsnest:		Interval: Discrete 0.100s (10.000 fps)
[05/08/25 18:17:15] crowsnest:		Interval: Discrete 0.200s (5.000 fps)
[05/08/25 18:17:15] crowsnest:		Size: Discrete 320x240
[05/08/25 18:17:15] crowsnest:		Interval: Discrete 0.033s (30.000 fps)
[05/08/25 18:17:15] crowsnest:		Interval: Discrete 0.040s (25.000 fps)
[05/08/25 18:17:15] crowsnest:		Interval: Discrete 0.050s (20.000 fps)
[05/08/25 18:17:15] crowsnest:		Interval: Discrete 0.067s (15.000 fps)
[05/08/25 18:17:15] crowsnest:		Interval: Discrete 0.100s (10.000 fps)
[05/08/25 18:17:15] crowsnest:		Interval: Discrete 0.200s (5.000 fps)
[05/08/25 18:17:15] crowsnest:		[1]: 'YUYV' (YUYV 4:2:2)
[05/08/25 18:17:15] crowsnest:		Size: Discrete 1280x720
[05/08/25 18:17:15] crowsnest:		Interval: Discrete 0.100s (10.000 fps)
[05/08/25 18:17:15] crowsnest:		Size: Discrete 800x480
[05/08/25 18:17:15] crowsnest:		Interval: Discrete 0.040s (25.000 fps)
[05/08/25 18:17:15] crowsnest:		Size: Discrete 672x456
[05/08/25 18:17:15] crowsnest:		Interval: Discrete 0.033s (30.000 fps)
[05/08/25 18:17:15] crowsnest:		Size: Discrete 640x480
[05/08/25 18:17:15] crowsnest:		Interval: Discrete 0.033s (30.000 fps)
[05/08/25 18:17:15] crowsnest:		Size: Discrete 320x240
[05/08/25 18:17:15] crowsnest:		Interval: Discrete 0.033s (30.000 fps)
[05/08/25 18:17:15] crowsnest: Supported Controls:
[05/08/25 18:17:15] crowsnest:		
[05/08/25 18:17:15] crowsnest:		User Controls
[05/08/25 18:17:15] crowsnest:		
[05/08/25 18:17:15] crowsnest:		brightness 0x00980900 (int)    : min=-64 max=64 step=1 default=0 value=0
[05/08/25 18:17:15] crowsnest:		contrast 0x00980901 (int)    : min=0 max=64 step=1 default=32 value=32
[05/08/25 18:17:15] crowsnest:		saturation 0x00980902 (int)    : min=0 max=128 step=1 default=64 value=64
[05/08/25 18:17:15] crowsnest:		hue 0x00980903 (int)    : min=-40 max=40 step=1 default=0 value=0
[05/08/25 18:17:15] crowsnest:		white_balance_automatic 0x0098090c (bool)   : default=1 value=1
[05/08/25 18:17:15] crowsnest:		gamma 0x00980910 (int)    : min=72 max=500 step=1 default=100 value=100
[05/08/25 18:17:15] crowsnest:		gain 0x00980913 (int)    : min=0 max=100 step=1 default=0 value=0
[05/08/25 18:17:15] crowsnest:		power_line_frequency 0x00980918 (menu)   : min=0 max=2 default=2 value=2
[05/08/25 18:17:15] crowsnest:		0: Disabled
[05/08/25 18:17:15] crowsnest:		1: 50 Hz
[05/08/25 18:17:15] crowsnest:		2: 60 Hz
[05/08/25 18:17:15] crowsnest:		white_balance_temperature 0x0098091a (int)    : min=2800 max=6500 step=1 default=4600 value=4600 flags=inactive
[05/08/25 18:17:15] crowsnest:		sharpness 0x0098091b (int)    : min=0 max=6 step=1 default=3 value=3
[05/08/25 18:17:15] crowsnest:		backlight_compensation 0x0098091c (int)    : min=0 max=2 step=1 default=1 value=1
[05/08/25 18:17:15] crowsnest:		
[05/08/25 18:17:15] crowsnest:		Camera Controls
[05/08/25 18:17:15] crowsnest:		
[05/08/25 18:17:15] crowsnest:		auto_exposure 0x009a0901 (menu)   : min=0 max=3 default=3 value=3
[05/08/25 18:17:15] crowsnest:		1: Manual Mode
[05/08/25 18:17:15] crowsnest:		3: Aperture Priority Mode
[05/08/25 18:17:15] crowsnest:		exposure_time_absolute 0x009a0902 (int)    : min=1 max=5000 step=1 default=156 value=156 flags=inactive
[05/08/25 18:17:15] crowsnest:		exposure_dynamic_framerate 0x009a0903 (bool)   : default=0 value=1
[05/08/25 18:17:15] crowsnest: Try to start configured Cams / Services...
[05/08/25 18:17:20] crowsnest: INFO: Configuration of Section [cam 1] looks good. Continue ...
[05/08/25 18:17:21] crowsnest: V4L2 Control: No parameters set for [cam 1]. Skipped.
[05/08/25 18:17:25] crowsnest: Starting ustreamer with Device /dev/video0 ...
[05/08/25 18:17:26] crowsnest:  ... Done!
[05/08/25 18:17:10] crowsnest: crowsnest - A webcam Service for multiple Cams and Stream Services.
[05/08/25 18:17:10] crowsnest: Version: v4.1.12-1-g9623b5f
[05/08/25 18:17:10] crowsnest: Prepare Startup ...
[05/08/25 18:17:10] crowsnest: INFO: Host information:
[05/08/25 18:17:10] crowsnest: Host Info: Distribution: Debian GNU/Linux 11 (bullseye)
[05/08/25 18:17:10] crowsnest: Host Info: Kernel: Linux 5.16.17-sun50iw9 aarch64
[05/08/25 18:17:10] crowsnest: Host Info: Available CPU Cores: 4
[05/08/25 18:17:10] crowsnest: Host Info: Available Memory: 1010632 kB
[05/08/25 18:17:10] crowsnest: Host Info: Diskspace (avail. / total): 24G / 29G
[05/08/25 18:17:10] crowsnest: INFO: Checking Dependencies
[05/08/25 18:17:11] crowsnest: Dependency: 'crudini' found in /usr/bin/crudini.
[05/08/25 18:17:11] crowsnest: Dependency: 'find' found in /usr/bin/find.
[05/08/25 18:17:11] crowsnest: Dependency: 'xargs' found in /usr/bin/xargs.
[05/08/25 18:17:11] crowsnest: Dependency: 'ustreamer' found in bin/ustreamer/src/ustreamer.bin.
[05/08/25 18:17:11] crowsnest: Version Control: ustreamer is up to date. (v6.31)
[05/08/25 18:17:11] crowsnest: INFO: Print Configfile: '/home/biqu/printer_data/config/crowsnest.conf'
[05/08/25 18:17:11] crowsnest:		[crowsnest]
[05/08/25 18:17:11] crowsnest:		log_path: ~/printer_data/logs/crowsnest.log
[05/08/25 18:17:11] crowsnest:		log_level: verbose
[05/08/25 18:17:11] crowsnest:		delete_log: false
[05/08/25 18:17:11] crowsnest:		no_proxy: false
[05/08/25 18:17:11] crowsnest:		
[05/08/25 18:17:11] crowsnest:		[cam 1]
[05/08/25 18:17:11] crowsnest:		mode: ustreamer
[05/08/25 18:17:11] crowsnest:		
[05/08/25 18:17:11] crowsnest:		enable_rtsp: false
[05/08/25 18:17:11] crowsnest:		rtsp_port: 8554
[05/08/25 18:17:11] crowsnest:		port: 8080
[05/08/25 18:17:11] crowsnest:		device: /dev/video0
[05/08/25 18:17:11] crowsnest:		resolution: 1280x720
[05/08/25 18:17:11] crowsnest:		max_fps: 30
[05/08/25 18:17:11] crowsnest: INFO: Detect available Devices
[05/08/25 18:17:11] crowsnest: INFO: Found 1 total available Device(s)
[05/08/25 18:17:11] crowsnest: INFO: Found 1 available v4l2 (UVC) camera(s)
[05/08/25 18:17:11] crowsnest: /dev/v4l/by-id/usb-HHW_microelectronics_Co.__Ltd._MGS1-video-index0 -> /dev/video0
[05/08/25 18:17:11] crowsnest: Supported Formats:
[05/08/25 18:17:11] crowsnest:		[0]: 'MJPG' (Motion-JPEG, compressed)
[05/08/25 18:17:11] crowsnest:		Size: Discrete 1280x720
[05/08/25 18:17:11] crowsnest:		Interval: Discrete 0.033s (30.000 fps)
[05/08/25 18:17:11] crowsnest:		Interval: Discrete 0.040s (25.000 fps)
[05/08/25 18:17:11] crowsnest:		Interval: Discrete 0.050s (20.000 fps)
[05/08/25 18:17:11] crowsnest:		Interval: Discrete 0.067s (15.000 fps)
[05/08/25 18:17:11] crowsnest:		Interval: Discrete 0.100s (10.000 fps)
[05/08/25 18:17:11] crowsnest:		Interval: Discrete 0.200s (5.000 fps)
[05/08/25 18:17:11] crowsnest:		Size: Discrete 800x480
[05/08/25 18:17:11] crowsnest:		Interval: Discrete 0.033s (30.000 fps)
[05/08/25 18:17:11] crowsnest:		Interval: Discrete 0.040s (25.000 fps)
[05/08/25 18:17:11] crowsnest:		Interval: Discrete 0.050s (20.000 fps)
[05/08/25 18:17:11] crowsnest:		Interval: Discrete 0.067s (15.000 fps)
[05/08/25 18:17:11] crowsnest:		Interval: Discrete 0.100s (10.000 fps)
[05/08/25 18:17:11] crowsnest:		Interval: Discrete 0.200s (5.000 fps)
[05/08/25 18:17:11] crowsnest:		Size: Discrete 672x456
[05/08/25 18:17:11] crowsnest:		Interval: Discrete 0.033s (30.000 fps)
[05/08/25 18:17:11] crowsnest:		Interval: Discrete 0.040s (25.000 fps)
[05/08/25 18:17:11] crowsnest:		Interval: Discrete 0.050s (20.000 fps)
[05/08/25 18:17:11] crowsnest:		Interval: Discrete 0.067s (15.000 fps)
[05/08/25 18:17:11] crowsnest:		Interval: Discrete 0.100s (10.000 fps)
[05/08/25 18:17:11] crowsnest:		Interval: Discrete 0.200s (5.000 fps)
[05/08/25 18:17:11] crowsnest:		Size: Discrete 640x480
[05/08/25 18:17:11] crowsnest:		Interval: Discrete 0.033s (30.000 fps)
[05/08/25 18:17:11] crowsnest:		Interval: Discrete 0.040s (25.000 fps)
[05/08/25 18:17:11] crowsnest:		Interval: Discrete 0.050s (20.000 fps)
[05/08/25 18:17:11] crowsnest:		Interval: Discrete 0.067s (15.000 fps)
[05/08/25 18:17:11] crowsnest:		Interval: Discrete 0.100s (10.000 fps)
[05/08/25 18:17:11] crowsnest:		Interval: Discrete 0.200s (5.000 fps)
[05/08/25 18:17:11] crowsnest:		Size: Discrete 320x240
[05/08/25 18:17:11] crowsnest:		Interval: Discrete 0.033s (30.000 fps)
[05/08/25 18:17:11] crowsnest:		Interval: Discrete 0.040s (25.000 fps)
[05/08/25 18:17:11] crowsnest:		Interval: Discrete 0.050s (20.000 fps)
[05/08/25 18:17:11] crowsnest:		Interval: Discrete 0.067s (15.000 fps)
[05/08/25 18:17:11] crowsnest:		Interval: Discrete 0.100s (10.000 fps)
[05/08/25 18:17:11] crowsnest:		Interval: Discrete 0.200s (5.000 fps)
[05/08/25 18:17:11] crowsnest:		[1]: 'YUYV' (YUYV 4:2:2)
[05/08/25 18:17:11] crowsnest:		Size: Discrete 1280x720
[05/08/25 18:17:11] crowsnest:		Interval: Discrete 0.100s (10.000 fps)
[05/08/25 18:17:11] crowsnest:		Size: Discrete 800x480
[05/08/25 18:17:11] crowsnest:		Interval: Discrete 0.040s (25.000 fps)
[05/08/25 18:17:11] crowsnest:		Size: Discrete 672x456
[05/08/25 18:17:11] crowsnest:		Interval: Discrete 0.033s (30.000 fps)
[05/08/25 18:17:11] crowsnest:		Size: Discrete 640x480
[05/08/25 18:17:11] crowsnest:		Interval: Discrete 0.033s (30.000 fps)
[05/08/25 18:17:11] crowsnest:		Size: Discrete 320x240
[05/08/25 18:17:11] crowsnest:		Interval: Discrete 0.033s (30.000 fps)
[05/08/25 18:17:11] crowsnest: Supported Controls:
[05/08/25 18:17:11] crowsnest:		
[05/08/25 18:17:11] crowsnest:		User Controls
[05/08/25 18:17:11] crowsnest:		
[05/08/25 18:17:11] crowsnest:		brightness 0x00980900 (int)    : min=-64 max=64 step=1 default=0 value=0
[05/08/25 18:17:11] crowsnest:		contrast 0x00980901 (int)    : min=0 max=64 step=1 default=32 value=32
[05/08/25 18:17:11] crowsnest:		saturation 0x00980902 (int)    : min=0 max=128 step=1 default=64 value=64
[05/08/25 18:17:11] crowsnest:		hue 0x00980903 (int)    : min=-40 max=40 step=1 default=0 value=0
[05/08/25 18:17:11] crowsnest:		white_balance_automatic 0x0098090c (bool)   : default=1 value=1
[05/08/25 18:17:11] crowsnest:		gamma 0x00980910 (int)    : min=72 max=500 step=1 default=100 value=100
[05/08/25 18:17:11] crowsnest:		gain 0x00980913 (int)    : min=0 max=100 step=1 default=0 value=0
[05/08/25 18:17:11] crowsnest:		power_line_frequency 0x00980918 (menu)   : min=0 max=2 default=2 value=2
[05/08/25 18:17:11] crowsnest:		0: Disabled
[05/08/25 18:17:11] crowsnest:		1: 50 Hz
[05/08/25 18:17:11] crowsnest:		2: 60 Hz
[05/08/25 18:17:11] crowsnest:		white_balance_temperature 0x0098091a (int)    : min=2800 max=6500 step=1 default=4600 value=4600 flags=inactive
[05/08/25 18:17:11] crowsnest:		sharpness 0x0098091b (int)    : min=0 max=6 step=1 default=3 value=3
[05/08/25 18:17:11] crowsnest:		backlight_compensation 0x0098091c (int)    : min=0 max=2 step=1 default=1 value=1
[05/08/25 18:17:11] crowsnest:		
[05/08/25 18:17:11] crowsnest:		Camera Controls
[05/08/25 18:17:11] crowsnest:		
[05/08/25 18:17:11] crowsnest:		auto_exposure 0x009a0901 (menu)   : min=0 max=3 default=3 value=3
[05/08/25 18:17:11] crowsnest:		1: Manual Mode
[05/08/25 18:17:11] crowsnest:		3: Aperture Priority Mode
[05/08/25 18:17:11] crowsnest:		exposure_time_absolute 0x009a0902 (int)    : min=1 max=5000 step=1 default=156 value=156 flags=inactive
[05/08/25 18:17:11] crowsnest:		exposure_dynamic_framerate 0x009a0903 (bool)   : default=0 value=1
[05/08/25 18:17:11] crowsnest: Try to start configured Cams / Services...
[05/08/25 18:17:16] crowsnest: INFO: Configuration of Section [cam 1] looks good. Continue ...
[05/08/25 18:17:18] crowsnest: V4L2 Control: No parameters set for [cam 1]. Skipped.
[05/08/25 18:17:21] crowsnest: Starting ustreamer with Device /dev/video0 ...
[05/08/25 18:17:22] crowsnest:  ... Done!
[05/09/25 21:17:14] crowsnest: crowsnest - A webcam Service for multiple Cams and Stream Services.
[05/09/25 21:17:14] crowsnest: Version: v4.1.12-1-g9623b5f
[05/09/25 21:17:14] crowsnest: Prepare Startup ...
[05/09/25 21:17:14] crowsnest: INFO: Host information:
[05/09/25 21:17:14] crowsnest: Host Info: Distribution: Debian GNU/Linux 11 (bullseye)
[05/09/25 21:17:14] crowsnest: Host Info: Kernel: Linux 5.16.17-sun50iw9 aarch64
[05/09/25 21:17:14] crowsnest: Host Info: Available CPU Cores: 4
[05/09/25 21:17:14] crowsnest: Host Info: Available Memory: 1010632 kB
[05/09/25 21:17:14] crowsnest: Host Info: Diskspace (avail. / total): 23G / 29G
[05/09/25 21:17:14] crowsnest: INFO: Checking Dependencies
[05/09/25 21:17:14] crowsnest: Dependency: 'crudini' found in /usr/bin/crudini.
[05/09/25 21:17:14] crowsnest: Dependency: 'find' found in /usr/bin/find.
[05/09/25 21:17:14] crowsnest: Dependency: 'xargs' found in /usr/bin/xargs.
[05/09/25 21:17:14] crowsnest: Dependency: 'ustreamer' found in bin/ustreamer/src/ustreamer.bin.
[05/09/25 21:17:15] crowsnest: Version Control: ustreamer is up to date. (v6.31)
[05/09/25 21:17:15] crowsnest: INFO: Print Configfile: '/home/biqu/printer_data/config/crowsnest.conf'
[05/09/25 21:17:15] crowsnest:		[crowsnest]
[05/09/25 21:17:15] crowsnest:		log_path: ~/printer_data/logs/crowsnest.log
[05/09/25 21:17:15] crowsnest:		log_level: verbose
[05/09/25 21:17:15] crowsnest:		delete_log: false
[05/09/25 21:17:15] crowsnest:		no_proxy: false
[05/09/25 21:17:15] crowsnest:		
[05/09/25 21:17:15] crowsnest:		[cam 1]
[05/09/25 21:17:15] crowsnest:		mode: ustreamer
[05/09/25 21:17:15] crowsnest:		
[05/09/25 21:17:15] crowsnest:		enable_rtsp: false
[05/09/25 21:17:15] crowsnest:		rtsp_port: 8554
[05/09/25 21:17:15] crowsnest:		port: 8080
[05/09/25 21:17:15] crowsnest:		device: /dev/video0
[05/09/25 21:17:15] crowsnest:		resolution: 1280x720
[05/09/25 21:17:15] crowsnest:		max_fps: 30
[05/09/25 21:17:15] crowsnest: INFO: Detect available Devices
[05/09/25 21:17:15] crowsnest: INFO: Found 1 total available Device(s)
[05/09/25 21:17:15] crowsnest: INFO: Found 1 available v4l2 (UVC) camera(s)
[05/09/25 21:17:15] crowsnest: /dev/v4l/by-id/usb-HHW_microelectronics_Co.__Ltd._MGS1-video-index0 -> /dev/video0
[05/09/25 21:17:15] crowsnest: Supported Formats:
[05/09/25 21:17:15] crowsnest:		[0]: 'MJPG' (Motion-JPEG, compressed)
[05/09/25 21:17:15] crowsnest:		Size: Discrete 1280x720
[05/09/25 21:17:15] crowsnest:		Interval: Discrete 0.033s (30.000 fps)
[05/09/25 21:17:15] crowsnest:		Interval: Discrete 0.040s (25.000 fps)
[05/09/25 21:17:15] crowsnest:		Interval: Discrete 0.050s (20.000 fps)
[05/09/25 21:17:15] crowsnest:		Interval: Discrete 0.067s (15.000 fps)
[05/09/25 21:17:15] crowsnest:		Interval: Discrete 0.100s (10.000 fps)
[05/09/25 21:17:15] crowsnest:		Interval: Discrete 0.200s (5.000 fps)
[05/09/25 21:17:15] crowsnest:		Size: Discrete 800x480
[05/09/25 21:17:15] crowsnest:		Interval: Discrete 0.033s (30.000 fps)
[05/09/25 21:17:15] crowsnest:		Interval: Discrete 0.040s (25.000 fps)
[05/09/25 21:17:15] crowsnest:		Interval: Discrete 0.050s (20.000 fps)
[05/09/25 21:17:15] crowsnest:		Interval: Discrete 0.067s (15.000 fps)
[05/09/25 21:17:15] crowsnest:		Interval: Discrete 0.100s (10.000 fps)
[05/09/25 21:17:15] crowsnest:		Interval: Discrete 0.200s (5.000 fps)
[05/09/25 21:17:15] crowsnest:		Size: Discrete 672x456
[05/09/25 21:17:15] crowsnest:		Interval: Discrete 0.033s (30.000 fps)
[05/09/25 21:17:15] crowsnest:		Interval: Discrete 0.040s (25.000 fps)
[05/09/25 21:17:15] crowsnest:		Interval: Discrete 0.050s (20.000 fps)
[05/09/25 21:17:15] crowsnest:		Interval: Discrete 0.067s (15.000 fps)
[05/09/25 21:17:15] crowsnest:		Interval: Discrete 0.100s (10.000 fps)
[05/09/25 21:17:15] crowsnest:		Interval: Discrete 0.200s (5.000 fps)
[05/09/25 21:17:15] crowsnest:		Size: Discrete 640x480
[05/09/25 21:17:15] crowsnest:		Interval: Discrete 0.033s (30.000 fps)
[05/09/25 21:17:15] crowsnest:		Interval: Discrete 0.040s (25.000 fps)
[05/09/25 21:17:15] crowsnest:		Interval: Discrete 0.050s (20.000 fps)
[05/09/25 21:17:15] crowsnest:		Interval: Discrete 0.067s (15.000 fps)
[05/09/25 21:17:15] crowsnest:		Interval: Discrete 0.100s (10.000 fps)
[05/09/25 21:17:15] crowsnest:		Interval: Discrete 0.200s (5.000 fps)
[05/09/25 21:17:15] crowsnest:		Size: Discrete 320x240
[05/09/25 21:17:15] crowsnest:		Interval: Discrete 0.033s (30.000 fps)
[05/09/25 21:17:15] crowsnest:		Interval: Discrete 0.040s (25.000 fps)
[05/09/25 21:17:15] crowsnest:		Interval: Discrete 0.050s (20.000 fps)
[05/09/25 21:17:15] crowsnest:		Interval: Discrete 0.067s (15.000 fps)
[05/09/25 21:17:15] crowsnest:		Interval: Discrete 0.100s (10.000 fps)
[05/09/25 21:17:15] crowsnest:		Interval: Discrete 0.200s (5.000 fps)
[05/09/25 21:17:15] crowsnest:		[1]: 'YUYV' (YUYV 4:2:2)
[05/09/25 21:17:15] crowsnest:		Size: Discrete 1280x720
[05/09/25 21:17:15] crowsnest:		Interval: Discrete 0.100s (10.000 fps)
[05/09/25 21:17:15] crowsnest:		Size: Discrete 800x480
[05/09/25 21:17:15] crowsnest:		Interval: Discrete 0.040s (25.000 fps)
[05/09/25 21:17:15] crowsnest:		Size: Discrete 672x456
[05/09/25 21:17:15] crowsnest:		Interval: Discrete 0.033s (30.000 fps)
[05/09/25 21:17:15] crowsnest:		Size: Discrete 640x480
[05/09/25 21:17:15] crowsnest:		Interval: Discrete 0.033s (30.000 fps)
[05/09/25 21:17:15] crowsnest:		Size: Discrete 320x240
[05/09/25 21:17:15] crowsnest:		Interval: Discrete 0.033s (30.000 fps)
[05/09/25 21:17:15] crowsnest: Supported Controls:
[05/09/25 21:17:15] crowsnest:		
[05/09/25 21:17:15] crowsnest:		User Controls
[05/09/25 21:17:15] crowsnest:		
[05/09/25 21:17:15] crowsnest:		brightness 0x00980900 (int)    : min=-64 max=64 step=1 default=0 value=0
[05/09/25 21:17:15] crowsnest:		contrast 0x00980901 (int)    : min=0 max=64 step=1 default=32 value=32
[05/09/25 21:17:15] crowsnest:		saturation 0x00980902 (int)    : min=0 max=128 step=1 default=64 value=64
[05/09/25 21:17:15] crowsnest:		hue 0x00980903 (int)    : min=-40 max=40 step=1 default=0 value=0
[05/09/25 21:17:15] crowsnest:		white_balance_automatic 0x0098090c (bool)   : default=1 value=1
[05/09/25 21:17:15] crowsnest:		gamma 0x00980910 (int)    : min=72 max=500 step=1 default=100 value=100
[05/09/25 21:17:15] crowsnest:		gain 0x00980913 (int)    : min=0 max=100 step=1 default=0 value=0
[05/09/25 21:17:15] crowsnest:		power_line_frequency 0x00980918 (menu)   : min=0 max=2 default=2 value=2
[05/09/25 21:17:15] crowsnest:		0: Disabled
[05/09/25 21:17:15] crowsnest:		1: 50 Hz
[05/09/25 21:17:15] crowsnest:		2: 60 Hz
[05/09/25 21:17:15] crowsnest:		white_balance_temperature 0x0098091a (int)    : min=2800 max=6500 step=1 default=4600 value=4600 flags=inactive
[05/09/25 21:17:15] crowsnest:		sharpness 0x0098091b (int)    : min=0 max=6 step=1 default=3 value=3
[05/09/25 21:17:15] crowsnest:		backlight_compensation 0x0098091c (int)    : min=0 max=2 step=1 default=1 value=1
[05/09/25 21:17:15] crowsnest:		
[05/09/25 21:17:15] crowsnest:		Camera Controls
[05/09/25 21:17:15] crowsnest:		
[05/09/25 21:17:15] crowsnest:		auto_exposure 0x009a0901 (menu)   : min=0 max=3 default=3 value=3
[05/09/25 21:17:15] crowsnest:		1: Manual Mode
[05/09/25 21:17:15] crowsnest:		3: Aperture Priority Mode
[05/09/25 21:17:15] crowsnest:		exposure_time_absolute 0x009a0902 (int)    : min=1 max=5000 step=1 default=156 value=156 flags=inactive
[05/09/25 21:17:15] crowsnest:		exposure_dynamic_framerate 0x009a0903 (bool)   : default=0 value=1
[05/09/25 21:17:15] crowsnest: Try to start configured Cams / Services...
[05/09/25 21:17:20] crowsnest: INFO: Configuration of Section [cam 1] looks good. Continue ...
[05/09/25 21:17:21] crowsnest: V4L2 Control: No parameters set for [cam 1]. Skipped.
[05/09/25 21:17:25] crowsnest: Starting ustreamer with Device /dev/video0 ...
[05/09/25 21:17:26] crowsnest:  ... Done!
[05/09/25 21:17:10] crowsnest: crowsnest - A webcam Service for multiple Cams and Stream Services.
[05/09/25 21:17:10] crowsnest: Version: v4.1.12-1-g9623b5f
[05/09/25 21:17:10] crowsnest: Prepare Startup ...
[05/09/25 21:17:10] crowsnest: INFO: Host information:
[05/09/25 21:17:10] crowsnest: Host Info: Distribution: Debian GNU/Linux 11 (bullseye)
[05/09/25 21:17:10] crowsnest: Host Info: Kernel: Linux 5.16.17-sun50iw9 aarch64
[05/09/25 21:17:10] crowsnest: Host Info: Available CPU Cores: 4
[05/09/25 21:17:10] crowsnest: Host Info: Available Memory: 1010632 kB
[05/09/25 21:17:10] crowsnest: Host Info: Diskspace (avail. / total): 23G / 29G
[05/09/25 21:17:10] crowsnest: INFO: Checking Dependencies
[05/09/25 21:17:10] crowsnest: Dependency: 'crudini' found in /usr/bin/crudini.
[05/09/25 21:17:11] crowsnest: Dependency: 'find' found in /usr/bin/find.
[05/09/25 21:17:11] crowsnest: Dependency: 'xargs' found in /usr/bin/xargs.
[05/09/25 21:17:11] crowsnest: Dependency: 'ustreamer' found in bin/ustreamer/src/ustreamer.bin.
[05/09/25 21:17:11] crowsnest: Version Control: ustreamer is up to date. (v6.31)
[05/09/25 21:17:11] crowsnest: INFO: Print Configfile: '/home/biqu/printer_data/config/crowsnest.conf'
[05/09/25 21:17:11] crowsnest:		[crowsnest]
[05/09/25 21:17:11] crowsnest:		log_path: ~/printer_data/logs/crowsnest.log
[05/09/25 21:17:11] crowsnest:		log_level: verbose
[05/09/25 21:17:11] crowsnest:		delete_log: false
[05/09/25 21:17:11] crowsnest:		no_proxy: false
[05/09/25 21:17:11] crowsnest:		
[05/09/25 21:17:11] crowsnest:		[cam 1]
[05/09/25 21:17:11] crowsnest:		mode: ustreamer
[05/09/25 21:17:11] crowsnest:		
[05/09/25 21:17:11] crowsnest:		enable_rtsp: false
[05/09/25 21:17:11] crowsnest:		rtsp_port: 8554
[05/09/25 21:17:11] crowsnest:		port: 8080
[05/09/25 21:17:11] crowsnest:		device: /dev/video0
[05/09/25 21:17:11] crowsnest:		resolution: 1280x720
[05/09/25 21:17:11] crowsnest:		max_fps: 30
[05/09/25 21:17:11] crowsnest: INFO: Detect available Devices
[05/09/25 21:17:11] crowsnest: INFO: Found 1 total available Device(s)
[05/09/25 21:17:11] crowsnest: INFO: Found 1 available v4l2 (UVC) camera(s)
[05/09/25 21:17:11] crowsnest: /dev/v4l/by-id/usb-HHW_microelectronics_Co.__Ltd._MGS1-video-index0 -> /dev/video0
[05/09/25 21:17:11] crowsnest: Supported Formats:
[05/09/25 21:17:11] crowsnest:		[0]: 'MJPG' (Motion-JPEG, compressed)
[05/09/25 21:17:11] crowsnest:		Size: Discrete 1280x720
[05/09/25 21:17:11] crowsnest:		Interval: Discrete 0.033s (30.000 fps)
[05/09/25 21:17:11] crowsnest:		Interval: Discrete 0.040s (25.000 fps)
[05/09/25 21:17:11] crowsnest:		Interval: Discrete 0.050s (20.000 fps)
[05/09/25 21:17:11] crowsnest:		Interval: Discrete 0.067s (15.000 fps)
[05/09/25 21:17:11] crowsnest:		Interval: Discrete 0.100s (10.000 fps)
[05/09/25 21:17:11] crowsnest:		Interval: Discrete 0.200s (5.000 fps)
[05/09/25 21:17:11] crowsnest:		Size: Discrete 800x480
[05/09/25 21:17:11] crowsnest:		Interval: Discrete 0.033s (30.000 fps)
[05/09/25 21:17:11] crowsnest:		Interval: Discrete 0.040s (25.000 fps)
[05/09/25 21:17:11] crowsnest:		Interval: Discrete 0.050s (20.000 fps)
[05/09/25 21:17:11] crowsnest:		Interval: Discrete 0.067s (15.000 fps)
[05/09/25 21:17:11] crowsnest:		Interval: Discrete 0.100s (10.000 fps)
[05/09/25 21:17:11] crowsnest:		Interval: Discrete 0.200s (5.000 fps)
[05/09/25 21:17:11] crowsnest:		Size: Discrete 672x456
[05/09/25 21:17:11] crowsnest:		Interval: Discrete 0.033s (30.000 fps)
[05/09/25 21:17:11] crowsnest:		Interval: Discrete 0.040s (25.000 fps)
[05/09/25 21:17:11] crowsnest:		Interval: Discrete 0.050s (20.000 fps)
[05/09/25 21:17:11] crowsnest:		Interval: Discrete 0.067s (15.000 fps)
[05/09/25 21:17:11] crowsnest:		Interval: Discrete 0.100s (10.000 fps)
[05/09/25 21:17:11] crowsnest:		Interval: Discrete 0.200s (5.000 fps)
[05/09/25 21:17:11] crowsnest:		Size: Discrete 640x480
[05/09/25 21:17:11] crowsnest:		Interval: Discrete 0.033s (30.000 fps)
[05/09/25 21:17:11] crowsnest:		Interval: Discrete 0.040s (25.000 fps)
[05/09/25 21:17:11] crowsnest:		Interval: Discrete 0.050s (20.000 fps)
[05/09/25 21:17:11] crowsnest:		Interval: Discrete 0.067s (15.000 fps)
[05/09/25 21:17:11] crowsnest:		Interval: Discrete 0.100s (10.000 fps)
[05/09/25 21:17:11] crowsnest:		Interval: Discrete 0.200s (5.000 fps)
[05/09/25 21:17:11] crowsnest:		Size: Discrete 320x240
[05/09/25 21:17:11] crowsnest:		Interval: Discrete 0.033s (30.000 fps)
[05/09/25 21:17:11] crowsnest:		Interval: Discrete 0.040s (25.000 fps)
[05/09/25 21:17:11] crowsnest:		Interval: Discrete 0.050s (20.000 fps)
[05/09/25 21:17:11] crowsnest:		Interval: Discrete 0.067s (15.000 fps)
[05/09/25 21:17:11] crowsnest:		Interval: Discrete 0.100s (10.000 fps)
[05/09/25 21:17:11] crowsnest:		Interval: Discrete 0.200s (5.000 fps)
[05/09/25 21:17:11] crowsnest:		[1]: 'YUYV' (YUYV 4:2:2)
[05/09/25 21:17:11] crowsnest:		Size: Discrete 1280x720
[05/09/25 21:17:11] crowsnest:		Interval: Discrete 0.100s (10.000 fps)
[05/09/25 21:17:11] crowsnest:		Size: Discrete 800x480
[05/09/25 21:17:11] crowsnest:		Interval: Discrete 0.040s (25.000 fps)
[05/09/25 21:17:11] crowsnest:		Size: Discrete 672x456
[05/09/25 21:17:11] crowsnest:		Interval: Discrete 0.033s (30.000 fps)
[05/09/25 21:17:11] crowsnest:		Size: Discrete 640x480
[05/09/25 21:17:11] crowsnest:		Interval: Discrete 0.033s (30.000 fps)
[05/09/25 21:17:11] crowsnest:		Size: Discrete 320x240
[05/09/25 21:17:11] crowsnest:		Interval: Discrete 0.033s (30.000 fps)
[05/09/25 21:17:11] crowsnest: Supported Controls:
[05/09/25 21:17:11] crowsnest:		
[05/09/25 21:17:11] crowsnest:		User Controls
[05/09/25 21:17:11] crowsnest:		
[05/09/25 21:17:11] crowsnest:		brightness 0x00980900 (int)    : min=-64 max=64 step=1 default=0 value=0
[05/09/25 21:17:11] crowsnest:		contrast 0x00980901 (int)    : min=0 max=64 step=1 default=32 value=32
[05/09/25 21:17:11] crowsnest:		saturation 0x00980902 (int)    : min=0 max=128 step=1 default=64 value=64
[05/09/25 21:17:11] crowsnest:		hue 0x00980903 (int)    : min=-40 max=40 step=1 default=0 value=0
[05/09/25 21:17:11] crowsnest:		white_balance_automatic 0x0098090c (bool)   : default=1 value=1
[05/09/25 21:17:11] crowsnest:		gamma 0x00980910 (int)    : min=72 max=500 step=1 default=100 value=100
[05/09/25 21:17:11] crowsnest:		gain 0x00980913 (int)    : min=0 max=100 step=1 default=0 value=0
[05/09/25 21:17:11] crowsnest:		power_line_frequency 0x00980918 (menu)   : min=0 max=2 default=2 value=2
[05/09/25 21:17:11] crowsnest:		0: Disabled
[05/09/25 21:17:11] crowsnest:		1: 50 Hz
[05/09/25 21:17:11] crowsnest:		2: 60 Hz
[05/09/25 21:17:11] crowsnest:		white_balance_temperature 0x0098091a (int)    : min=2800 max=6500 step=1 default=4600 value=4600 flags=inactive
[05/09/25 21:17:11] crowsnest:		sharpness 0x0098091b (int)    : min=0 max=6 step=1 default=3 value=3
[05/09/25 21:17:11] crowsnest:		backlight_compensation 0x0098091c (int)    : min=0 max=2 step=1 default=1 value=1
[05/09/25 21:17:11] crowsnest:		
[05/09/25 21:17:11] crowsnest:		Camera Controls
[05/09/25 21:17:11] crowsnest:		
[05/09/25 21:17:11] crowsnest:		auto_exposure 0x009a0901 (menu)   : min=0 max=3 default=3 value=3
[05/09/25 21:17:11] crowsnest:		1: Manual Mode
[05/09/25 21:17:11] crowsnest:		3: Aperture Priority Mode
[05/09/25 21:17:11] crowsnest:		exposure_time_absolute 0x009a0902 (int)    : min=1 max=5000 step=1 default=156 value=156 flags=inactive
[05/09/25 21:17:11] crowsnest:		exposure_dynamic_framerate 0x009a0903 (bool)   : default=0 value=1
[05/09/25 21:17:11] crowsnest: Try to start configured Cams / Services...
[05/09/25 21:17:16] crowsnest: INFO: Configuration of Section [cam 1] looks good. Continue ...
[05/09/25 21:17:17] crowsnest: V4L2 Control: No parameters set for [cam 1]. Skipped.
[05/09/25 21:17:21] crowsnest: Starting ustreamer with Device /dev/video0 ...
[05/09/25 21:17:22] crowsnest:  ... Done!
[05/09/25 22:17:10] crowsnest: crowsnest - A webcam Service for multiple Cams and Stream Services.
[05/09/25 22:17:10] crowsnest: Version: v4.1.12-1-g9623b5f
[05/09/25 22:17:10] crowsnest: Prepare Startup ...
[05/09/25 22:17:10] crowsnest: INFO: Host information:
[05/09/25 22:17:10] crowsnest: Host Info: Distribution: Debian GNU/Linux 11 (bullseye)
[05/09/25 22:17:10] crowsnest: Host Info: Kernel: Linux 5.16.17-sun50iw9 aarch64
[05/09/25 22:17:10] crowsnest: Host Info: Available CPU Cores: 4
[05/09/25 22:17:10] crowsnest: Host Info: Available Memory: 1010632 kB
[05/09/25 22:17:10] crowsnest: Host Info: Diskspace (avail. / total): 23G / 29G
[05/09/25 22:17:10] crowsnest: INFO: Checking Dependencies
[05/09/25 22:17:10] crowsnest: Dependency: 'crudini' found in /usr/bin/crudini.
[05/09/25 22:17:10] crowsnest: Dependency: 'find' found in /usr/bin/find.
[05/09/25 22:17:11] crowsnest: Dependency: 'xargs' found in /usr/bin/xargs.
[05/09/25 22:17:11] crowsnest: Dependency: 'ustreamer' found in bin/ustreamer/src/ustreamer.bin.
[05/09/25 22:17:11] crowsnest: Version Control: ustreamer is up to date. (v6.31)
[05/09/25 22:17:11] crowsnest: INFO: Print Configfile: '/home/biqu/printer_data/config/crowsnest.conf'
[05/09/25 22:17:11] crowsnest:		[crowsnest]
[05/09/25 22:17:11] crowsnest:		log_path: ~/printer_data/logs/crowsnest.log
[05/09/25 22:17:11] crowsnest:		log_level: verbose
[05/09/25 22:17:11] crowsnest:		delete_log: false
[05/09/25 22:17:11] crowsnest:		no_proxy: false
[05/09/25 22:17:11] crowsnest:		
[05/09/25 22:17:11] crowsnest:		[cam 1]
[05/09/25 22:17:11] crowsnest:		mode: ustreamer
[05/09/25 22:17:11] crowsnest:		
[05/09/25 22:17:11] crowsnest:		enable_rtsp: false
[05/09/25 22:17:11] crowsnest:		rtsp_port: 8554
[05/09/25 22:17:11] crowsnest:		port: 8080
[05/09/25 22:17:11] crowsnest:		device: /dev/video0
[05/09/25 22:17:11] crowsnest:		resolution: 1280x720
[05/09/25 22:17:11] crowsnest:		max_fps: 30
[05/09/25 22:17:11] crowsnest: INFO: Detect available Devices
[05/09/25 22:17:11] crowsnest: INFO: Found 1 total available Device(s)
[05/09/25 22:17:11] crowsnest: INFO: Found 1 available v4l2 (UVC) camera(s)
[05/09/25 22:17:11] crowsnest: /dev/v4l/by-id/usb-HHW_microelectronics_Co.__Ltd._MGS1-video-index0 -> /dev/video0
[05/09/25 22:17:11] crowsnest: Supported Formats:
[05/09/25 22:17:11] crowsnest:		[0]: 'MJPG' (Motion-JPEG, compressed)
[05/09/25 22:17:11] crowsnest:		Size: Discrete 1280x720
[05/09/25 22:17:11] crowsnest:		Interval: Discrete 0.033s (30.000 fps)
[05/09/25 22:17:11] crowsnest:		Interval: Discrete 0.040s (25.000 fps)
[05/09/25 22:17:11] crowsnest:		Interval: Discrete 0.050s (20.000 fps)
[05/09/25 22:17:11] crowsnest:		Interval: Discrete 0.067s (15.000 fps)
[05/09/25 22:17:11] crowsnest:		Interval: Discrete 0.100s (10.000 fps)
[05/09/25 22:17:11] crowsnest:		Interval: Discrete 0.200s (5.000 fps)
[05/09/25 22:17:11] crowsnest:		Size: Discrete 800x480
[05/09/25 22:17:11] crowsnest:		Interval: Discrete 0.033s (30.000 fps)
[05/09/25 22:17:11] crowsnest:		Interval: Discrete 0.040s (25.000 fps)
[05/09/25 22:17:11] crowsnest:		Interval: Discrete 0.050s (20.000 fps)
[05/09/25 22:17:11] crowsnest:		Interval: Discrete 0.067s (15.000 fps)
[05/09/25 22:17:11] crowsnest:		Interval: Discrete 0.100s (10.000 fps)
[05/09/25 22:17:11] crowsnest:		Interval: Discrete 0.200s (5.000 fps)
[05/09/25 22:17:11] crowsnest:		Size: Discrete 672x456
[05/09/25 22:17:11] crowsnest:		Interval: Discrete 0.033s (30.000 fps)
[05/09/25 22:17:11] crowsnest:		Interval: Discrete 0.040s (25.000 fps)
[05/09/25 22:17:11] crowsnest:		Interval: Discrete 0.050s (20.000 fps)
[05/09/25 22:17:11] crowsnest:		Interval: Discrete 0.067s (15.000 fps)
[05/09/25 22:17:11] crowsnest:		Interval: Discrete 0.100s (10.000 fps)
[05/09/25 22:17:11] crowsnest:		Interval: Discrete 0.200s (5.000 fps)
[05/09/25 22:17:11] crowsnest:		Size: Discrete 640x480
[05/09/25 22:17:11] crowsnest:		Interval: Discrete 0.033s (30.000 fps)
[05/09/25 22:17:11] crowsnest:		Interval: Discrete 0.040s (25.000 fps)
[05/09/25 22:17:11] crowsnest:		Interval: Discrete 0.050s (20.000 fps)
[05/09/25 22:17:11] crowsnest:		Interval: Discrete 0.067s (15.000 fps)
[05/09/25 22:17:11] crowsnest:		Interval: Discrete 0.100s (10.000 fps)
[05/09/25 22:17:11] crowsnest:		Interval: Discrete 0.200s (5.000 fps)
[05/09/25 22:17:11] crowsnest:		Size: Discrete 320x240
[05/09/25 22:17:11] crowsnest:		Interval: Discrete 0.033s (30.000 fps)
[05/09/25 22:17:11] crowsnest:		Interval: Discrete 0.040s (25.000 fps)
[05/09/25 22:17:11] crowsnest:		Interval: Discrete 0.050s (20.000 fps)
[05/09/25 22:17:11] crowsnest:		Interval: Discrete 0.067s (15.000 fps)
[05/09/25 22:17:11] crowsnest:		Interval: Discrete 0.100s (10.000 fps)
[05/09/25 22:17:11] crowsnest:		Interval: Discrete 0.200s (5.000 fps)
[05/09/25 22:17:11] crowsnest:		[1]: 'YUYV' (YUYV 4:2:2)
[05/09/25 22:17:11] crowsnest:		Size: Discrete 1280x720
[05/09/25 22:17:11] crowsnest:		Interval: Discrete 0.100s (10.000 fps)
[05/09/25 22:17:11] crowsnest:		Size: Discrete 800x480
[05/09/25 22:17:11] crowsnest:		Interval: Discrete 0.040s (25.000 fps)
[05/09/25 22:17:11] crowsnest:		Size: Discrete 672x456
[05/09/25 22:17:11] crowsnest:		Interval: Discrete 0.033s (30.000 fps)
[05/09/25 22:17:11] crowsnest:		Size: Discrete 640x480
[05/09/25 22:17:11] crowsnest:		Interval: Discrete 0.033s (30.000 fps)
[05/09/25 22:17:11] crowsnest:		Size: Discrete 320x240
[05/09/25 22:17:11] crowsnest:		Interval: Discrete 0.033s (30.000 fps)
[05/09/25 22:17:11] crowsnest: Supported Controls:
[05/09/25 22:17:11] crowsnest:		
[05/09/25 22:17:11] crowsnest:		User Controls
[05/09/25 22:17:11] crowsnest:		
[05/09/25 22:17:11] crowsnest:		brightness 0x00980900 (int)    : min=-64 max=64 step=1 default=0 value=0
[05/09/25 22:17:11] crowsnest:		contrast 0x00980901 (int)    : min=0 max=64 step=1 default=32 value=32
[05/09/25 22:17:11] crowsnest:		saturation 0x00980902 (int)    : min=0 max=128 step=1 default=64 value=64
[05/09/25 22:17:11] crowsnest:		hue 0x00980903 (int)    : min=-40 max=40 step=1 default=0 value=0
[05/09/25 22:17:11] crowsnest:		white_balance_automatic 0x0098090c (bool)   : default=1 value=1
[05/09/25 22:17:11] crowsnest:		gamma 0x00980910 (int)    : min=72 max=500 step=1 default=100 value=100
[05/09/25 22:17:11] crowsnest:		gain 0x00980913 (int)    : min=0 max=100 step=1 default=0 value=0
[05/09/25 22:17:11] crowsnest:		power_line_frequency 0x00980918 (menu)   : min=0 max=2 default=2 value=2
[05/09/25 22:17:11] crowsnest:		0: Disabled
[05/09/25 22:17:11] crowsnest:		1: 50 Hz
[05/09/25 22:17:11] crowsnest:		2: 60 Hz
[05/09/25 22:17:11] crowsnest:		white_balance_temperature 0x0098091a (int)    : min=2800 max=6500 step=1 default=4600 value=4600 flags=inactive
[05/09/25 22:17:11] crowsnest:		sharpness 0x0098091b (int)    : min=0 max=6 step=1 default=3 value=3
[05/09/25 22:17:11] crowsnest:		backlight_compensation 0x0098091c (int)    : min=0 max=2 step=1 default=1 value=1
[05/09/25 22:17:11] crowsnest:		
[05/09/25 22:17:11] crowsnest:		Camera Controls
[05/09/25 22:17:11] crowsnest:		
[05/09/25 22:17:11] crowsnest:		auto_exposure 0x009a0901 (menu)   : min=0 max=3 default=3 value=3
[05/09/25 22:17:11] crowsnest:		1: Manual Mode
[05/09/25 22:17:11] crowsnest:		3: Aperture Priority Mode
[05/09/25 22:17:11] crowsnest:		exposure_time_absolute 0x009a0902 (int)    : min=1 max=5000 step=1 default=156 value=156 flags=inactive
[05/09/25 22:17:11] crowsnest:		exposure_dynamic_framerate 0x009a0903 (bool)   : default=0 value=1
[05/09/25 22:17:11] crowsnest: Try to start configured Cams / Services...
[05/09/25 22:17:17] crowsnest: INFO: Configuration of Section [cam 1] looks good. Continue ...
[05/09/25 22:17:18] crowsnest: V4L2 Control: No parameters set for [cam 1]. Skipped.
[05/09/25 22:17:22] crowsnest: Starting ustreamer with Device /dev/video0 ...
[05/09/25 22:17:23] crowsnest:  ... Done!
[05/09/25 22:17:10] crowsnest: crowsnest - A webcam Service for multiple Cams and Stream Services.
[05/09/25 22:17:10] crowsnest: Version: v4.1.12-1-g9623b5f
[05/09/25 22:17:10] crowsnest: Prepare Startup ...
[05/09/25 22:17:10] crowsnest: INFO: Host information:
[05/09/25 22:17:10] crowsnest: Host Info: Distribution: Debian GNU/Linux 11 (bullseye)
[05/09/25 22:17:10] crowsnest: Host Info: Kernel: Linux 5.16.17-sun50iw9 aarch64
[05/09/25 22:17:10] crowsnest: Host Info: Available CPU Cores: 4
[05/09/25 22:17:10] crowsnest: Host Info: Available Memory: 1010632 kB
[05/09/25 22:17:10] crowsnest: Host Info: Diskspace (avail. / total): 23G / 29G
[05/09/25 22:17:10] crowsnest: INFO: Checking Dependencies
[05/09/25 22:17:10] crowsnest: Dependency: 'crudini' found in /usr/bin/crudini.
[05/09/25 22:17:10] crowsnest: Dependency: 'find' found in /usr/bin/find.
[05/09/25 22:17:11] crowsnest: Dependency: 'xargs' found in /usr/bin/xargs.
[05/09/25 22:17:11] crowsnest: Dependency: 'ustreamer' found in bin/ustreamer/src/ustreamer.bin.
[05/09/25 22:17:11] crowsnest: Version Control: ustreamer is up to date. (v6.31)
[05/09/25 22:17:11] crowsnest: INFO: Print Configfile: '/home/biqu/printer_data/config/crowsnest.conf'
[05/09/25 22:17:11] crowsnest:		[crowsnest]
[05/09/25 22:17:11] crowsnest:		log_path: ~/printer_data/logs/crowsnest.log
[05/09/25 22:17:11] crowsnest:		log_level: verbose
[05/09/25 22:17:11] crowsnest:		delete_log: false
[05/09/25 22:17:11] crowsnest:		no_proxy: false
[05/09/25 22:17:11] crowsnest:		
[05/09/25 22:17:11] crowsnest:		[cam 1]
[05/09/25 22:17:11] crowsnest:		mode: ustreamer
[05/09/25 22:17:11] crowsnest:		
[05/09/25 22:17:11] crowsnest:		enable_rtsp: false
[05/09/25 22:17:11] crowsnest:		rtsp_port: 8554
[05/09/25 22:17:11] crowsnest:		port: 8080
[05/09/25 22:17:11] crowsnest:		device: /dev/video0
[05/09/25 22:17:11] crowsnest:		resolution: 1280x720
[05/09/25 22:17:11] crowsnest:		max_fps: 30
[05/09/25 22:17:11] crowsnest: INFO: Detect available Devices
[05/09/25 22:17:11] crowsnest: INFO: Found 1 total available Device(s)
[05/09/25 22:17:11] crowsnest: INFO: Found 1 available v4l2 (UVC) camera(s)
[05/09/25 22:17:11] crowsnest: /dev/v4l/by-id/usb-HHW_microelectronics_Co.__Ltd._MGS1-video-index0 -> /dev/video0
[05/09/25 22:17:11] crowsnest: Supported Formats:
[05/09/25 22:17:11] crowsnest:		[0]: 'MJPG' (Motion-JPEG, compressed)
[05/09/25 22:17:11] crowsnest:		Size: Discrete 1280x720
[05/09/25 22:17:11] crowsnest:		Interval: Discrete 0.033s (30.000 fps)
[05/09/25 22:17:11] crowsnest:		Interval: Discrete 0.040s (25.000 fps)
[05/09/25 22:17:11] crowsnest:		Interval: Discrete 0.050s (20.000 fps)
[05/09/25 22:17:11] crowsnest:		Interval: Discrete 0.067s (15.000 fps)
[05/09/25 22:17:11] crowsnest:		Interval: Discrete 0.100s (10.000 fps)
[05/09/25 22:17:11] crowsnest:		Interval: Discrete 0.200s (5.000 fps)
[05/09/25 22:17:11] crowsnest:		Size: Discrete 800x480
[05/09/25 22:17:11] crowsnest:		Interval: Discrete 0.033s (30.000 fps)
[05/09/25 22:17:11] crowsnest:		Interval: Discrete 0.040s (25.000 fps)
[05/09/25 22:17:11] crowsnest:		Interval: Discrete 0.050s (20.000 fps)
[05/09/25 22:17:11] crowsnest:		Interval: Discrete 0.067s (15.000 fps)
[05/09/25 22:17:11] crowsnest:		Interval: Discrete 0.100s (10.000 fps)
[05/09/25 22:17:11] crowsnest:		Interval: Discrete 0.200s (5.000 fps)
[05/09/25 22:17:11] crowsnest:		Size: Discrete 672x456
[05/09/25 22:17:11] crowsnest:		Interval: Discrete 0.033s (30.000 fps)
[05/09/25 22:17:11] crowsnest:		Interval: Discrete 0.040s (25.000 fps)
[05/09/25 22:17:11] crowsnest:		Interval: Discrete 0.050s (20.000 fps)
[05/09/25 22:17:11] crowsnest:		Interval: Discrete 0.067s (15.000 fps)
[05/09/25 22:17:11] crowsnest:		Interval: Discrete 0.100s (10.000 fps)
[05/09/25 22:17:11] crowsnest:		Interval: Discrete 0.200s (5.000 fps)
[05/09/25 22:17:11] crowsnest:		Size: Discrete 640x480
[05/09/25 22:17:11] crowsnest:		Interval: Discrete 0.033s (30.000 fps)
[05/09/25 22:17:11] crowsnest:		Interval: Discrete 0.040s (25.000 fps)
[05/09/25 22:17:11] crowsnest:		Interval: Discrete 0.050s (20.000 fps)
[05/09/25 22:17:11] crowsnest:		Interval: Discrete 0.067s (15.000 fps)
[05/09/25 22:17:11] crowsnest:		Interval: Discrete 0.100s (10.000 fps)
[05/09/25 22:17:11] crowsnest:		Interval: Discrete 0.200s (5.000 fps)
[05/09/25 22:17:11] crowsnest:		Size: Discrete 320x240
[05/09/25 22:17:11] crowsnest:		Interval: Discrete 0.033s (30.000 fps)
[05/09/25 22:17:11] crowsnest:		Interval: Discrete 0.040s (25.000 fps)
[05/09/25 22:17:11] crowsnest:		Interval: Discrete 0.050s (20.000 fps)
[05/09/25 22:17:11] crowsnest:		Interval: Discrete 0.067s (15.000 fps)
[05/09/25 22:17:11] crowsnest:		Interval: Discrete 0.100s (10.000 fps)
[05/09/25 22:17:11] crowsnest:		Interval: Discrete 0.200s (5.000 fps)
[05/09/25 22:17:11] crowsnest:		[1]: 'YUYV' (YUYV 4:2:2)
[05/09/25 22:17:11] crowsnest:		Size: Discrete 1280x720
[05/09/25 22:17:11] crowsnest:		Interval: Discrete 0.100s (10.000 fps)
[05/09/25 22:17:11] crowsnest:		Size: Discrete 800x480
[05/09/25 22:17:11] crowsnest:		Interval: Discrete 0.040s (25.000 fps)
[05/09/25 22:17:11] crowsnest:		Size: Discrete 672x456
[05/09/25 22:17:11] crowsnest:		Interval: Discrete 0.033s (30.000 fps)
[05/09/25 22:17:11] crowsnest:		Size: Discrete 640x480
[05/09/25 22:17:11] crowsnest:		Interval: Discrete 0.033s (30.000 fps)
[05/09/25 22:17:11] crowsnest:		Size: Discrete 320x240
[05/09/25 22:17:11] crowsnest:		Interval: Discrete 0.033s (30.000 fps)
[05/09/25 22:17:11] crowsnest: Supported Controls:
[05/09/25 22:17:11] crowsnest:		
[05/09/25 22:17:11] crowsnest:		User Controls
[05/09/25 22:17:11] crowsnest:		
[05/09/25 22:17:11] crowsnest:		brightness 0x00980900 (int)    : min=-64 max=64 step=1 default=0 value=0
[05/09/25 22:17:11] crowsnest:		contrast 0x00980901 (int)    : min=0 max=64 step=1 default=32 value=32
[05/09/25 22:17:11] crowsnest:		saturation 0x00980902 (int)    : min=0 max=128 step=1 default=64 value=64
[05/09/25 22:17:11] crowsnest:		hue 0x00980903 (int)    : min=-40 max=40 step=1 default=0 value=0
[05/09/25 22:17:11] crowsnest:		white_balance_automatic 0x0098090c (bool)   : default=1 value=1
[05/09/25 22:17:11] crowsnest:		gamma 0x00980910 (int)    : min=72 max=500 step=1 default=100 value=100
[05/09/25 22:17:11] crowsnest:		gain 0x00980913 (int)    : min=0 max=100 step=1 default=0 value=0
[05/09/25 22:17:11] crowsnest:		power_line_frequency 0x00980918 (menu)   : min=0 max=2 default=2 value=2
[05/09/25 22:17:11] crowsnest:		0: Disabled
[05/09/25 22:17:11] crowsnest:		1: 50 Hz
[05/09/25 22:17:11] crowsnest:		2: 60 Hz
[05/09/25 22:17:11] crowsnest:		white_balance_temperature 0x0098091a (int)    : min=2800 max=6500 step=1 default=4600 value=4600 flags=inactive
[05/09/25 22:17:11] crowsnest:		sharpness 0x0098091b (int)    : min=0 max=6 step=1 default=3 value=3
[05/09/25 22:17:11] crowsnest:		backlight_compensation 0x0098091c (int)    : min=0 max=2 step=1 default=1 value=1
[05/09/25 22:17:11] crowsnest:		
[05/09/25 22:17:11] crowsnest:		Camera Controls
[05/09/25 22:17:11] crowsnest:		
[05/09/25 22:17:11] crowsnest:		auto_exposure 0x009a0901 (menu)   : min=0 max=3 default=3 value=3
[05/09/25 22:17:11] crowsnest:		1: Manual Mode
[05/09/25 22:17:11] crowsnest:		3: Aperture Priority Mode
[05/09/25 22:17:11] crowsnest:		exposure_time_absolute 0x009a0902 (int)    : min=1 max=5000 step=1 default=156 value=156 flags=inactive
[05/09/25 22:17:11] crowsnest:		exposure_dynamic_framerate 0x009a0903 (bool)   : default=0 value=1
[05/09/25 22:17:11] crowsnest: Try to start configured Cams / Services...
[05/09/25 22:17:16] crowsnest: INFO: Configuration of Section [cam 1] looks good. Continue ...
[05/09/25 22:17:18] crowsnest: V4L2 Control: No parameters set for [cam 1]. Skipped.
[05/09/25 22:17:21] crowsnest: Starting ustreamer with Device /dev/video0 ...
[05/09/25 22:17:22] crowsnest:  ... Done!
[05/09/25 22:17:10] crowsnest: crowsnest - A webcam Service for multiple Cams and Stream Services.
[05/09/25 22:17:10] crowsnest: Version: v4.1.12-1-g9623b5f
[05/09/25 22:17:10] crowsnest: Prepare Startup ...
[05/09/25 22:17:10] crowsnest: INFO: Host information:
[05/09/25 22:17:10] crowsnest: Host Info: Distribution: Debian GNU/Linux 11 (bullseye)
[05/09/25 22:17:10] crowsnest: Host Info: Kernel: Linux 5.16.17-sun50iw9 aarch64
[05/09/25 22:17:10] crowsnest: Host Info: Available CPU Cores: 4
[05/09/25 22:17:10] crowsnest: Host Info: Available Memory: 1010632 kB
[05/09/25 22:17:10] crowsnest: Host Info: Diskspace (avail. / total): 23G / 29G
[05/09/25 22:17:10] crowsnest: INFO: Checking Dependencies
[05/09/25 22:17:10] crowsnest: Dependency: 'crudini' found in /usr/bin/crudini.
[05/09/25 22:17:11] crowsnest: Dependency: 'find' found in /usr/bin/find.
[05/09/25 22:17:11] crowsnest: Dependency: 'xargs' found in /usr/bin/xargs.
[05/09/25 22:17:11] crowsnest: Dependency: 'ustreamer' found in bin/ustreamer/src/ustreamer.bin.
[05/09/25 22:17:11] crowsnest: Version Control: ustreamer is up to date. (v6.31)
[05/09/25 22:17:11] crowsnest: INFO: Print Configfile: '/home/biqu/printer_data/config/crowsnest.conf'
[05/09/25 22:17:11] crowsnest:		[crowsnest]
[05/09/25 22:17:11] crowsnest:		log_path: ~/printer_data/logs/crowsnest.log
[05/09/25 22:17:11] crowsnest:		log_level: verbose
[05/09/25 22:17:11] crowsnest:		delete_log: false
[05/09/25 22:17:11] crowsnest:		no_proxy: false
[05/09/25 22:17:11] crowsnest:		
[05/09/25 22:17:11] crowsnest:		[cam 1]
[05/09/25 22:17:11] crowsnest:		mode: ustreamer
[05/09/25 22:17:11] crowsnest:		
[05/09/25 22:17:11] crowsnest:		enable_rtsp: false
[05/09/25 22:17:11] crowsnest:		rtsp_port: 8554
[05/09/25 22:17:11] crowsnest:		port: 8080
[05/09/25 22:17:11] crowsnest:		device: /dev/video0
[05/09/25 22:17:11] crowsnest:		resolution: 1280x720
[05/09/25 22:17:11] crowsnest:		max_fps: 30
[05/09/25 22:17:11] crowsnest: INFO: Detect available Devices
[05/09/25 22:17:11] crowsnest: INFO: Found 1 total available Device(s)
[05/09/25 22:17:11] crowsnest: INFO: Found 1 available v4l2 (UVC) camera(s)
[05/09/25 22:17:11] crowsnest: /dev/v4l/by-id/usb-HHW_microelectronics_Co.__Ltd._MGS1-video-index0 -> /dev/video0
[05/09/25 22:17:11] crowsnest: Supported Formats:
[05/09/25 22:17:11] crowsnest:		[0]: 'MJPG' (Motion-JPEG, compressed)
[05/09/25 22:17:11] crowsnest:		Size: Discrete 1280x720
[05/09/25 22:17:11] crowsnest:		Interval: Discrete 0.033s (30.000 fps)
[05/09/25 22:17:11] crowsnest:		Interval: Discrete 0.040s (25.000 fps)
[05/09/25 22:17:11] crowsnest:		Interval: Discrete 0.050s (20.000 fps)
[05/09/25 22:17:11] crowsnest:		Interval: Discrete 0.067s (15.000 fps)
[05/09/25 22:17:11] crowsnest:		Interval: Discrete 0.100s (10.000 fps)
[05/09/25 22:17:11] crowsnest:		Interval: Discrete 0.200s (5.000 fps)
[05/09/25 22:17:11] crowsnest:		Size: Discrete 800x480
[05/09/25 22:17:11] crowsnest:		Interval: Discrete 0.033s (30.000 fps)
[05/09/25 22:17:11] crowsnest:		Interval: Discrete 0.040s (25.000 fps)
[05/09/25 22:17:11] crowsnest:		Interval: Discrete 0.050s (20.000 fps)
[05/09/25 22:17:11] crowsnest:		Interval: Discrete 0.067s (15.000 fps)
[05/09/25 22:17:11] crowsnest:		Interval: Discrete 0.100s (10.000 fps)
[05/09/25 22:17:11] crowsnest:		Interval: Discrete 0.200s (5.000 fps)
[05/09/25 22:17:11] crowsnest:		Size: Discrete 672x456
[05/09/25 22:17:11] crowsnest:		Interval: Discrete 0.033s (30.000 fps)
[05/09/25 22:17:11] crowsnest:		Interval: Discrete 0.040s (25.000 fps)
[05/09/25 22:17:11] crowsnest:		Interval: Discrete 0.050s (20.000 fps)
[05/09/25 22:17:11] crowsnest:		Interval: Discrete 0.067s (15.000 fps)
[05/09/25 22:17:11] crowsnest:		Interval: Discrete 0.100s (10.000 fps)
[05/09/25 22:17:11] crowsnest:		Interval: Discrete 0.200s (5.000 fps)
[05/09/25 22:17:11] crowsnest:		Size: Discrete 640x480
[05/09/25 22:17:11] crowsnest:		Interval: Discrete 0.033s (30.000 fps)
[05/09/25 22:17:11] crowsnest:		Interval: Discrete 0.040s (25.000 fps)
[05/09/25 22:17:11] crowsnest:		Interval: Discrete 0.050s (20.000 fps)
[05/09/25 22:17:11] crowsnest:		Interval: Discrete 0.067s (15.000 fps)
[05/09/25 22:17:11] crowsnest:		Interval: Discrete 0.100s (10.000 fps)
[05/09/25 22:17:11] crowsnest:		Interval: Discrete 0.200s (5.000 fps)
[05/09/25 22:17:11] crowsnest:		Size: Discrete 320x240
[05/09/25 22:17:11] crowsnest:		Interval: Discrete 0.033s (30.000 fps)
[05/09/25 22:17:11] crowsnest:		Interval: Discrete 0.040s (25.000 fps)
[05/09/25 22:17:11] crowsnest:		Interval: Discrete 0.050s (20.000 fps)
[05/09/25 22:17:11] crowsnest:		Interval: Discrete 0.067s (15.000 fps)
[05/09/25 22:17:11] crowsnest:		Interval: Discrete 0.100s (10.000 fps)
[05/09/25 22:17:11] crowsnest:		Interval: Discrete 0.200s (5.000 fps)
[05/09/25 22:17:11] crowsnest:		[1]: 'YUYV' (YUYV 4:2:2)
[05/09/25 22:17:11] crowsnest:		Size: Discrete 1280x720
[05/09/25 22:17:11] crowsnest:		Interval: Discrete 0.100s (10.000 fps)
[05/09/25 22:17:11] crowsnest:		Size: Discrete 800x480
[05/09/25 22:17:11] crowsnest:		Interval: Discrete 0.040s (25.000 fps)
[05/09/25 22:17:11] crowsnest:		Size: Discrete 672x456
[05/09/25 22:17:11] crowsnest:		Interval: Discrete 0.033s (30.000 fps)
[05/09/25 22:17:11] crowsnest:		Size: Discrete 640x480
[05/09/25 22:17:11] crowsnest:		Interval: Discrete 0.033s (30.000 fps)
[05/09/25 22:17:11] crowsnest:		Size: Discrete 320x240
[05/09/25 22:17:11] crowsnest:		Interval: Discrete 0.033s (30.000 fps)
[05/09/25 22:17:11] crowsnest: Supported Controls:
[05/09/25 22:17:11] crowsnest:		
[05/09/25 22:17:11] crowsnest:		User Controls
[05/09/25 22:17:11] crowsnest:		
[05/09/25 22:17:11] crowsnest:		brightness 0x00980900 (int)    : min=-64 max=64 step=1 default=0 value=0
[05/09/25 22:17:11] crowsnest:		contrast 0x00980901 (int)    : min=0 max=64 step=1 default=32 value=32
[05/09/25 22:17:11] crowsnest:		saturation 0x00980902 (int)    : min=0 max=128 step=1 default=64 value=64
[05/09/25 22:17:11] crowsnest:		hue 0x00980903 (int)    : min=-40 max=40 step=1 default=0 value=0
[05/09/25 22:17:11] crowsnest:		white_balance_automatic 0x0098090c (bool)   : default=1 value=1
[05/09/25 22:17:11] crowsnest:		gamma 0x00980910 (int)    : min=72 max=500 step=1 default=100 value=100
[05/09/25 22:17:11] crowsnest:		gain 0x00980913 (int)    : min=0 max=100 step=1 default=0 value=0
[05/09/25 22:17:11] crowsnest:		power_line_frequency 0x00980918 (menu)   : min=0 max=2 default=2 value=2
[05/09/25 22:17:11] crowsnest:		0: Disabled
[05/09/25 22:17:11] crowsnest:		1: 50 Hz
[05/09/25 22:17:11] crowsnest:		2: 60 Hz
[05/09/25 22:17:11] crowsnest:		white_balance_temperature 0x0098091a (int)    : min=2800 max=6500 step=1 default=4600 value=4600 flags=inactive
[05/09/25 22:17:11] crowsnest:		sharpness 0x0098091b (int)    : min=0 max=6 step=1 default=3 value=3
[05/09/25 22:17:11] crowsnest:		backlight_compensation 0x0098091c (int)    : min=0 max=2 step=1 default=1 value=1
[05/09/25 22:17:11] crowsnest:		
[05/09/25 22:17:11] crowsnest:		Camera Controls
[05/09/25 22:17:11] crowsnest:		
[05/09/25 22:17:11] crowsnest:		auto_exposure 0x009a0901 (menu)   : min=0 max=3 default=3 value=3
[05/09/25 22:17:11] crowsnest:		1: Manual Mode
[05/09/25 22:17:11] crowsnest:		3: Aperture Priority Mode
[05/09/25 22:17:11] crowsnest:		exposure_time_absolute 0x009a0902 (int)    : min=1 max=5000 step=1 default=156 value=156 flags=inactive
[05/09/25 22:17:11] crowsnest:		exposure_dynamic_framerate 0x009a0903 (bool)   : default=0 value=1
[05/09/25 22:17:11] crowsnest: Try to start configured Cams / Services...
[05/09/25 22:17:17] crowsnest: INFO: Configuration of Section [cam 1] looks good. Continue ...
[05/09/25 22:17:19] crowsnest: V4L2 Control: No parameters set for [cam 1]. Skipped.
[05/09/25 22:17:22] crowsnest: Starting ustreamer with Device /dev/video0 ...
[05/09/25 22:17:24] crowsnest:  ... Done!
[05/10/25 10:17:10] crowsnest: crowsnest - A webcam Service for multiple Cams and Stream Services.
[05/10/25 10:17:10] crowsnest: Version: v4.1.12-1-g9623b5f
[05/10/25 10:17:10] crowsnest: Prepare Startup ...
[05/10/25 10:17:10] crowsnest: INFO: Host information:
[05/10/25 10:17:10] crowsnest: Host Info: Distribution: Debian GNU/Linux 11 (bullseye)
[05/10/25 10:17:10] crowsnest: Host Info: Kernel: Linux 5.16.17-sun50iw9 aarch64
[05/10/25 10:17:10] crowsnest: Host Info: Available CPU Cores: 4
[05/10/25 10:17:10] crowsnest: Host Info: Available Memory: 1010632 kB
[05/10/25 10:17:10] crowsnest: Host Info: Diskspace (avail. / total): 23G / 29G
[05/10/25 10:17:10] crowsnest: INFO: Checking Dependencies
[05/10/25 10:17:11] crowsnest: Dependency: 'crudini' found in /usr/bin/crudini.
[05/10/25 10:17:11] crowsnest: Dependency: 'find' found in /usr/bin/find.
[05/10/25 10:17:11] crowsnest: Dependency: 'xargs' found in /usr/bin/xargs.
[05/10/25 10:17:11] crowsnest: Dependency: 'ustreamer' found in bin/ustreamer/src/ustreamer.bin.
[05/10/25 10:17:11] crowsnest: Version Control: ustreamer is up to date. (v6.31)
[05/10/25 10:17:11] crowsnest: INFO: Print Configfile: '/home/biqu/printer_data/config/crowsnest.conf'
[05/10/25 10:17:11] crowsnest:		[crowsnest]
[05/10/25 10:17:11] crowsnest:		log_path: ~/printer_data/logs/crowsnest.log
[05/10/25 10:17:11] crowsnest:		log_level: verbose
[05/10/25 10:17:11] crowsnest:		delete_log: false
[05/10/25 10:17:11] crowsnest:		no_proxy: false
[05/10/25 10:17:11] crowsnest:		
[05/10/25 10:17:11] crowsnest:		[cam 1]
[05/10/25 10:17:11] crowsnest:		mode: ustreamer
[05/10/25 10:17:11] crowsnest:		
[05/10/25 10:17:11] crowsnest:		enable_rtsp: false
[05/10/25 10:17:11] crowsnest:		rtsp_port: 8554
[05/10/25 10:17:11] crowsnest:		port: 8080
[05/10/25 10:17:11] crowsnest:		device: /dev/video0
[05/10/25 10:17:11] crowsnest:		resolution: 1280x720
[05/10/25 10:17:11] crowsnest:		max_fps: 30
[05/10/25 10:17:11] crowsnest: INFO: Detect available Devices
[05/10/25 10:17:11] crowsnest: INFO: Found 1 total available Device(s)
[05/10/25 10:17:11] crowsnest: INFO: Found 1 available v4l2 (UVC) camera(s)
[05/10/25 10:17:11] crowsnest: /dev/v4l/by-id/usb-HHW_microelectronics_Co.__Ltd._MGS1-video-index0 -> /dev/video0
[05/10/25 10:17:11] crowsnest: Supported Formats:
[05/10/25 10:17:11] crowsnest:		[0]: 'MJPG' (Motion-JPEG, compressed)
[05/10/25 10:17:11] crowsnest:		Size: Discrete 1280x720
[05/10/25 10:17:11] crowsnest:		Interval: Discrete 0.033s (30.000 fps)
[05/10/25 10:17:11] crowsnest:		Interval: Discrete 0.040s (25.000 fps)
[05/10/25 10:17:11] crowsnest:		Interval: Discrete 0.050s (20.000 fps)
[05/10/25 10:17:11] crowsnest:		Interval: Discrete 0.067s (15.000 fps)
[05/10/25 10:17:11] crowsnest:		Interval: Discrete 0.100s (10.000 fps)
[05/10/25 10:17:11] crowsnest:		Interval: Discrete 0.200s (5.000 fps)
[05/10/25 10:17:11] crowsnest:		Size: Discrete 800x480
[05/10/25 10:17:11] crowsnest:		Interval: Discrete 0.033s (30.000 fps)
[05/10/25 10:17:11] crowsnest:		Interval: Discrete 0.040s (25.000 fps)
[05/10/25 10:17:11] crowsnest:		Interval: Discrete 0.050s (20.000 fps)
[05/10/25 10:17:11] crowsnest:		Interval: Discrete 0.067s (15.000 fps)
[05/10/25 10:17:11] crowsnest:		Interval: Discrete 0.100s (10.000 fps)
[05/10/25 10:17:11] crowsnest:		Interval: Discrete 0.200s (5.000 fps)
[05/10/25 10:17:11] crowsnest:		Size: Discrete 672x456
[05/10/25 10:17:11] crowsnest:		Interval: Discrete 0.033s (30.000 fps)
[05/10/25 10:17:11] crowsnest:		Interval: Discrete 0.040s (25.000 fps)
[05/10/25 10:17:11] crowsnest:		Interval: Discrete 0.050s (20.000 fps)
[05/10/25 10:17:11] crowsnest:		Interval: Discrete 0.067s (15.000 fps)
[05/10/25 10:17:11] crowsnest:		Interval: Discrete 0.100s (10.000 fps)
[05/10/25 10:17:11] crowsnest:		Interval: Discrete 0.200s (5.000 fps)
[05/10/25 10:17:11] crowsnest:		Size: Discrete 640x480
[05/10/25 10:17:11] crowsnest:		Interval: Discrete 0.033s (30.000 fps)
[05/10/25 10:17:11] crowsnest:		Interval: Discrete 0.040s (25.000 fps)
[05/10/25 10:17:11] crowsnest:		Interval: Discrete 0.050s (20.000 fps)
[05/10/25 10:17:11] crowsnest:		Interval: Discrete 0.067s (15.000 fps)
[05/10/25 10:17:11] crowsnest:		Interval: Discrete 0.100s (10.000 fps)
[05/10/25 10:17:11] crowsnest:		Interval: Discrete 0.200s (5.000 fps)
[05/10/25 10:17:11] crowsnest:		Size: Discrete 320x240
[05/10/25 10:17:11] crowsnest:		Interval: Discrete 0.033s (30.000 fps)
[05/10/25 10:17:11] crowsnest:		Interval: Discrete 0.040s (25.000 fps)
[05/10/25 10:17:11] crowsnest:		Interval: Discrete 0.050s (20.000 fps)
[05/10/25 10:17:11] crowsnest:		Interval: Discrete 0.067s (15.000 fps)
[05/10/25 10:17:11] crowsnest:		Interval: Discrete 0.100s (10.000 fps)
[05/10/25 10:17:11] crowsnest:		Interval: Discrete 0.200s (5.000 fps)
[05/10/25 10:17:11] crowsnest:		[1]: 'YUYV' (YUYV 4:2:2)
[05/10/25 10:17:11] crowsnest:		Size: Discrete 1280x720
[05/10/25 10:17:11] crowsnest:		Interval: Discrete 0.100s (10.000 fps)
[05/10/25 10:17:11] crowsnest:		Size: Discrete 800x480
[05/10/25 10:17:11] crowsnest:		Interval: Discrete 0.040s (25.000 fps)
[05/10/25 10:17:11] crowsnest:		Size: Discrete 672x456
[05/10/25 10:17:11] crowsnest:		Interval: Discrete 0.033s (30.000 fps)
[05/10/25 10:17:11] crowsnest:		Size: Discrete 640x480
[05/10/25 10:17:11] crowsnest:		Interval: Discrete 0.033s (30.000 fps)
[05/10/25 10:17:11] crowsnest:		Size: Discrete 320x240
[05/10/25 10:17:11] crowsnest:		Interval: Discrete 0.033s (30.000 fps)
[05/10/25 10:17:11] crowsnest: Supported Controls:
[05/10/25 10:17:11] crowsnest:		
[05/10/25 10:17:11] crowsnest:		User Controls
[05/10/25 10:17:11] crowsnest:		
[05/10/25 10:17:11] crowsnest:		brightness 0x00980900 (int)    : min=-64 max=64 step=1 default=0 value=0
[05/10/25 10:17:11] crowsnest:		contrast 0x00980901 (int)    : min=0 max=64 step=1 default=32 value=32
[05/10/25 10:17:11] crowsnest:		saturation 0x00980902 (int)    : min=0 max=128 step=1 default=64 value=64
[05/10/25 10:17:11] crowsnest:		hue 0x00980903 (int)    : min=-40 max=40 step=1 default=0 value=0
[05/10/25 10:17:11] crowsnest:		white_balance_automatic 0x0098090c (bool)   : default=1 value=1
[05/10/25 10:17:11] crowsnest:		gamma 0x00980910 (int)    : min=72 max=500 step=1 default=100 value=100
[05/10/25 10:17:11] crowsnest:		gain 0x00980913 (int)    : min=0 max=100 step=1 default=0 value=0
[05/10/25 10:17:11] crowsnest:		power_line_frequency 0x00980918 (menu)   : min=0 max=2 default=2 value=2
[05/10/25 10:17:11] crowsnest:		0: Disabled
[05/10/25 10:17:11] crowsnest:		1: 50 Hz
[05/10/25 10:17:11] crowsnest:		2: 60 Hz
[05/10/25 10:17:11] crowsnest:		white_balance_temperature 0x0098091a (int)    : min=2800 max=6500 step=1 default=4600 value=4600 flags=inactive
[05/10/25 10:17:11] crowsnest:		sharpness 0x0098091b (int)    : min=0 max=6 step=1 default=3 value=3
[05/10/25 10:17:11] crowsnest:		backlight_compensation 0x0098091c (int)    : min=0 max=2 step=1 default=1 value=1
[05/10/25 10:17:11] crowsnest:		
[05/10/25 10:17:11] crowsnest:		Camera Controls
[05/10/25 10:17:11] crowsnest:		
[05/10/25 10:17:11] crowsnest:		auto_exposure 0x009a0901 (menu)   : min=0 max=3 default=3 value=3
[05/10/25 10:17:11] crowsnest:		1: Manual Mode
[05/10/25 10:17:11] crowsnest:		3: Aperture Priority Mode
[05/10/25 10:17:11] crowsnest:		exposure_time_absolute 0x009a0902 (int)    : min=1 max=5000 step=1 default=156 value=156 flags=inactive
[05/10/25 10:17:11] crowsnest:		exposure_dynamic_framerate 0x009a0903 (bool)   : default=0 value=1
[05/10/25 10:17:11] crowsnest: Try to start configured Cams / Services...
[05/10/25 10:17:17] crowsnest: INFO: Configuration of Section [cam 1] looks good. Continue ...
[05/10/25 10:17:18] crowsnest: V4L2 Control: No parameters set for [cam 1]. Skipped.
[05/10/25 10:17:22] crowsnest: Starting ustreamer with Device /dev/video0 ...
[05/10/25 10:17:23] crowsnest:  ... Done!
[05/10/25 11:00:47] crowsnest: Shutdown or Killed by User!
[05/10/25 11:00:47] crowsnest: Please come again :)
[05/10/25 11:00:47] crowsnest: Goodbye...
[05/10/25 11:00:58] crowsnest: crowsnest - A webcam Service for multiple Cams and Stream Services.
[05/10/25 11:00:58] crowsnest: Version: v4.1.12-1-g9623b5f
[05/10/25 11:00:58] crowsnest: Prepare Startup ...
[05/10/25 11:00:58] crowsnest: INFO: Host information:
[05/10/25 11:00:58] crowsnest: Host Info: Distribution: Debian GNU/Linux 11 (bullseye)
[05/10/25 11:00:58] crowsnest: Host Info: Kernel: Linux 5.16.17-sun50iw9 aarch64
[05/10/25 11:00:58] crowsnest: Host Info: Available CPU Cores: 4
[05/10/25 11:00:58] crowsnest: Host Info: Available Memory: 1010632 kB
[05/10/25 11:00:58] crowsnest: Host Info: Diskspace (avail. / total): 23G / 29G
[05/10/25 11:00:58] crowsnest: INFO: Checking Dependencies
[05/10/25 11:00:58] crowsnest: Dependency: 'crudini' found in /usr/bin/crudini.
[05/10/25 11:00:59] crowsnest: Dependency: 'find' found in /usr/bin/find.
[05/10/25 11:00:59] crowsnest: Dependency: 'xargs' found in /usr/bin/xargs.
[05/10/25 11:00:59] crowsnest: Dependency: 'ustreamer' found in bin/ustreamer/src/ustreamer.bin.
[05/10/25 11:00:59] crowsnest: Version Control: ustreamer is up to date. (v6.31)
[05/10/25 11:00:59] crowsnest: INFO: Print Configfile: '/home/biqu/printer_data/config/crowsnest.conf'
[05/10/25 11:00:59] crowsnest:		[crowsnest]
[05/10/25 11:00:59] crowsnest:		log_path: ~/printer_data/logs/crowsnest.log
[05/10/25 11:00:59] crowsnest:		log_level: verbose
[05/10/25 11:00:59] crowsnest:		delete_log: false
[05/10/25 11:00:59] crowsnest:		no_proxy: false
[05/10/25 11:00:59] crowsnest:		
[05/10/25 11:00:59] crowsnest:		[cam 1]
[05/10/25 11:00:59] crowsnest:		mode: ustreamer
[05/10/25 11:00:59] crowsnest:		
[05/10/25 11:00:59] crowsnest:		enable_rtsp: false
[05/10/25 11:00:59] crowsnest:		rtsp_port: 8554
[05/10/25 11:00:59] crowsnest:		port: 8080
[05/10/25 11:00:59] crowsnest:		device: /dev/video0
[05/10/25 11:00:59] crowsnest:		resolution: 1280x720
[05/10/25 11:00:59] crowsnest:		max_fps: 30
[05/10/25 11:00:59] crowsnest: INFO: Detect available Devices
[05/10/25 11:00:59] crowsnest: INFO: Found 1 total available Device(s)
[05/10/25 11:00:59] crowsnest: INFO: Found 1 available v4l2 (UVC) camera(s)
[05/10/25 11:00:59] crowsnest: /dev/v4l/by-id/usb-HHW_microelectronics_Co.__Ltd._MGS1-video-index0 -> /dev/video0
[05/10/25 11:00:59] crowsnest: Supported Formats:
[05/10/25 11:00:59] crowsnest:		[0]: 'MJPG' (Motion-JPEG, compressed)
[05/10/25 11:00:59] crowsnest:		Size: Discrete 1280x720
[05/10/25 11:00:59] crowsnest:		Interval: Discrete 0.033s (30.000 fps)
[05/10/25 11:00:59] crowsnest:		Interval: Discrete 0.040s (25.000 fps)
[05/10/25 11:00:59] crowsnest:		Interval: Discrete 0.050s (20.000 fps)
[05/10/25 11:00:59] crowsnest:		Interval: Discrete 0.067s (15.000 fps)
[05/10/25 11:00:59] crowsnest:		Interval: Discrete 0.100s (10.000 fps)
[05/10/25 11:00:59] crowsnest:		Interval: Discrete 0.200s (5.000 fps)
[05/10/25 11:00:59] crowsnest:		Size: Discrete 800x480
[05/10/25 11:00:59] crowsnest:		Interval: Discrete 0.033s (30.000 fps)
[05/10/25 11:00:59] crowsnest:		Interval: Discrete 0.040s (25.000 fps)
[05/10/25 11:00:59] crowsnest:		Interval: Discrete 0.050s (20.000 fps)
[05/10/25 11:00:59] crowsnest:		Interval: Discrete 0.067s (15.000 fps)
[05/10/25 11:00:59] crowsnest:		Interval: Discrete 0.100s (10.000 fps)
[05/10/25 11:00:59] crowsnest:		Interval: Discrete 0.200s (5.000 fps)
[05/10/25 11:00:59] crowsnest:		Size: Discrete 672x456
[05/10/25 11:00:59] crowsnest:		Interval: Discrete 0.033s (30.000 fps)
[05/10/25 11:00:59] crowsnest:		Interval: Discrete 0.040s (25.000 fps)
[05/10/25 11:00:59] crowsnest:		Interval: Discrete 0.050s (20.000 fps)
[05/10/25 11:00:59] crowsnest:		Interval: Discrete 0.067s (15.000 fps)
[05/10/25 11:00:59] crowsnest:		Interval: Discrete 0.100s (10.000 fps)
[05/10/25 11:00:59] crowsnest:		Interval: Discrete 0.200s (5.000 fps)
[05/10/25 11:00:59] crowsnest:		Size: Discrete 640x480
[05/10/25 11:00:59] crowsnest:		Interval: Discrete 0.033s (30.000 fps)
[05/10/25 11:00:59] crowsnest:		Interval: Discrete 0.040s (25.000 fps)
[05/10/25 11:00:59] crowsnest:		Interval: Discrete 0.050s (20.000 fps)
[05/10/25 11:00:59] crowsnest:		Interval: Discrete 0.067s (15.000 fps)
[05/10/25 11:00:59] crowsnest:		Interval: Discrete 0.100s (10.000 fps)
[05/10/25 11:00:59] crowsnest:		Interval: Discrete 0.200s (5.000 fps)
[05/10/25 11:00:59] crowsnest:		Size: Discrete 320x240
[05/10/25 11:00:59] crowsnest:		Interval: Discrete 0.033s (30.000 fps)
[05/10/25 11:00:59] crowsnest:		Interval: Discrete 0.040s (25.000 fps)
[05/10/25 11:00:59] crowsnest:		Interval: Discrete 0.050s (20.000 fps)
[05/10/25 11:00:59] crowsnest:		Interval: Discrete 0.067s (15.000 fps)
[05/10/25 11:00:59] crowsnest:		Interval: Discrete 0.100s (10.000 fps)
[05/10/25 11:00:59] crowsnest:		Interval: Discrete 0.200s (5.000 fps)
[05/10/25 11:00:59] crowsnest:		[1]: 'YUYV' (YUYV 4:2:2)
[05/10/25 11:00:59] crowsnest:		Size: Discrete 1280x720
[05/10/25 11:00:59] crowsnest:		Interval: Discrete 0.100s (10.000 fps)
[05/10/25 11:00:59] crowsnest:		Size: Discrete 800x480
[05/10/25 11:00:59] crowsnest:		Interval: Discrete 0.040s (25.000 fps)
[05/10/25 11:00:59] crowsnest:		Size: Discrete 672x456
[05/10/25 11:00:59] crowsnest:		Interval: Discrete 0.033s (30.000 fps)
[05/10/25 11:00:59] crowsnest:		Size: Discrete 640x480
[05/10/25 11:00:59] crowsnest:		Interval: Discrete 0.033s (30.000 fps)
[05/10/25 11:00:59] crowsnest:		Size: Discrete 320x240
[05/10/25 11:00:59] crowsnest:		Interval: Discrete 0.033s (30.000 fps)
[05/10/25 11:00:59] crowsnest: Supported Controls:
[05/10/25 11:00:59] crowsnest:		
[05/10/25 11:00:59] crowsnest:		User Controls
[05/10/25 11:00:59] crowsnest:		
[05/10/25 11:00:59] crowsnest:		brightness 0x00980900 (int)    : min=-64 max=64 step=1 default=0 value=0
[05/10/25 11:00:59] crowsnest:		contrast 0x00980901 (int)    : min=0 max=64 step=1 default=32 value=32
[05/10/25 11:00:59] crowsnest:		saturation 0x00980902 (int)    : min=0 max=128 step=1 default=64 value=64
[05/10/25 11:00:59] crowsnest:		hue 0x00980903 (int)    : min=-40 max=40 step=1 default=0 value=0
[05/10/25 11:00:59] crowsnest:		white_balance_automatic 0x0098090c (bool)   : default=1 value=1
[05/10/25 11:00:59] crowsnest:		gamma 0x00980910 (int)    : min=72 max=500 step=1 default=100 value=100
[05/10/25 11:00:59] crowsnest:		gain 0x00980913 (int)    : min=0 max=100 step=1 default=0 value=0
[05/10/25 11:00:59] crowsnest:		power_line_frequency 0x00980918 (menu)   : min=0 max=2 default=2 value=2
[05/10/25 11:00:59] crowsnest:		0: Disabled
[05/10/25 11:00:59] crowsnest:		1: 50 Hz
[05/10/25 11:00:59] crowsnest:		2: 60 Hz
[05/10/25 11:00:59] crowsnest:		white_balance_temperature 0x0098091a (int)    : min=2800 max=6500 step=1 default=4600 value=4600 flags=inactive
[05/10/25 11:00:59] crowsnest:		sharpness 0x0098091b (int)    : min=0 max=6 step=1 default=3 value=3
[05/10/25 11:00:59] crowsnest:		backlight_compensation 0x0098091c (int)    : min=0 max=2 step=1 default=1 value=1
[05/10/25 11:00:59] crowsnest:		
[05/10/25 11:00:59] crowsnest:		Camera Controls
[05/10/25 11:00:59] crowsnest:		
[05/10/25 11:00:59] crowsnest:		auto_exposure 0x009a0901 (menu)   : min=0 max=3 default=3 value=3
[05/10/25 11:00:59] crowsnest:		1: Manual Mode
[05/10/25 11:00:59] crowsnest:		3: Aperture Priority Mode
[05/10/25 11:00:59] crowsnest:		exposure_time_absolute 0x009a0902 (int)    : min=1 max=5000 step=1 default=156 value=156 flags=inactive
[05/10/25 11:00:59] crowsnest:		exposure_dynamic_framerate 0x009a0903 (bool)   : default=0 value=1
[05/10/25 11:00:59] crowsnest: Try to start configured Cams / Services...
[05/10/25 11:01:04] crowsnest: INFO: Configuration of Section [cam 1] looks good. Continue ...
[05/10/25 11:01:06] crowsnest: V4L2 Control: No parameters set for [cam 1]. Skipped.
[05/10/25 11:01:10] crowsnest: Starting ustreamer with Device /dev/video0 ...
[05/10/25 11:01:11] crowsnest:  ... Done!
[06/18/25 10:17:10] crowsnest: crowsnest - A webcam Service for multiple Cams and Stream Services.
[06/18/25 10:17:10] crowsnest: Version: v4.1.12-1-g9623b5f
[06/18/25 10:17:10] crowsnest: Prepare Startup ...
[06/18/25 10:17:10] crowsnest: INFO: Host information:
[06/18/25 10:17:10] crowsnest: Host Info: Distribution: Debian GNU/Linux 11 (bullseye)
[06/18/25 10:17:10] crowsnest: Host Info: Kernel: Linux 5.16.17-sun50iw9 aarch64
[06/18/25 10:17:10] crowsnest: Host Info: Available CPU Cores: 4
[06/18/25 10:17:10] crowsnest: Host Info: Available Memory: 1010632 kB
[06/18/25 10:17:10] crowsnest: Host Info: Diskspace (avail. / total): 23G / 29G
[06/18/25 10:17:10] crowsnest: INFO: Checking Dependencies
[06/18/25 10:17:11] crowsnest: Dependency: 'crudini' found in /usr/bin/crudini.
[06/18/25 10:17:11] crowsnest: Dependency: 'find' found in /usr/bin/find.
[06/18/25 10:17:11] crowsnest: Dependency: 'xargs' found in /usr/bin/xargs.
[06/18/25 10:17:11] crowsnest: Dependency: 'ustreamer' found in bin/ustreamer/src/ustreamer.bin.
[06/18/25 10:17:11] crowsnest: Version Control: ustreamer is up to date. (v6.31)
[06/18/25 10:17:11] crowsnest: INFO: Print Configfile: '/home/biqu/printer_data/config/crowsnest.conf'
[06/18/25 10:17:11] crowsnest:		[crowsnest]
[06/18/25 10:17:11] crowsnest:		log_path: ~/printer_data/logs/crowsnest.log
[06/18/25 10:17:11] crowsnest:		log_level: verbose
[06/18/25 10:17:11] crowsnest:		delete_log: false
[06/18/25 10:17:11] crowsnest:		no_proxy: false
[06/18/25 10:17:11] crowsnest:		
[06/18/25 10:17:11] crowsnest:		[cam 1]
[06/18/25 10:17:11] crowsnest:		mode: ustreamer
[06/18/25 10:17:11] crowsnest:		
[06/18/25 10:17:11] crowsnest:		enable_rtsp: false
[06/18/25 10:17:11] crowsnest:		rtsp_port: 8554
[06/18/25 10:17:11] crowsnest:		port: 8080
[06/18/25 10:17:11] crowsnest:		device: /dev/video0
[06/18/25 10:17:11] crowsnest:		resolution: 1280x720
[06/18/25 10:17:11] crowsnest:		max_fps: 30
[06/18/25 10:17:11] crowsnest: INFO: Detect available Devices
[06/18/25 10:17:11] crowsnest: INFO: Found 1 total available Device(s)
[06/18/25 10:17:11] crowsnest: INFO: Found 1 available v4l2 (UVC) camera(s)
[06/18/25 10:17:11] crowsnest: /dev/v4l/by-id/usb-HHW_microelectronics_Co.__Ltd._MGS1-video-index0 -> /dev/video0
[06/18/25 10:17:11] crowsnest: Supported Formats:
[06/18/25 10:17:11] crowsnest:		[0]: 'MJPG' (Motion-JPEG, compressed)
[06/18/25 10:17:11] crowsnest:		Size: Discrete 1280x720
[06/18/25 10:17:11] crowsnest:		Interval: Discrete 0.033s (30.000 fps)
[06/18/25 10:17:11] crowsnest:		Interval: Discrete 0.040s (25.000 fps)
[06/18/25 10:17:11] crowsnest:		Interval: Discrete 0.050s (20.000 fps)
[06/18/25 10:17:11] crowsnest:		Interval: Discrete 0.067s (15.000 fps)
[06/18/25 10:17:11] crowsnest:		Interval: Discrete 0.100s (10.000 fps)
[06/18/25 10:17:11] crowsnest:		Interval: Discrete 0.200s (5.000 fps)
[06/18/25 10:17:11] crowsnest:		Size: Discrete 800x480
[06/18/25 10:17:11] crowsnest:		Interval: Discrete 0.033s (30.000 fps)
[06/18/25 10:17:11] crowsnest:		Interval: Discrete 0.040s (25.000 fps)
[06/18/25 10:17:11] crowsnest:		Interval: Discrete 0.050s (20.000 fps)
[06/18/25 10:17:11] crowsnest:		Interval: Discrete 0.067s (15.000 fps)
[06/18/25 10:17:11] crowsnest:		Interval: Discrete 0.100s (10.000 fps)
[06/18/25 10:17:11] crowsnest:		Interval: Discrete 0.200s (5.000 fps)
[06/18/25 10:17:11] crowsnest:		Size: Discrete 672x456
[06/18/25 10:17:11] crowsnest:		Interval: Discrete 0.033s (30.000 fps)
[06/18/25 10:17:11] crowsnest:		Interval: Discrete 0.040s (25.000 fps)
[06/18/25 10:17:11] crowsnest:		Interval: Discrete 0.050s (20.000 fps)
[06/18/25 10:17:11] crowsnest:		Interval: Discrete 0.067s (15.000 fps)
[06/18/25 10:17:11] crowsnest:		Interval: Discrete 0.100s (10.000 fps)
[06/18/25 10:17:11] crowsnest:		Interval: Discrete 0.200s (5.000 fps)
[06/18/25 10:17:11] crowsnest:		Size: Discrete 640x480
[06/18/25 10:17:11] crowsnest:		Interval: Discrete 0.033s (30.000 fps)
[06/18/25 10:17:11] crowsnest:		Interval: Discrete 0.040s (25.000 fps)
[06/18/25 10:17:11] crowsnest:		Interval: Discrete 0.050s (20.000 fps)
[06/18/25 10:17:11] crowsnest:		Interval: Discrete 0.067s (15.000 fps)
[06/18/25 10:17:11] crowsnest:		Interval: Discrete 0.100s (10.000 fps)
[06/18/25 10:17:11] crowsnest:		Interval: Discrete 0.200s (5.000 fps)
[06/18/25 10:17:11] crowsnest:		Size: Discrete 320x240
[06/18/25 10:17:11] crowsnest:		Interval: Discrete 0.033s (30.000 fps)
[06/18/25 10:17:11] crowsnest:		Interval: Discrete 0.040s (25.000 fps)
[06/18/25 10:17:11] crowsnest:		Interval: Discrete 0.050s (20.000 fps)
[06/18/25 10:17:11] crowsnest:		Interval: Discrete 0.067s (15.000 fps)
[06/18/25 10:17:11] crowsnest:		Interval: Discrete 0.100s (10.000 fps)
[06/18/25 10:17:11] crowsnest:		Interval: Discrete 0.200s (5.000 fps)
[06/18/25 10:17:11] crowsnest:		[1]: 'YUYV' (YUYV 4:2:2)
[06/18/25 10:17:11] crowsnest:		Size: Discrete 1280x720
[06/18/25 10:17:11] crowsnest:		Interval: Discrete 0.100s (10.000 fps)
[06/18/25 10:17:11] crowsnest:		Size: Discrete 800x480
[06/18/25 10:17:11] crowsnest:		Interval: Discrete 0.040s (25.000 fps)
[06/18/25 10:17:11] crowsnest:		Size: Discrete 672x456
[06/18/25 10:17:11] crowsnest:		Interval: Discrete 0.033s (30.000 fps)
[06/18/25 10:17:11] crowsnest:		Size: Discrete 640x480
[06/18/25 10:17:11] crowsnest:		Interval: Discrete 0.033s (30.000 fps)
[06/18/25 10:17:11] crowsnest:		Size: Discrete 320x240
[06/18/25 10:17:11] crowsnest:		Interval: Discrete 0.033s (30.000 fps)
[06/18/25 10:17:11] crowsnest: Supported Controls:
[06/18/25 10:17:11] crowsnest:		
[06/18/25 10:17:11] crowsnest:		User Controls
[06/18/25 10:17:11] crowsnest:		
[06/18/25 10:17:11] crowsnest:		brightness 0x00980900 (int)    : min=-64 max=64 step=1 default=0 value=0
[06/18/25 10:17:11] crowsnest:		contrast 0x00980901 (int)    : min=0 max=64 step=1 default=32 value=32
[06/18/25 10:17:11] crowsnest:		saturation 0x00980902 (int)    : min=0 max=128 step=1 default=64 value=64
[06/18/25 10:17:11] crowsnest:		hue 0x00980903 (int)    : min=-40 max=40 step=1 default=0 value=0
[06/18/25 10:17:11] crowsnest:		white_balance_automatic 0x0098090c (bool)   : default=1 value=1
[06/18/25 10:17:11] crowsnest:		gamma 0x00980910 (int)    : min=72 max=500 step=1 default=100 value=100
[06/18/25 10:17:11] crowsnest:		gain 0x00980913 (int)    : min=0 max=100 step=1 default=0 value=0
[06/18/25 10:17:11] crowsnest:		power_line_frequency 0x00980918 (menu)   : min=0 max=2 default=2 value=2
[06/18/25 10:17:11] crowsnest:		0: Disabled
[06/18/25 10:17:11] crowsnest:		1: 50 Hz
[06/18/25 10:17:11] crowsnest:		2: 60 Hz
[06/18/25 10:17:11] crowsnest:		white_balance_temperature 0x0098091a (int)    : min=2800 max=6500 step=1 default=4600 value=4600 flags=inactive
[06/18/25 10:17:11] crowsnest:		sharpness 0x0098091b (int)    : min=0 max=6 step=1 default=3 value=3
[06/18/25 10:17:11] crowsnest:		backlight_compensation 0x0098091c (int)    : min=0 max=2 step=1 default=1 value=1
[06/18/25 10:17:11] crowsnest:		
[06/18/25 10:17:11] crowsnest:		Camera Controls
[06/18/25 10:17:11] crowsnest:		
[06/18/25 10:17:11] crowsnest:		auto_exposure 0x009a0901 (menu)   : min=0 max=3 default=3 value=3
[06/18/25 10:17:11] crowsnest:		1: Manual Mode
[06/18/25 10:17:11] crowsnest:		3: Aperture Priority Mode
[06/18/25 10:17:11] crowsnest:		exposure_time_absolute 0x009a0902 (int)    : min=1 max=5000 step=1 default=156 value=156 flags=inactive
[06/18/25 10:17:11] crowsnest:		exposure_dynamic_framerate 0x009a0903 (bool)   : default=0 value=1
[06/18/25 10:17:11] crowsnest: Try to start configured Cams / Services...
[06/18/25 10:17:16] crowsnest: INFO: Configuration of Section [cam 1] looks good. Continue ...
[06/18/25 10:17:18] crowsnest: V4L2 Control: No parameters set for [cam 1]. Skipped.
[06/18/25 10:17:22] crowsnest: Starting ustreamer with Device /dev/video0 ...
[06/18/25 10:17:23] crowsnest:  ... Done!
[07/02/25 20:17:10] crowsnest: crowsnest - A webcam Service for multiple Cams and Stream Services.
[07/02/25 20:17:10] crowsnest: Version: v4.1.12-1-g9623b5f
[07/02/25 20:17:10] crowsnest: Prepare Startup ...
[07/02/25 20:17:10] crowsnest: INFO: Host information:
[07/02/25 20:17:10] crowsnest: Host Info: Distribution: Debian GNU/Linux 11 (bullseye)
[07/02/25 20:17:10] crowsnest: Host Info: Kernel: Linux 5.16.17-sun50iw9 aarch64
[07/02/25 20:17:10] crowsnest: Host Info: Available CPU Cores: 4
[07/02/25 20:17:10] crowsnest: Host Info: Available Memory: 1010632 kB
[07/02/25 20:17:10] crowsnest: Host Info: Diskspace (avail. / total): 21G / 29G
[07/02/25 20:17:10] crowsnest: INFO: Checking Dependencies
[07/02/25 20:17:10] crowsnest: Dependency: 'crudini' found in /usr/bin/crudini.
[07/02/25 20:17:10] crowsnest: Dependency: 'find' found in /usr/bin/find.
[07/02/25 20:17:10] crowsnest: Dependency: 'xargs' found in /usr/bin/xargs.
[07/02/25 20:17:10] crowsnest: Dependency: 'ustreamer' found in bin/ustreamer/src/ustreamer.bin.
[07/02/25 20:17:11] crowsnest: Version Control: ustreamer is up to date. (v6.31)
[07/02/25 20:17:11] crowsnest: INFO: Print Configfile: '/home/biqu/printer_data/config/crowsnest.conf'
[07/02/25 20:17:11] crowsnest:		[crowsnest]
[07/02/25 20:17:11] crowsnest:		log_path: ~/printer_data/logs/crowsnest.log
[07/02/25 20:17:11] crowsnest:		log_level: verbose
[07/02/25 20:17:11] crowsnest:		delete_log: false
[07/02/25 20:17:11] crowsnest:		no_proxy: false
[07/02/25 20:17:11] crowsnest:		
[07/02/25 20:17:11] crowsnest:		[cam 1]
[07/02/25 20:17:11] crowsnest:		mode: ustreamer
[07/02/25 20:17:11] crowsnest:		
[07/02/25 20:17:11] crowsnest:		enable_rtsp: false
[07/02/25 20:17:11] crowsnest:		rtsp_port: 8554
[07/02/25 20:17:11] crowsnest:		port: 8080
[07/02/25 20:17:11] crowsnest:		device: /dev/video0
[07/02/25 20:17:11] crowsnest:		resolution: 1280x720
[07/02/25 20:17:11] crowsnest:		max_fps: 30
[07/02/25 20:17:11] crowsnest: INFO: Detect available Devices
[07/02/25 20:17:11] crowsnest: INFO: Found 1 total available Device(s)
[07/02/25 20:17:11] crowsnest: INFO: Found 1 available v4l2 (UVC) camera(s)
[07/02/25 20:17:11] crowsnest: /dev/v4l/by-id/usb-HHW_microelectronics_Co.__Ltd._MGS1-video-index0 -> /dev/video0
[07/02/25 20:17:11] crowsnest: Supported Formats:
[07/02/25 20:17:11] crowsnest:		[0]: 'MJPG' (Motion-JPEG, compressed)
[07/02/25 20:17:11] crowsnest:		Size: Discrete 1280x720
[07/02/25 20:17:11] crowsnest:		Interval: Discrete 0.033s (30.000 fps)
[07/02/25 20:17:11] crowsnest:		Interval: Discrete 0.040s (25.000 fps)
[07/02/25 20:17:11] crowsnest:		Interval: Discrete 0.050s (20.000 fps)
[07/02/25 20:17:11] crowsnest:		Interval: Discrete 0.067s (15.000 fps)
[07/02/25 20:17:11] crowsnest:		Interval: Discrete 0.100s (10.000 fps)
[07/02/25 20:17:11] crowsnest:		Interval: Discrete 0.200s (5.000 fps)
[07/02/25 20:17:11] crowsnest:		Size: Discrete 800x480
[07/02/25 20:17:11] crowsnest:		Interval: Discrete 0.033s (30.000 fps)
[07/02/25 20:17:11] crowsnest:		Interval: Discrete 0.040s (25.000 fps)
[07/02/25 20:17:11] crowsnest:		Interval: Discrete 0.050s (20.000 fps)
[07/02/25 20:17:11] crowsnest:		Interval: Discrete 0.067s (15.000 fps)
[07/02/25 20:17:11] crowsnest:		Interval: Discrete 0.100s (10.000 fps)
[07/02/25 20:17:11] crowsnest:		Interval: Discrete 0.200s (5.000 fps)
[07/02/25 20:17:11] crowsnest:		Size: Discrete 672x456
[07/02/25 20:17:11] crowsnest:		Interval: Discrete 0.033s (30.000 fps)
[07/02/25 20:17:11] crowsnest:		Interval: Discrete 0.040s (25.000 fps)
[07/02/25 20:17:11] crowsnest:		Interval: Discrete 0.050s (20.000 fps)
[07/02/25 20:17:11] crowsnest:		Interval: Discrete 0.067s (15.000 fps)
[07/02/25 20:17:11] crowsnest:		Interval: Discrete 0.100s (10.000 fps)
[07/02/25 20:17:11] crowsnest:		Interval: Discrete 0.200s (5.000 fps)
[07/02/25 20:17:11] crowsnest:		Size: Discrete 640x480
[07/02/25 20:17:11] crowsnest:		Interval: Discrete 0.033s (30.000 fps)
[07/02/25 20:17:11] crowsnest:		Interval: Discrete 0.040s (25.000 fps)
[07/02/25 20:17:11] crowsnest:		Interval: Discrete 0.050s (20.000 fps)
[07/02/25 20:17:11] crowsnest:		Interval: Discrete 0.067s (15.000 fps)
[07/02/25 20:17:11] crowsnest:		Interval: Discrete 0.100s (10.000 fps)
[07/02/25 20:17:11] crowsnest:		Interval: Discrete 0.200s (5.000 fps)
[07/02/25 20:17:11] crowsnest:		Size: Discrete 320x240
[07/02/25 20:17:11] crowsnest:		Interval: Discrete 0.033s (30.000 fps)
[07/02/25 20:17:11] crowsnest:		Interval: Discrete 0.040s (25.000 fps)
[07/02/25 20:17:11] crowsnest:		Interval: Discrete 0.050s (20.000 fps)
[07/02/25 20:17:11] crowsnest:		Interval: Discrete 0.067s (15.000 fps)
[07/02/25 20:17:11] crowsnest:		Interval: Discrete 0.100s (10.000 fps)
[07/02/25 20:17:11] crowsnest:		Interval: Discrete 0.200s (5.000 fps)
[07/02/25 20:17:11] crowsnest:		[1]: 'YUYV' (YUYV 4:2:2)
[07/02/25 20:17:11] crowsnest:		Size: Discrete 1280x720
[07/02/25 20:17:11] crowsnest:		Interval: Discrete 0.100s (10.000 fps)
[07/02/25 20:17:11] crowsnest:		Size: Discrete 800x480
[07/02/25 20:17:11] crowsnest:		Interval: Discrete 0.040s (25.000 fps)
[07/02/25 20:17:11] crowsnest:		Size: Discrete 672x456
[07/02/25 20:17:11] crowsnest:		Interval: Discrete 0.033s (30.000 fps)
[07/02/25 20:17:11] crowsnest:		Size: Discrete 640x480
[07/02/25 20:17:11] crowsnest:		Interval: Discrete 0.033s (30.000 fps)
[07/02/25 20:17:11] crowsnest:		Size: Discrete 320x240
[07/02/25 20:17:11] crowsnest:		Interval: Discrete 0.033s (30.000 fps)
[07/02/25 20:17:11] crowsnest: Supported Controls:
[07/02/25 20:17:11] crowsnest:		
[07/02/25 20:17:11] crowsnest:		User Controls
[07/02/25 20:17:11] crowsnest:		
[07/02/25 20:17:11] crowsnest:		brightness 0x00980900 (int)    : min=-64 max=64 step=1 default=0 value=0
[07/02/25 20:17:11] crowsnest:		contrast 0x00980901 (int)    : min=0 max=64 step=1 default=32 value=32
[07/02/25 20:17:11] crowsnest:		saturation 0x00980902 (int)    : min=0 max=128 step=1 default=64 value=64
[07/02/25 20:17:11] crowsnest:		hue 0x00980903 (int)    : min=-40 max=40 step=1 default=0 value=0
[07/02/25 20:17:11] crowsnest:		white_balance_automatic 0x0098090c (bool)   : default=1 value=1
[07/02/25 20:17:11] crowsnest:		gamma 0x00980910 (int)    : min=72 max=500 step=1 default=100 value=100
[07/02/25 20:17:11] crowsnest:		gain 0x00980913 (int)    : min=0 max=100 step=1 default=0 value=0
[07/02/25 20:17:11] crowsnest:		power_line_frequency 0x00980918 (menu)   : min=0 max=2 default=2 value=2
[07/02/25 20:17:11] crowsnest:		0: Disabled
[07/02/25 20:17:11] crowsnest:		1: 50 Hz
[07/02/25 20:17:11] crowsnest:		2: 60 Hz
[07/02/25 20:17:11] crowsnest:		white_balance_temperature 0x0098091a (int)    : min=2800 max=6500 step=1 default=4600 value=4600 flags=inactive
[07/02/25 20:17:11] crowsnest:		sharpness 0x0098091b (int)    : min=0 max=6 step=1 default=3 value=3
[07/02/25 20:17:11] crowsnest:		backlight_compensation 0x0098091c (int)    : min=0 max=2 step=1 default=1 value=1
[07/02/25 20:17:11] crowsnest:		
[07/02/25 20:17:11] crowsnest:		Camera Controls
[07/02/25 20:17:11] crowsnest:		
[07/02/25 20:17:11] crowsnest:		auto_exposure 0x009a0901 (menu)   : min=0 max=3 default=3 value=3
[07/02/25 20:17:11] crowsnest:		1: Manual Mode
[07/02/25 20:17:11] crowsnest:		3: Aperture Priority Mode
[07/02/25 20:17:11] crowsnest:		exposure_time_absolute 0x009a0902 (int)    : min=1 max=5000 step=1 default=156 value=156 flags=inactive
[07/02/25 20:17:11] crowsnest:		exposure_dynamic_framerate 0x009a0903 (bool)   : default=0 value=1
[07/02/25 20:17:11] crowsnest: Try to start configured Cams / Services...
[07/02/25 20:17:17] crowsnest: INFO: Configuration of Section [cam 1] looks good. Continue ...
[07/02/25 20:17:19] crowsnest: V4L2 Control: No parameters set for [cam 1]. Skipped.
[07/02/25 20:17:23] crowsnest: Starting ustreamer with Device /dev/video0 ...
[07/02/25 20:17:24] crowsnest:  ... Done!
[07/02/25 20:17:10] crowsnest: crowsnest - A webcam Service for multiple Cams and Stream Services.
[07/02/25 20:17:10] crowsnest: Version: v4.1.12-1-g9623b5f
[07/02/25 20:17:10] crowsnest: Prepare Startup ...
[07/02/25 20:17:10] crowsnest: INFO: Host information:
[07/02/25 20:17:10] crowsnest: Host Info: Distribution: Debian GNU/Linux 11 (bullseye)
[07/02/25 20:17:10] crowsnest: Host Info: Kernel: Linux 5.16.17-sun50iw9 aarch64
[07/02/25 20:17:10] crowsnest: Host Info: Available CPU Cores: 4
[07/02/25 20:17:10] crowsnest: Host Info: Available Memory: 1010632 kB
[07/02/25 20:17:10] crowsnest: Host Info: Diskspace (avail. / total): 21G / 29G
[07/02/25 20:17:10] crowsnest: INFO: Checking Dependencies
[07/02/25 20:17:11] crowsnest: Dependency: 'crudini' found in /usr/bin/crudini.
[07/02/25 20:17:11] crowsnest: Dependency: 'find' found in /usr/bin/find.
[07/02/25 20:17:11] crowsnest: Dependency: 'xargs' found in /usr/bin/xargs.
[07/02/25 20:17:11] crowsnest: Dependency: 'ustreamer' found in bin/ustreamer/src/ustreamer.bin.
[07/02/25 20:17:11] crowsnest: Version Control: ustreamer is up to date. (v6.31)
[07/02/25 20:17:11] crowsnest: INFO: Print Configfile: '/home/biqu/printer_data/config/crowsnest.conf'
[07/02/25 20:17:11] crowsnest:		[crowsnest]
[07/02/25 20:17:11] crowsnest:		log_path: ~/printer_data/logs/crowsnest.log
[07/02/25 20:17:11] crowsnest:		log_level: verbose
[07/02/25 20:17:11] crowsnest:		delete_log: false
[07/02/25 20:17:11] crowsnest:		no_proxy: false
[07/02/25 20:17:11] crowsnest:		
[07/02/25 20:17:11] crowsnest:		[cam 1]
[07/02/25 20:17:11] crowsnest:		mode: ustreamer
[07/02/25 20:17:11] crowsnest:		
[07/02/25 20:17:11] crowsnest:		enable_rtsp: false
[07/02/25 20:17:11] crowsnest:		rtsp_port: 8554
[07/02/25 20:17:11] crowsnest:		port: 8080
[07/02/25 20:17:11] crowsnest:		device: /dev/video0
[07/02/25 20:17:11] crowsnest:		resolution: 1280x720
[07/02/25 20:17:11] crowsnest:		max_fps: 30
[07/02/25 20:17:11] crowsnest: INFO: Detect available Devices
[07/02/25 20:17:11] crowsnest: INFO: Found 1 total available Device(s)
[07/02/25 20:17:11] crowsnest: INFO: Found 1 available v4l2 (UVC) camera(s)
[07/02/25 20:17:11] crowsnest: /dev/v4l/by-id/usb-HHW_microelectronics_Co.__Ltd._MGS1-video-index0 -> /dev/video0
[07/02/25 20:17:11] crowsnest: Supported Formats:
[07/02/25 20:17:11] crowsnest:		[0]: 'MJPG' (Motion-JPEG, compressed)
[07/02/25 20:17:11] crowsnest:		Size: Discrete 1280x720
[07/02/25 20:17:11] crowsnest:		Interval: Discrete 0.033s (30.000 fps)
[07/02/25 20:17:11] crowsnest:		Interval: Discrete 0.040s (25.000 fps)
[07/02/25 20:17:11] crowsnest:		Interval: Discrete 0.050s (20.000 fps)
[07/02/25 20:17:11] crowsnest:		Interval: Discrete 0.067s (15.000 fps)
[07/02/25 20:17:11] crowsnest:		Interval: Discrete 0.100s (10.000 fps)
[07/02/25 20:17:11] crowsnest:		Interval: Discrete 0.200s (5.000 fps)
[07/02/25 20:17:11] crowsnest:		Size: Discrete 800x480
[07/02/25 20:17:11] crowsnest:		Interval: Discrete 0.033s (30.000 fps)
[07/02/25 20:17:11] crowsnest:		Interval: Discrete 0.040s (25.000 fps)
[07/02/25 20:17:11] crowsnest:		Interval: Discrete 0.050s (20.000 fps)
[07/02/25 20:17:11] crowsnest:		Interval: Discrete 0.067s (15.000 fps)
[07/02/25 20:17:11] crowsnest:		Interval: Discrete 0.100s (10.000 fps)
[07/02/25 20:17:11] crowsnest:		Interval: Discrete 0.200s (5.000 fps)
[07/02/25 20:17:11] crowsnest:		Size: Discrete 672x456
[07/02/25 20:17:11] crowsnest:		Interval: Discrete 0.033s (30.000 fps)
[07/02/25 20:17:11] crowsnest:		Interval: Discrete 0.040s (25.000 fps)
[07/02/25 20:17:11] crowsnest:		Interval: Discrete 0.050s (20.000 fps)
[07/02/25 20:17:11] crowsnest:		Interval: Discrete 0.067s (15.000 fps)
[07/02/25 20:17:11] crowsnest:		Interval: Discrete 0.100s (10.000 fps)
[07/02/25 20:17:11] crowsnest:		Interval: Discrete 0.200s (5.000 fps)
[07/02/25 20:17:11] crowsnest:		Size: Discrete 640x480
[07/02/25 20:17:11] crowsnest:		Interval: Discrete 0.033s (30.000 fps)
[07/02/25 20:17:11] crowsnest:		Interval: Discrete 0.040s (25.000 fps)
[07/02/25 20:17:11] crowsnest:		Interval: Discrete 0.050s (20.000 fps)
[07/02/25 20:17:11] crowsnest:		Interval: Discrete 0.067s (15.000 fps)
[07/02/25 20:17:11] crowsnest:		Interval: Discrete 0.100s (10.000 fps)
[07/02/25 20:17:11] crowsnest:		Interval: Discrete 0.200s (5.000 fps)
[07/02/25 20:17:11] crowsnest:		Size: Discrete 320x240
[07/02/25 20:17:11] crowsnest:		Interval: Discrete 0.033s (30.000 fps)
[07/02/25 20:17:11] crowsnest:		Interval: Discrete 0.040s (25.000 fps)
[07/02/25 20:17:11] crowsnest:		Interval: Discrete 0.050s (20.000 fps)
[07/02/25 20:17:11] crowsnest:		Interval: Discrete 0.067s (15.000 fps)
[07/02/25 20:17:11] crowsnest:		Interval: Discrete 0.100s (10.000 fps)
[07/02/25 20:17:11] crowsnest:		Interval: Discrete 0.200s (5.000 fps)
[07/02/25 20:17:11] crowsnest:		[1]: 'YUYV' (YUYV 4:2:2)
[07/02/25 20:17:11] crowsnest:		Size: Discrete 1280x720
[07/02/25 20:17:11] crowsnest:		Interval: Discrete 0.100s (10.000 fps)
[07/02/25 20:17:11] crowsnest:		Size: Discrete 800x480
[07/02/25 20:17:11] crowsnest:		Interval: Discrete 0.040s (25.000 fps)
[07/02/25 20:17:11] crowsnest:		Size: Discrete 672x456
[07/02/25 20:17:11] crowsnest:		Interval: Discrete 0.033s (30.000 fps)
[07/02/25 20:17:11] crowsnest:		Size: Discrete 640x480
[07/02/25 20:17:11] crowsnest:		Interval: Discrete 0.033s (30.000 fps)
[07/02/25 20:17:11] crowsnest:		Size: Discrete 320x240
[07/02/25 20:17:11] crowsnest:		Interval: Discrete 0.033s (30.000 fps)
[07/02/25 20:17:11] crowsnest: Supported Controls:
[07/02/25 20:17:11] crowsnest:		
[07/02/25 20:17:11] crowsnest:		User Controls
[07/02/25 20:17:11] crowsnest:		
[07/02/25 20:17:11] crowsnest:		brightness 0x00980900 (int)    : min=-64 max=64 step=1 default=0 value=0
[07/02/25 20:17:11] crowsnest:		contrast 0x00980901 (int)    : min=0 max=64 step=1 default=32 value=32
[07/02/25 20:17:11] crowsnest:		saturation 0x00980902 (int)    : min=0 max=128 step=1 default=64 value=64
[07/02/25 20:17:11] crowsnest:		hue 0x00980903 (int)    : min=-40 max=40 step=1 default=0 value=0
[07/02/25 20:17:11] crowsnest:		white_balance_automatic 0x0098090c (bool)   : default=1 value=1
[07/02/25 20:17:11] crowsnest:		gamma 0x00980910 (int)    : min=72 max=500 step=1 default=100 value=100
[07/02/25 20:17:11] crowsnest:		gain 0x00980913 (int)    : min=0 max=100 step=1 default=0 value=0
[07/02/25 20:17:11] crowsnest:		power_line_frequency 0x00980918 (menu)   : min=0 max=2 default=2 value=2
[07/02/25 20:17:11] crowsnest:		0: Disabled
[07/02/25 20:17:11] crowsnest:		1: 50 Hz
[07/02/25 20:17:11] crowsnest:		2: 60 Hz
[07/02/25 20:17:11] crowsnest:		white_balance_temperature 0x0098091a (int)    : min=2800 max=6500 step=1 default=4600 value=4600 flags=inactive
[07/02/25 20:17:11] crowsnest:		sharpness 0x0098091b (int)    : min=0 max=6 step=1 default=3 value=3
[07/02/25 20:17:11] crowsnest:		backlight_compensation 0x0098091c (int)    : min=0 max=2 step=1 default=1 value=1
[07/02/25 20:17:11] crowsnest:		
[07/02/25 20:17:11] crowsnest:		Camera Controls
[07/02/25 20:17:11] crowsnest:		
[07/02/25 20:17:11] crowsnest:		auto_exposure 0x009a0901 (menu)   : min=0 max=3 default=3 value=3
[07/02/25 20:17:11] crowsnest:		1: Manual Mode
[07/02/25 20:17:11] crowsnest:		3: Aperture Priority Mode
[07/02/25 20:17:11] crowsnest:		exposure_time_absolute 0x009a0902 (int)    : min=1 max=5000 step=1 default=156 value=156 flags=inactive
[07/02/25 20:17:11] crowsnest:		exposure_dynamic_framerate 0x009a0903 (bool)   : default=0 value=1
[07/02/25 20:17:11] crowsnest: Try to start configured Cams / Services...
[07/02/25 20:17:17] crowsnest: INFO: Configuration of Section [cam 1] looks good. Continue ...
[07/02/25 20:17:19] crowsnest: V4L2 Control: No parameters set for [cam 1]. Skipped.
[07/02/25 20:17:22] crowsnest: Starting ustreamer with Device /dev/video0 ...
[07/02/25 20:17:24] crowsnest:  ... Done!
[07/02/25 20:17:10] crowsnest: crowsnest - A webcam Service for multiple Cams and Stream Services.
[07/02/25 20:17:10] crowsnest: Version: v4.1.12-1-g9623b5f
[07/02/25 20:17:10] crowsnest: Prepare Startup ...
[07/02/25 20:17:10] crowsnest: INFO: Host information:
[07/02/25 20:17:10] crowsnest: Host Info: Distribution: Debian GNU/Linux 11 (bullseye)
[07/02/25 20:17:10] crowsnest: Host Info: Kernel: Linux 5.16.17-sun50iw9 aarch64
[07/02/25 20:17:10] crowsnest: Host Info: Available CPU Cores: 4
[07/02/25 20:17:10] crowsnest: Host Info: Available Memory: 1010632 kB
[07/02/25 20:17:10] crowsnest: Host Info: Diskspace (avail. / total): 21G / 29G
[07/02/25 20:17:10] crowsnest: INFO: Checking Dependencies
[07/02/25 20:17:11] crowsnest: Dependency: 'crudini' found in /usr/bin/crudini.
[07/02/25 20:17:11] crowsnest: Dependency: 'find' found in /usr/bin/find.
[07/02/25 20:17:11] crowsnest: Dependency: 'xargs' found in /usr/bin/xargs.
[07/02/25 20:17:11] crowsnest: Dependency: 'ustreamer' found in bin/ustreamer/src/ustreamer.bin.
[07/02/25 20:17:11] crowsnest: Version Control: ustreamer is up to date. (v6.31)
[07/02/25 20:17:11] crowsnest: INFO: Print Configfile: '/home/biqu/printer_data/config/crowsnest.conf'
[07/02/25 20:17:11] crowsnest:		[crowsnest]
[07/02/25 20:17:11] crowsnest:		log_path: ~/printer_data/logs/crowsnest.log
[07/02/25 20:17:11] crowsnest:		log_level: verbose
[07/02/25 20:17:11] crowsnest:		delete_log: false
[07/02/25 20:17:11] crowsnest:		no_proxy: false
[07/02/25 20:17:11] crowsnest:		
[07/02/25 20:17:11] crowsnest:		[cam 1]
[07/02/25 20:17:11] crowsnest:		mode: ustreamer
[07/02/25 20:17:11] crowsnest:		
[07/02/25 20:17:11] crowsnest:		enable_rtsp: false
[07/02/25 20:17:11] crowsnest:		rtsp_port: 8554
[07/02/25 20:17:11] crowsnest:		port: 8080
[07/02/25 20:17:11] crowsnest:		device: /dev/video0
[07/02/25 20:17:11] crowsnest:		resolution: 1280x720
[07/02/25 20:17:11] crowsnest:		max_fps: 30
[07/02/25 20:17:11] crowsnest: INFO: Detect available Devices
[07/02/25 20:17:11] crowsnest: INFO: Found 1 total available Device(s)
[07/02/25 20:17:11] crowsnest: INFO: Found 1 available v4l2 (UVC) camera(s)
[07/02/25 20:17:11] crowsnest: /dev/v4l/by-id/usb-HHW_microelectronics_Co.__Ltd._MGS1-video-index0 -> /dev/video0
[07/02/25 20:17:11] crowsnest: Supported Formats:
[07/02/25 20:17:11] crowsnest:		[0]: 'MJPG' (Motion-JPEG, compressed)
[07/02/25 20:17:11] crowsnest:		Size: Discrete 1280x720
[07/02/25 20:17:11] crowsnest:		Interval: Discrete 0.033s (30.000 fps)
[07/02/25 20:17:11] crowsnest:		Interval: Discrete 0.040s (25.000 fps)
[07/02/25 20:17:11] crowsnest:		Interval: Discrete 0.050s (20.000 fps)
[07/02/25 20:17:11] crowsnest:		Interval: Discrete 0.067s (15.000 fps)
[07/02/25 20:17:11] crowsnest:		Interval: Discrete 0.100s (10.000 fps)
[07/02/25 20:17:11] crowsnest:		Interval: Discrete 0.200s (5.000 fps)
[07/02/25 20:17:11] crowsnest:		Size: Discrete 800x480
[07/02/25 20:17:11] crowsnest:		Interval: Discrete 0.033s (30.000 fps)
[07/02/25 20:17:11] crowsnest:		Interval: Discrete 0.040s (25.000 fps)
[07/02/25 20:17:11] crowsnest:		Interval: Discrete 0.050s (20.000 fps)
[07/02/25 20:17:11] crowsnest:		Interval: Discrete 0.067s (15.000 fps)
[07/02/25 20:17:11] crowsnest:		Interval: Discrete 0.100s (10.000 fps)
[07/02/25 20:17:11] crowsnest:		Interval: Discrete 0.200s (5.000 fps)
[07/02/25 20:17:11] crowsnest:		Size: Discrete 672x456
[07/02/25 20:17:11] crowsnest:		Interval: Discrete 0.033s (30.000 fps)
[07/02/25 20:17:11] crowsnest:		Interval: Discrete 0.040s (25.000 fps)
[07/02/25 20:17:11] crowsnest:		Interval: Discrete 0.050s (20.000 fps)
[07/02/25 20:17:11] crowsnest:		Interval: Discrete 0.067s (15.000 fps)
[07/02/25 20:17:11] crowsnest:		Interval: Discrete 0.100s (10.000 fps)
[07/02/25 20:17:11] crowsnest:		Interval: Discrete 0.200s (5.000 fps)
[07/02/25 20:17:11] crowsnest:		Size: Discrete 640x480
[07/02/25 20:17:11] crowsnest:		Interval: Discrete 0.033s (30.000 fps)
[07/02/25 20:17:11] crowsnest:		Interval: Discrete 0.040s (25.000 fps)
[07/02/25 20:17:11] crowsnest:		Interval: Discrete 0.050s (20.000 fps)
[07/02/25 20:17:11] crowsnest:		Interval: Discrete 0.067s (15.000 fps)
[07/02/25 20:17:11] crowsnest:		Interval: Discrete 0.100s (10.000 fps)
[07/02/25 20:17:11] crowsnest:		Interval: Discrete 0.200s (5.000 fps)
[07/02/25 20:17:11] crowsnest:		Size: Discrete 320x240
[07/02/25 20:17:11] crowsnest:		Interval: Discrete 0.033s (30.000 fps)
[07/02/25 20:17:11] crowsnest:		Interval: Discrete 0.040s (25.000 fps)
[07/02/25 20:17:11] crowsnest:		Interval: Discrete 0.050s (20.000 fps)
[07/02/25 20:17:11] crowsnest:		Interval: Discrete 0.067s (15.000 fps)
[07/02/25 20:17:11] crowsnest:		Interval: Discrete 0.100s (10.000 fps)
[07/02/25 20:17:11] crowsnest:		Interval: Discrete 0.200s (5.000 fps)
[07/02/25 20:17:11] crowsnest:		[1]: 'YUYV' (YUYV 4:2:2)
[07/02/25 20:17:11] crowsnest:		Size: Discrete 1280x720
[07/02/25 20:17:11] crowsnest:		Interval: Discrete 0.100s (10.000 fps)
[07/02/25 20:17:11] crowsnest:		Size: Discrete 800x480
[07/02/25 20:17:11] crowsnest:		Interval: Discrete 0.040s (25.000 fps)
[07/02/25 20:17:11] crowsnest:		Size: Discrete 672x456
[07/02/25 20:17:11] crowsnest:		Interval: Discrete 0.033s (30.000 fps)
[07/02/25 20:17:11] crowsnest:		Size: Discrete 640x480
[07/02/25 20:17:11] crowsnest:		Interval: Discrete 0.033s (30.000 fps)
[07/02/25 20:17:11] crowsnest:		Size: Discrete 320x240
[07/02/25 20:17:11] crowsnest:		Interval: Discrete 0.033s (30.000 fps)
[07/02/25 20:17:11] crowsnest: Supported Controls:
[07/02/25 20:17:11] crowsnest:		
[07/02/25 20:17:11] crowsnest:		User Controls
[07/02/25 20:17:11] crowsnest:		
[07/02/25 20:17:11] crowsnest:		brightness 0x00980900 (int)    : min=-64 max=64 step=1 default=0 value=0
[07/02/25 20:17:11] crowsnest:		contrast 0x00980901 (int)    : min=0 max=64 step=1 default=32 value=32
[07/02/25 20:17:11] crowsnest:		saturation 0x00980902 (int)    : min=0 max=128 step=1 default=64 value=64
[07/02/25 20:17:11] crowsnest:		hue 0x00980903 (int)    : min=-40 max=40 step=1 default=0 value=0
[07/02/25 20:17:11] crowsnest:		white_balance_automatic 0x0098090c (bool)   : default=1 value=1
[07/02/25 20:17:11] crowsnest:		gamma 0x00980910 (int)    : min=72 max=500 step=1 default=100 value=100
[07/02/25 20:17:11] crowsnest:		gain 0x00980913 (int)    : min=0 max=100 step=1 default=0 value=0
[07/02/25 20:17:11] crowsnest:		power_line_frequency 0x00980918 (menu)   : min=0 max=2 default=2 value=2
[07/02/25 20:17:11] crowsnest:		0: Disabled
[07/02/25 20:17:11] crowsnest:		1: 50 Hz
[07/02/25 20:17:11] crowsnest:		2: 60 Hz
[07/02/25 20:17:11] crowsnest:		white_balance_temperature 0x0098091a (int)    : min=2800 max=6500 step=1 default=4600 value=4600 flags=inactive
[07/02/25 20:17:11] crowsnest:		sharpness 0x0098091b (int)    : min=0 max=6 step=1 default=3 value=3
[07/02/25 20:17:11] crowsnest:		backlight_compensation 0x0098091c (int)    : min=0 max=2 step=1 default=1 value=1
[07/02/25 20:17:11] crowsnest:		
[07/02/25 20:17:11] crowsnest:		Camera Controls
[07/02/25 20:17:11] crowsnest:		
[07/02/25 20:17:11] crowsnest:		auto_exposure 0x009a0901 (menu)   : min=0 max=3 default=3 value=3
[07/02/25 20:17:11] crowsnest:		1: Manual Mode
[07/02/25 20:17:11] crowsnest:		3: Aperture Priority Mode
[07/02/25 20:17:11] crowsnest:		exposure_time_absolute 0x009a0902 (int)    : min=1 max=5000 step=1 default=156 value=156 flags=inactive
[07/02/25 20:17:11] crowsnest:		exposure_dynamic_framerate 0x009a0903 (bool)   : default=0 value=1
[07/02/25 20:17:11] crowsnest: Try to start configured Cams / Services...
[07/02/25 20:17:17] crowsnest: INFO: Configuration of Section [cam 1] looks good. Continue ...
[07/02/25 20:17:18] crowsnest: V4L2 Control: No parameters set for [cam 1]. Skipped.
[07/02/25 20:17:22] crowsnest: Starting ustreamer with Device /dev/video0 ...
[07/02/25 20:17:24] crowsnest:  ... Done!
[07/03/25 09:17:10] crowsnest: crowsnest - A webcam Service for multiple Cams and Stream Services.
[07/03/25 09:17:10] crowsnest: Version: v4.1.12-1-g9623b5f
[07/03/25 09:17:10] crowsnest: Prepare Startup ...
[07/03/25 09:17:10] crowsnest: INFO: Host information:
[07/03/25 09:17:10] crowsnest: Host Info: Distribution: Debian GNU/Linux 11 (bullseye)
[07/03/25 09:17:10] crowsnest: Host Info: Kernel: Linux 5.16.17-sun50iw9 aarch64
[07/03/25 09:17:10] crowsnest: Host Info: Available CPU Cores: 4
[07/03/25 09:17:10] crowsnest: Host Info: Available Memory: 1010632 kB
[07/03/25 09:17:10] crowsnest: Host Info: Diskspace (avail. / total): 21G / 29G
[07/03/25 09:17:10] crowsnest: INFO: Checking Dependencies
[07/03/25 09:17:11] crowsnest: Dependency: 'crudini' found in /usr/bin/crudini.
[07/03/25 09:17:11] crowsnest: Dependency: 'find' found in /usr/bin/find.
[07/03/25 09:17:11] crowsnest: Dependency: 'xargs' found in /usr/bin/xargs.
[07/03/25 09:17:11] crowsnest: Dependency: 'ustreamer' found in bin/ustreamer/src/ustreamer.bin.
[07/03/25 09:17:11] crowsnest: Version Control: ustreamer is up to date. (v6.31)
[07/03/25 09:17:11] crowsnest: INFO: Print Configfile: '/home/biqu/printer_data/config/crowsnest.conf'
[07/03/25 09:17:11] crowsnest:		[crowsnest]
[07/03/25 09:17:11] crowsnest:		log_path: ~/printer_data/logs/crowsnest.log
[07/03/25 09:17:11] crowsnest:		log_level: verbose
[07/03/25 09:17:11] crowsnest:		delete_log: false
[07/03/25 09:17:11] crowsnest:		no_proxy: false
[07/03/25 09:17:11] crowsnest:		
[07/03/25 09:17:11] crowsnest:		[cam 1]
[07/03/25 09:17:11] crowsnest:		mode: ustreamer
[07/03/25 09:17:11] crowsnest:		
[07/03/25 09:17:11] crowsnest:		enable_rtsp: false
[07/03/25 09:17:11] crowsnest:		rtsp_port: 8554
[07/03/25 09:17:11] crowsnest:		port: 8080
[07/03/25 09:17:11] crowsnest:		device: /dev/video0
[07/03/25 09:17:11] crowsnest:		resolution: 1280x720
[07/03/25 09:17:11] crowsnest:		max_fps: 30
[07/03/25 09:17:11] crowsnest: INFO: Detect available Devices
[07/03/25 09:17:11] crowsnest: INFO: Found 1 total available Device(s)
[07/03/25 09:17:11] crowsnest: INFO: Found 1 available v4l2 (UVC) camera(s)
[07/03/25 09:17:11] crowsnest: /dev/v4l/by-id/usb-HHW_microelectronics_Co.__Ltd._MGS1-video-index0 -> /dev/video0
[07/03/25 09:17:11] crowsnest: Supported Formats:
[07/03/25 09:17:11] crowsnest:		[0]: 'MJPG' (Motion-JPEG, compressed)
[07/03/25 09:17:11] crowsnest:		Size: Discrete 1280x720
[07/03/25 09:17:11] crowsnest:		Interval: Discrete 0.033s (30.000 fps)
[07/03/25 09:17:11] crowsnest:		Interval: Discrete 0.040s (25.000 fps)
[07/03/25 09:17:11] crowsnest:		Interval: Discrete 0.050s (20.000 fps)
[07/03/25 09:17:11] crowsnest:		Interval: Discrete 0.067s (15.000 fps)
[07/03/25 09:17:11] crowsnest:		Interval: Discrete 0.100s (10.000 fps)
[07/03/25 09:17:11] crowsnest:		Interval: Discrete 0.200s (5.000 fps)
[07/03/25 09:17:11] crowsnest:		Size: Discrete 800x480
[07/03/25 09:17:11] crowsnest:		Interval: Discrete 0.033s (30.000 fps)
[07/03/25 09:17:11] crowsnest:		Interval: Discrete 0.040s (25.000 fps)
[07/03/25 09:17:11] crowsnest:		Interval: Discrete 0.050s (20.000 fps)
[07/03/25 09:17:11] crowsnest:		Interval: Discrete 0.067s (15.000 fps)
[07/03/25 09:17:11] crowsnest:		Interval: Discrete 0.100s (10.000 fps)
[07/03/25 09:17:11] crowsnest:		Interval: Discrete 0.200s (5.000 fps)
[07/03/25 09:17:11] crowsnest:		Size: Discrete 672x456
[07/03/25 09:17:11] crowsnest:		Interval: Discrete 0.033s (30.000 fps)
[07/03/25 09:17:11] crowsnest:		Interval: Discrete 0.040s (25.000 fps)
[07/03/25 09:17:11] crowsnest:		Interval: Discrete 0.050s (20.000 fps)
[07/03/25 09:17:11] crowsnest:		Interval: Discrete 0.067s (15.000 fps)
[07/03/25 09:17:11] crowsnest:		Interval: Discrete 0.100s (10.000 fps)
[07/03/25 09:17:11] crowsnest:		Interval: Discrete 0.200s (5.000 fps)
[07/03/25 09:17:11] crowsnest:		Size: Discrete 640x480
[07/03/25 09:17:11] crowsnest:		Interval: Discrete 0.033s (30.000 fps)
[07/03/25 09:17:11] crowsnest:		Interval: Discrete 0.040s (25.000 fps)
[07/03/25 09:17:11] crowsnest:		Interval: Discrete 0.050s (20.000 fps)
[07/03/25 09:17:11] crowsnest:		Interval: Discrete 0.067s (15.000 fps)
[07/03/25 09:17:11] crowsnest:		Interval: Discrete 0.100s (10.000 fps)
[07/03/25 09:17:11] crowsnest:		Interval: Discrete 0.200s (5.000 fps)
[07/03/25 09:17:11] crowsnest:		Size: Discrete 320x240
[07/03/25 09:17:11] crowsnest:		Interval: Discrete 0.033s (30.000 fps)
[07/03/25 09:17:11] crowsnest:		Interval: Discrete 0.040s (25.000 fps)
[07/03/25 09:17:11] crowsnest:		Interval: Discrete 0.050s (20.000 fps)
[07/03/25 09:17:11] crowsnest:		Interval: Discrete 0.067s (15.000 fps)
[07/03/25 09:17:11] crowsnest:		Interval: Discrete 0.100s (10.000 fps)
[07/03/25 09:17:11] crowsnest:		Interval: Discrete 0.200s (5.000 fps)
[07/03/25 09:17:11] crowsnest:		[1]: 'YUYV' (YUYV 4:2:2)
[07/03/25 09:17:11] crowsnest:		Size: Discrete 1280x720
[07/03/25 09:17:11] crowsnest:		Interval: Discrete 0.100s (10.000 fps)
[07/03/25 09:17:11] crowsnest:		Size: Discrete 800x480
[07/03/25 09:17:11] crowsnest:		Interval: Discrete 0.040s (25.000 fps)
[07/03/25 09:17:11] crowsnest:		Size: Discrete 672x456
[07/03/25 09:17:11] crowsnest:		Interval: Discrete 0.033s (30.000 fps)
[07/03/25 09:17:11] crowsnest:		Size: Discrete 640x480
[07/03/25 09:17:11] crowsnest:		Interval: Discrete 0.033s (30.000 fps)
[07/03/25 09:17:11] crowsnest:		Size: Discrete 320x240
[07/03/25 09:17:11] crowsnest:		Interval: Discrete 0.033s (30.000 fps)
[07/03/25 09:17:11] crowsnest: Supported Controls:
[07/03/25 09:17:11] crowsnest:		
[07/03/25 09:17:11] crowsnest:		User Controls
[07/03/25 09:17:11] crowsnest:		
[07/03/25 09:17:11] crowsnest:		brightness 0x00980900 (int)    : min=-64 max=64 step=1 default=0 value=0
[07/03/25 09:17:11] crowsnest:		contrast 0x00980901 (int)    : min=0 max=64 step=1 default=32 value=32
[07/03/25 09:17:11] crowsnest:		saturation 0x00980902 (int)    : min=0 max=128 step=1 default=64 value=64
[07/03/25 09:17:11] crowsnest:		hue 0x00980903 (int)    : min=-40 max=40 step=1 default=0 value=0
[07/03/25 09:17:11] crowsnest:		white_balance_automatic 0x0098090c (bool)   : default=1 value=1
[07/03/25 09:17:11] crowsnest:		gamma 0x00980910 (int)    : min=72 max=500 step=1 default=100 value=100
[07/03/25 09:17:11] crowsnest:		gain 0x00980913 (int)    : min=0 max=100 step=1 default=0 value=0
[07/03/25 09:17:11] crowsnest:		power_line_frequency 0x00980918 (menu)   : min=0 max=2 default=2 value=2
[07/03/25 09:17:11] crowsnest:		0: Disabled
[07/03/25 09:17:11] crowsnest:		1: 50 Hz
[07/03/25 09:17:11] crowsnest:		2: 60 Hz
[07/03/25 09:17:11] crowsnest:		white_balance_temperature 0x0098091a (int)    : min=2800 max=6500 step=1 default=4600 value=4600 flags=inactive
[07/03/25 09:17:11] crowsnest:		sharpness 0x0098091b (int)    : min=0 max=6 step=1 default=3 value=3
[07/03/25 09:17:11] crowsnest:		backlight_compensation 0x0098091c (int)    : min=0 max=2 step=1 default=1 value=1
[07/03/25 09:17:11] crowsnest:		
[07/03/25 09:17:11] crowsnest:		Camera Controls
[07/03/25 09:17:11] crowsnest:		
[07/03/25 09:17:11] crowsnest:		auto_exposure 0x009a0901 (menu)   : min=0 max=3 default=3 value=3
[07/03/25 09:17:11] crowsnest:		1: Manual Mode
[07/03/25 09:17:11] crowsnest:		3: Aperture Priority Mode
[07/03/25 09:17:11] crowsnest:		exposure_time_absolute 0x009a0902 (int)    : min=1 max=5000 step=1 default=156 value=156 flags=inactive
[07/03/25 09:17:11] crowsnest:		exposure_dynamic_framerate 0x009a0903 (bool)   : default=0 value=1
[07/03/25 09:17:11] crowsnest: Try to start configured Cams / Services...
[07/03/25 09:17:17] crowsnest: INFO: Configuration of Section [cam 1] looks good. Continue ...
[07/03/25 09:17:19] crowsnest: V4L2 Control: No parameters set for [cam 1]. Skipped.
[07/03/25 09:17:22] crowsnest: Starting ustreamer with Device /dev/video0 ...
[07/03/25 09:17:24] crowsnest:  ... Done!
[07/03/25 09:17:10] crowsnest: crowsnest - A webcam Service for multiple Cams and Stream Services.
[07/03/25 09:17:10] crowsnest: Version: v4.1.12-1-g9623b5f
[07/03/25 09:17:10] crowsnest: Prepare Startup ...
[07/03/25 09:17:10] crowsnest: INFO: Host information:
[07/03/25 09:17:10] crowsnest: Host Info: Distribution: Debian GNU/Linux 11 (bullseye)
[07/03/25 09:17:10] crowsnest: Host Info: Kernel: Linux 5.16.17-sun50iw9 aarch64
[07/03/25 09:17:10] crowsnest: Host Info: Available CPU Cores: 4
[07/03/25 09:17:10] crowsnest: Host Info: Available Memory: 1010632 kB
[07/03/25 09:17:10] crowsnest: Host Info: Diskspace (avail. / total): 21G / 29G
[07/03/25 09:17:10] crowsnest: INFO: Checking Dependencies
[07/03/25 09:17:11] crowsnest: Dependency: 'crudini' found in /usr/bin/crudini.
[07/03/25 09:17:11] crowsnest: Dependency: 'find' found in /usr/bin/find.
[07/03/25 09:17:11] crowsnest: Dependency: 'xargs' found in /usr/bin/xargs.
[07/03/25 09:17:11] crowsnest: Dependency: 'ustreamer' found in bin/ustreamer/src/ustreamer.bin.
[07/03/25 09:17:11] crowsnest: Version Control: ustreamer is up to date. (v6.31)
[07/03/25 09:17:11] crowsnest: INFO: Print Configfile: '/home/biqu/printer_data/config/crowsnest.conf'
[07/03/25 09:17:11] crowsnest:		[crowsnest]
[07/03/25 09:17:11] crowsnest:		log_path: ~/printer_data/logs/crowsnest.log
[07/03/25 09:17:11] crowsnest:		log_level: verbose
[07/03/25 09:17:11] crowsnest:		delete_log: false
[07/03/25 09:17:11] crowsnest:		no_proxy: false
[07/03/25 09:17:11] crowsnest:		
[07/03/25 09:17:11] crowsnest:		[cam 1]
[07/03/25 09:17:11] crowsnest:		mode: ustreamer
[07/03/25 09:17:11] crowsnest:		
[07/03/25 09:17:11] crowsnest:		enable_rtsp: false
[07/03/25 09:17:11] crowsnest:		rtsp_port: 8554
[07/03/25 09:17:11] crowsnest:		port: 8080
[07/03/25 09:17:11] crowsnest:		device: /dev/video0
[07/03/25 09:17:11] crowsnest:		resolution: 1280x720
[07/03/25 09:17:11] crowsnest:		max_fps: 30
[07/03/25 09:17:11] crowsnest: INFO: Detect available Devices
[07/03/25 09:17:11] crowsnest: INFO: Found 1 total available Device(s)
[07/03/25 09:17:11] crowsnest: INFO: Found 1 available v4l2 (UVC) camera(s)
[07/03/25 09:17:11] crowsnest: /dev/v4l/by-id/usb-HHW_microelectronics_Co.__Ltd._MGS1-video-index0 -> /dev/video0
[07/03/25 09:17:11] crowsnest: Supported Formats:
[07/03/25 09:17:11] crowsnest:		[0]: 'MJPG' (Motion-JPEG, compressed)
[07/03/25 09:17:11] crowsnest:		Size: Discrete 1280x720
[07/03/25 09:17:11] crowsnest:		Interval: Discrete 0.033s (30.000 fps)
[07/03/25 09:17:11] crowsnest:		Interval: Discrete 0.040s (25.000 fps)
[07/03/25 09:17:11] crowsnest:		Interval: Discrete 0.050s (20.000 fps)
[07/03/25 09:17:11] crowsnest:		Interval: Discrete 0.067s (15.000 fps)
[07/03/25 09:17:11] crowsnest:		Interval: Discrete 0.100s (10.000 fps)
[07/03/25 09:17:11] crowsnest:		Interval: Discrete 0.200s (5.000 fps)
[07/03/25 09:17:11] crowsnest:		Size: Discrete 800x480
[07/03/25 09:17:11] crowsnest:		Interval: Discrete 0.033s (30.000 fps)
[07/03/25 09:17:11] crowsnest:		Interval: Discrete 0.040s (25.000 fps)
[07/03/25 09:17:11] crowsnest:		Interval: Discrete 0.050s (20.000 fps)
[07/03/25 09:17:11] crowsnest:		Interval: Discrete 0.067s (15.000 fps)
[07/03/25 09:17:11] crowsnest:		Interval: Discrete 0.100s (10.000 fps)
[07/03/25 09:17:11] crowsnest:		Interval: Discrete 0.200s (5.000 fps)
[07/03/25 09:17:11] crowsnest:		Size: Discrete 672x456
[07/03/25 09:17:11] crowsnest:		Interval: Discrete 0.033s (30.000 fps)
[07/03/25 09:17:11] crowsnest:		Interval: Discrete 0.040s (25.000 fps)
[07/03/25 09:17:11] crowsnest:		Interval: Discrete 0.050s (20.000 fps)
[07/03/25 09:17:11] crowsnest:		Interval: Discrete 0.067s (15.000 fps)
[07/03/25 09:17:11] crowsnest:		Interval: Discrete 0.100s (10.000 fps)
[07/03/25 09:17:11] crowsnest:		Interval: Discrete 0.200s (5.000 fps)
[07/03/25 09:17:11] crowsnest:		Size: Discrete 640x480
[07/03/25 09:17:11] crowsnest:		Interval: Discrete 0.033s (30.000 fps)
[07/03/25 09:17:11] crowsnest:		Interval: Discrete 0.040s (25.000 fps)
[07/03/25 09:17:11] crowsnest:		Interval: Discrete 0.050s (20.000 fps)
[07/03/25 09:17:11] crowsnest:		Interval: Discrete 0.067s (15.000 fps)
[07/03/25 09:17:11] crowsnest:		Interval: Discrete 0.100s (10.000 fps)
[07/03/25 09:17:11] crowsnest:		Interval: Discrete 0.200s (5.000 fps)
[07/03/25 09:17:11] crowsnest:		Size: Discrete 320x240
[07/03/25 09:17:11] crowsnest:		Interval: Discrete 0.033s (30.000 fps)
[07/03/25 09:17:11] crowsnest:		Interval: Discrete 0.040s (25.000 fps)
[07/03/25 09:17:11] crowsnest:		Interval: Discrete 0.050s (20.000 fps)
[07/03/25 09:17:11] crowsnest:		Interval: Discrete 0.067s (15.000 fps)
[07/03/25 09:17:11] crowsnest:		Interval: Discrete 0.100s (10.000 fps)
[07/03/25 09:17:11] crowsnest:		Interval: Discrete 0.200s (5.000 fps)
[07/03/25 09:17:11] crowsnest:		[1]: 'YUYV' (YUYV 4:2:2)
[07/03/25 09:17:11] crowsnest:		Size: Discrete 1280x720
[07/03/25 09:17:11] crowsnest:		Interval: Discrete 0.100s (10.000 fps)
[07/03/25 09:17:11] crowsnest:		Size: Discrete 800x480
[07/03/25 09:17:11] crowsnest:		Interval: Discrete 0.040s (25.000 fps)
[07/03/25 09:17:11] crowsnest:		Size: Discrete 672x456
[07/03/25 09:17:11] crowsnest:		Interval: Discrete 0.033s (30.000 fps)
[07/03/25 09:17:11] crowsnest:		Size: Discrete 640x480
[07/03/25 09:17:11] crowsnest:		Interval: Discrete 0.033s (30.000 fps)
[07/03/25 09:17:11] crowsnest:		Size: Discrete 320x240
[07/03/25 09:17:11] crowsnest:		Interval: Discrete 0.033s (30.000 fps)
[07/03/25 09:17:11] crowsnest: Supported Controls:
[07/03/25 09:17:11] crowsnest:		
[07/03/25 09:17:11] crowsnest:		User Controls
[07/03/25 09:17:11] crowsnest:		
[07/03/25 09:17:11] crowsnest:		brightness 0x00980900 (int)    : min=-64 max=64 step=1 default=0 value=0
[07/03/25 09:17:11] crowsnest:		contrast 0x00980901 (int)    : min=0 max=64 step=1 default=32 value=32
[07/03/25 09:17:11] crowsnest:		saturation 0x00980902 (int)    : min=0 max=128 step=1 default=64 value=64
[07/03/25 09:17:11] crowsnest:		hue 0x00980903 (int)    : min=-40 max=40 step=1 default=0 value=0
[07/03/25 09:17:11] crowsnest:		white_balance_automatic 0x0098090c (bool)   : default=1 value=1
[07/03/25 09:17:11] crowsnest:		gamma 0x00980910 (int)    : min=72 max=500 step=1 default=100 value=100
[07/03/25 09:17:11] crowsnest:		gain 0x00980913 (int)    : min=0 max=100 step=1 default=0 value=0
[07/03/25 09:17:11] crowsnest:		power_line_frequency 0x00980918 (menu)   : min=0 max=2 default=2 value=2
[07/03/25 09:17:11] crowsnest:		0: Disabled
[07/03/25 09:17:11] crowsnest:		1: 50 Hz
[07/03/25 09:17:11] crowsnest:		2: 60 Hz
[07/03/25 09:17:11] crowsnest:		white_balance_temperature 0x0098091a (int)    : min=2800 max=6500 step=1 default=4600 value=4600 flags=inactive
[07/03/25 09:17:11] crowsnest:		sharpness 0x0098091b (int)    : min=0 max=6 step=1 default=3 value=3
[07/03/25 09:17:11] crowsnest:		backlight_compensation 0x0098091c (int)    : min=0 max=2 step=1 default=1 value=1
[07/03/25 09:17:11] crowsnest:		
[07/03/25 09:17:11] crowsnest:		Camera Controls
[07/03/25 09:17:11] crowsnest:		
[07/03/25 09:17:11] crowsnest:		auto_exposure 0x009a0901 (menu)   : min=0 max=3 default=3 value=3
[07/03/25 09:17:11] crowsnest:		1: Manual Mode
[07/03/25 09:17:11] crowsnest:		3: Aperture Priority Mode
[07/03/25 09:17:11] crowsnest:		exposure_time_absolute 0x009a0902 (int)    : min=1 max=5000 step=1 default=156 value=156 flags=inactive
[07/03/25 09:17:11] crowsnest:		exposure_dynamic_framerate 0x009a0903 (bool)   : default=0 value=1
[07/03/25 09:17:11] crowsnest: Try to start configured Cams / Services...
[07/03/25 09:17:16] crowsnest: INFO: Configuration of Section [cam 1] looks good. Continue ...
[07/03/25 09:17:18] crowsnest: V4L2 Control: No parameters set for [cam 1]. Skipped.
[07/03/25 09:17:22] crowsnest: Starting ustreamer with Device /dev/video0 ...
[07/03/25 09:17:23] crowsnest:  ... Done!
[07/03/25 11:17:10] crowsnest: crowsnest - A webcam Service for multiple Cams and Stream Services.
[07/03/25 11:17:10] crowsnest: Version: v4.1.12-1-g9623b5f
[07/03/25 11:17:10] crowsnest: Prepare Startup ...
[07/03/25 11:17:10] crowsnest: INFO: Host information:
[07/03/25 11:17:10] crowsnest: Host Info: Distribution: Debian GNU/Linux 11 (bullseye)
[07/03/25 11:17:10] crowsnest: Host Info: Kernel: Linux 5.16.17-sun50iw9 aarch64
[07/03/25 11:17:10] crowsnest: Host Info: Available CPU Cores: 4
[07/03/25 11:17:10] crowsnest: Host Info: Available Memory: 1010632 kB
[07/03/25 11:17:10] crowsnest: Host Info: Diskspace (avail. / total): 21G / 29G
[07/03/25 11:17:10] crowsnest: INFO: Checking Dependencies
[07/03/25 11:17:11] crowsnest: Dependency: 'crudini' found in /usr/bin/crudini.
[07/03/25 11:17:11] crowsnest: Dependency: 'find' found in /usr/bin/find.
[07/03/25 11:17:11] crowsnest: Dependency: 'xargs' found in /usr/bin/xargs.
[07/03/25 11:17:11] crowsnest: Dependency: 'ustreamer' found in bin/ustreamer/src/ustreamer.bin.
[07/03/25 11:17:11] crowsnest: Version Control: ustreamer is up to date. (v6.31)
[07/03/25 11:17:11] crowsnest: INFO: Print Configfile: '/home/biqu/printer_data/config/crowsnest.conf'
[07/03/25 11:17:11] crowsnest:		[crowsnest]
[07/03/25 11:17:11] crowsnest:		log_path: ~/printer_data/logs/crowsnest.log
[07/03/25 11:17:11] crowsnest:		log_level: verbose
[07/03/25 11:17:11] crowsnest:		delete_log: false
[07/03/25 11:17:11] crowsnest:		no_proxy: false
[07/03/25 11:17:11] crowsnest:		
[07/03/25 11:17:11] crowsnest:		[cam 1]
[07/03/25 11:17:11] crowsnest:		mode: ustreamer
[07/03/25 11:17:11] crowsnest:		
[07/03/25 11:17:11] crowsnest:		enable_rtsp: false
[07/03/25 11:17:11] crowsnest:		rtsp_port: 8554
[07/03/25 11:17:11] crowsnest:		port: 8080
[07/03/25 11:17:11] crowsnest:		device: /dev/video0
[07/03/25 11:17:11] crowsnest:		resolution: 1280x720
[07/03/25 11:17:11] crowsnest:		max_fps: 30
[07/03/25 11:17:11] crowsnest: INFO: Detect available Devices
[07/03/25 11:17:11] crowsnest: INFO: Found 1 total available Device(s)
[07/03/25 11:17:11] crowsnest: INFO: Found 1 available v4l2 (UVC) camera(s)
[07/03/25 11:17:11] crowsnest: /dev/v4l/by-id/usb-HHW_microelectronics_Co.__Ltd._MGS1-video-index0 -> /dev/video0
[07/03/25 11:17:11] crowsnest: Supported Formats:
[07/03/25 11:17:11] crowsnest:		[0]: 'MJPG' (Motion-JPEG, compressed)
[07/03/25 11:17:11] crowsnest:		Size: Discrete 1280x720
[07/03/25 11:17:11] crowsnest:		Interval: Discrete 0.033s (30.000 fps)
[07/03/25 11:17:11] crowsnest:		Interval: Discrete 0.040s (25.000 fps)
[07/03/25 11:17:11] crowsnest:		Interval: Discrete 0.050s (20.000 fps)
[07/03/25 11:17:11] crowsnest:		Interval: Discrete 0.067s (15.000 fps)
[07/03/25 11:17:11] crowsnest:		Interval: Discrete 0.100s (10.000 fps)
[07/03/25 11:17:11] crowsnest:		Interval: Discrete 0.200s (5.000 fps)
[07/03/25 11:17:11] crowsnest:		Size: Discrete 800x480
[07/03/25 11:17:11] crowsnest:		Interval: Discrete 0.033s (30.000 fps)
[07/03/25 11:17:11] crowsnest:		Interval: Discrete 0.040s (25.000 fps)
[07/03/25 11:17:11] crowsnest:		Interval: Discrete 0.050s (20.000 fps)
[07/03/25 11:17:11] crowsnest:		Interval: Discrete 0.067s (15.000 fps)
[07/03/25 11:17:11] crowsnest:		Interval: Discrete 0.100s (10.000 fps)
[07/03/25 11:17:11] crowsnest:		Interval: Discrete 0.200s (5.000 fps)
[07/03/25 11:17:11] crowsnest:		Size: Discrete 672x456
[07/03/25 11:17:11] crowsnest:		Interval: Discrete 0.033s (30.000 fps)
[07/03/25 11:17:11] crowsnest:		Interval: Discrete 0.040s (25.000 fps)
[07/03/25 11:17:11] crowsnest:		Interval: Discrete 0.050s (20.000 fps)
[07/03/25 11:17:11] crowsnest:		Interval: Discrete 0.067s (15.000 fps)
[07/03/25 11:17:11] crowsnest:		Interval: Discrete 0.100s (10.000 fps)
[07/03/25 11:17:11] crowsnest:		Interval: Discrete 0.200s (5.000 fps)
[07/03/25 11:17:11] crowsnest:		Size: Discrete 640x480
[07/03/25 11:17:11] crowsnest:		Interval: Discrete 0.033s (30.000 fps)
[07/03/25 11:17:11] crowsnest:		Interval: Discrete 0.040s (25.000 fps)
[07/03/25 11:17:11] crowsnest:		Interval: Discrete 0.050s (20.000 fps)
[07/03/25 11:17:11] crowsnest:		Interval: Discrete 0.067s (15.000 fps)
[07/03/25 11:17:11] crowsnest:		Interval: Discrete 0.100s (10.000 fps)
[07/03/25 11:17:11] crowsnest:		Interval: Discrete 0.200s (5.000 fps)
[07/03/25 11:17:11] crowsnest:		Size: Discrete 320x240
[07/03/25 11:17:11] crowsnest:		Interval: Discrete 0.033s (30.000 fps)
[07/03/25 11:17:11] crowsnest:		Interval: Discrete 0.040s (25.000 fps)
[07/03/25 11:17:11] crowsnest:		Interval: Discrete 0.050s (20.000 fps)
[07/03/25 11:17:11] crowsnest:		Interval: Discrete 0.067s (15.000 fps)
[07/03/25 11:17:11] crowsnest:		Interval: Discrete 0.100s (10.000 fps)
[07/03/25 11:17:11] crowsnest:		Interval: Discrete 0.200s (5.000 fps)
[07/03/25 11:17:11] crowsnest:		[1]: 'YUYV' (YUYV 4:2:2)
[07/03/25 11:17:11] crowsnest:		Size: Discrete 1280x720
[07/03/25 11:17:11] crowsnest:		Interval: Discrete 0.100s (10.000 fps)
[07/03/25 11:17:11] crowsnest:		Size: Discrete 800x480
[07/03/25 11:17:11] crowsnest:		Interval: Discrete 0.040s (25.000 fps)
[07/03/25 11:17:11] crowsnest:		Size: Discrete 672x456
[07/03/25 11:17:11] crowsnest:		Interval: Discrete 0.033s (30.000 fps)
[07/03/25 11:17:11] crowsnest:		Size: Discrete 640x480
[07/03/25 11:17:11] crowsnest:		Interval: Discrete 0.033s (30.000 fps)
[07/03/25 11:17:11] crowsnest:		Size: Discrete 320x240
[07/03/25 11:17:11] crowsnest:		Interval: Discrete 0.033s (30.000 fps)
[07/03/25 11:17:11] crowsnest: Supported Controls:
[07/03/25 11:17:11] crowsnest:		
[07/03/25 11:17:11] crowsnest:		User Controls
[07/03/25 11:17:11] crowsnest:		
[07/03/25 11:17:11] crowsnest:		brightness 0x00980900 (int)    : min=-64 max=64 step=1 default=0 value=0
[07/03/25 11:17:11] crowsnest:		contrast 0x00980901 (int)    : min=0 max=64 step=1 default=32 value=32
[07/03/25 11:17:11] crowsnest:		saturation 0x00980902 (int)    : min=0 max=128 step=1 default=64 value=64
[07/03/25 11:17:11] crowsnest:		hue 0x00980903 (int)    : min=-40 max=40 step=1 default=0 value=0
[07/03/25 11:17:11] crowsnest:		white_balance_automatic 0x0098090c (bool)   : default=1 value=1
[07/03/25 11:17:11] crowsnest:		gamma 0x00980910 (int)    : min=72 max=500 step=1 default=100 value=100
[07/03/25 11:17:11] crowsnest:		gain 0x00980913 (int)    : min=0 max=100 step=1 default=0 value=0
[07/03/25 11:17:11] crowsnest:		power_line_frequency 0x00980918 (menu)   : min=0 max=2 default=2 value=2
[07/03/25 11:17:11] crowsnest:		0: Disabled
[07/03/25 11:17:11] crowsnest:		1: 50 Hz
[07/03/25 11:17:11] crowsnest:		2: 60 Hz
[07/03/25 11:17:11] crowsnest:		white_balance_temperature 0x0098091a (int)    : min=2800 max=6500 step=1 default=4600 value=4600 flags=inactive
[07/03/25 11:17:11] crowsnest:		sharpness 0x0098091b (int)    : min=0 max=6 step=1 default=3 value=3
[07/03/25 11:17:11] crowsnest:		backlight_compensation 0x0098091c (int)    : min=0 max=2 step=1 default=1 value=1
[07/03/25 11:17:11] crowsnest:		
[07/03/25 11:17:11] crowsnest:		Camera Controls
[07/03/25 11:17:11] crowsnest:		
[07/03/25 11:17:11] crowsnest:		auto_exposure 0x009a0901 (menu)   : min=0 max=3 default=3 value=3
[07/03/25 11:17:11] crowsnest:		1: Manual Mode
[07/03/25 11:17:11] crowsnest:		3: Aperture Priority Mode
[07/03/25 11:17:11] crowsnest:		exposure_time_absolute 0x009a0902 (int)    : min=1 max=5000 step=1 default=156 value=156 flags=inactive
[07/03/25 11:17:11] crowsnest:		exposure_dynamic_framerate 0x009a0903 (bool)   : default=0 value=1
[07/03/25 11:17:11] crowsnest: Try to start configured Cams / Services...
[07/03/25 11:17:16] crowsnest: INFO: Configuration of Section [cam 1] looks good. Continue ...
[07/03/25 11:17:18] crowsnest: V4L2 Control: No parameters set for [cam 1]. Skipped.
[07/03/25 11:17:21] crowsnest: Starting ustreamer with Device /dev/video0 ...
[07/03/25 11:17:22] crowsnest:  ... Done!
[07/03/25 11:17:10] crowsnest: crowsnest - A webcam Service for multiple Cams and Stream Services.
[07/03/25 11:17:10] crowsnest: Version: v4.1.12-1-g9623b5f
[07/03/25 11:17:10] crowsnest: Prepare Startup ...
[07/03/25 11:17:10] crowsnest: INFO: Host information:
[07/03/25 11:17:10] crowsnest: Host Info: Distribution: Debian GNU/Linux 11 (bullseye)
[07/03/25 11:17:10] crowsnest: Host Info: Kernel: Linux 5.16.17-sun50iw9 aarch64
[07/03/25 11:17:10] crowsnest: Host Info: Available CPU Cores: 4
[07/03/25 11:17:10] crowsnest: Host Info: Available Memory: 1010632 kB
[07/03/25 11:17:10] crowsnest: Host Info: Diskspace (avail. / total): 21G / 29G
[07/03/25 11:17:10] crowsnest: INFO: Checking Dependencies
[07/03/25 11:17:11] crowsnest: Dependency: 'crudini' found in /usr/bin/crudini.
[07/03/25 11:17:11] crowsnest: Dependency: 'find' found in /usr/bin/find.
[07/03/25 11:17:11] crowsnest: Dependency: 'xargs' found in /usr/bin/xargs.
[07/03/25 11:17:11] crowsnest: Dependency: 'ustreamer' found in bin/ustreamer/src/ustreamer.bin.
[07/03/25 11:17:11] crowsnest: Version Control: ustreamer is up to date. (v6.31)
[07/03/25 11:17:11] crowsnest: INFO: Print Configfile: '/home/biqu/printer_data/config/crowsnest.conf'
[07/03/25 11:17:11] crowsnest:		[crowsnest]
[07/03/25 11:17:11] crowsnest:		log_path: ~/printer_data/logs/crowsnest.log
[07/03/25 11:17:11] crowsnest:		log_level: verbose
[07/03/25 11:17:11] crowsnest:		delete_log: false
[07/03/25 11:17:11] crowsnest:		no_proxy: false
[07/03/25 11:17:11] crowsnest:		
[07/03/25 11:17:11] crowsnest:		[cam 1]
[07/03/25 11:17:11] crowsnest:		mode: ustreamer
[07/03/25 11:17:11] crowsnest:		
[07/03/25 11:17:11] crowsnest:		enable_rtsp: false
[07/03/25 11:17:11] crowsnest:		rtsp_port: 8554
[07/03/25 11:17:11] crowsnest:		port: 8080
[07/03/25 11:17:11] crowsnest:		device: /dev/video0
[07/03/25 11:17:11] crowsnest:		resolution: 1280x720
[07/03/25 11:17:11] crowsnest:		max_fps: 30
[07/03/25 11:17:11] crowsnest: INFO: Detect available Devices
[07/03/25 11:17:11] crowsnest: INFO: Found 1 total available Device(s)
[07/03/25 11:17:11] crowsnest: INFO: Found 1 available v4l2 (UVC) camera(s)
[07/03/25 11:17:11] crowsnest: /dev/v4l/by-id/usb-HHW_microelectronics_Co.__Ltd._MGS1-video-index0 -> /dev/video0
[07/03/25 11:17:11] crowsnest: Supported Formats:
[07/03/25 11:17:11] crowsnest:		[0]: 'MJPG' (Motion-JPEG, compressed)
[07/03/25 11:17:11] crowsnest:		Size: Discrete 1280x720
[07/03/25 11:17:11] crowsnest:		Interval: Discrete 0.033s (30.000 fps)
[07/03/25 11:17:11] crowsnest:		Interval: Discrete 0.040s (25.000 fps)
[07/03/25 11:17:11] crowsnest:		Interval: Discrete 0.050s (20.000 fps)
[07/03/25 11:17:11] crowsnest:		Interval: Discrete 0.067s (15.000 fps)
[07/03/25 11:17:11] crowsnest:		Interval: Discrete 0.100s (10.000 fps)
[07/03/25 11:17:11] crowsnest:		Interval: Discrete 0.200s (5.000 fps)
[07/03/25 11:17:11] crowsnest:		Size: Discrete 800x480
[07/03/25 11:17:11] crowsnest:		Interval: Discrete 0.033s (30.000 fps)
[07/03/25 11:17:11] crowsnest:		Interval: Discrete 0.040s (25.000 fps)
[07/03/25 11:17:11] crowsnest:		Interval: Discrete 0.050s (20.000 fps)
[07/03/25 11:17:11] crowsnest:		Interval: Discrete 0.067s (15.000 fps)
[07/03/25 11:17:11] crowsnest:		Interval: Discrete 0.100s (10.000 fps)
[07/03/25 11:17:11] crowsnest:		Interval: Discrete 0.200s (5.000 fps)
[07/03/25 11:17:11] crowsnest:		Size: Discrete 672x456
[07/03/25 11:17:11] crowsnest:		Interval: Discrete 0.033s (30.000 fps)
[07/03/25 11:17:11] crowsnest:		Interval: Discrete 0.040s (25.000 fps)
[07/03/25 11:17:11] crowsnest:		Interval: Discrete 0.050s (20.000 fps)
[07/03/25 11:17:11] crowsnest:		Interval: Discrete 0.067s (15.000 fps)
[07/03/25 11:17:11] crowsnest:		Interval: Discrete 0.100s (10.000 fps)
[07/03/25 11:17:11] crowsnest:		Interval: Discrete 0.200s (5.000 fps)
[07/03/25 11:17:11] crowsnest:		Size: Discrete 640x480
[07/03/25 11:17:11] crowsnest:		Interval: Discrete 0.033s (30.000 fps)
[07/03/25 11:17:11] crowsnest:		Interval: Discrete 0.040s (25.000 fps)
[07/03/25 11:17:11] crowsnest:		Interval: Discrete 0.050s (20.000 fps)
[07/03/25 11:17:11] crowsnest:		Interval: Discrete 0.067s (15.000 fps)
[07/03/25 11:17:11] crowsnest:		Interval: Discrete 0.100s (10.000 fps)
[07/03/25 11:17:11] crowsnest:		Interval: Discrete 0.200s (5.000 fps)
[07/03/25 11:17:11] crowsnest:		Size: Discrete 320x240
[07/03/25 11:17:11] crowsnest:		Interval: Discrete 0.033s (30.000 fps)
[07/03/25 11:17:11] crowsnest:		Interval: Discrete 0.040s (25.000 fps)
[07/03/25 11:17:11] crowsnest:		Interval: Discrete 0.050s (20.000 fps)
[07/03/25 11:17:11] crowsnest:		Interval: Discrete 0.067s (15.000 fps)
[07/03/25 11:17:11] crowsnest:		Interval: Discrete 0.100s (10.000 fps)
[07/03/25 11:17:11] crowsnest:		Interval: Discrete 0.200s (5.000 fps)
[07/03/25 11:17:11] crowsnest:		[1]: 'YUYV' (YUYV 4:2:2)
[07/03/25 11:17:11] crowsnest:		Size: Discrete 1280x720
[07/03/25 11:17:11] crowsnest:		Interval: Discrete 0.100s (10.000 fps)
[07/03/25 11:17:11] crowsnest:		Size: Discrete 800x480
[07/03/25 11:17:11] crowsnest:		Interval: Discrete 0.040s (25.000 fps)
[07/03/25 11:17:11] crowsnest:		Size: Discrete 672x456
[07/03/25 11:17:11] crowsnest:		Interval: Discrete 0.033s (30.000 fps)
[07/03/25 11:17:11] crowsnest:		Size: Discrete 640x480
[07/03/25 11:17:11] crowsnest:		Interval: Discrete 0.033s (30.000 fps)
[07/03/25 11:17:11] crowsnest:		Size: Discrete 320x240
[07/03/25 11:17:11] crowsnest:		Interval: Discrete 0.033s (30.000 fps)
[07/03/25 11:17:11] crowsnest: Supported Controls:
[07/03/25 11:17:11] crowsnest:		
[07/03/25 11:17:11] crowsnest:		User Controls
[07/03/25 11:17:11] crowsnest:		
[07/03/25 11:17:11] crowsnest:		brightness 0x00980900 (int)    : min=-64 max=64 step=1 default=0 value=0
[07/03/25 11:17:11] crowsnest:		contrast 0x00980901 (int)    : min=0 max=64 step=1 default=32 value=32
[07/03/25 11:17:11] crowsnest:		saturation 0x00980902 (int)    : min=0 max=128 step=1 default=64 value=64
[07/03/25 11:17:11] crowsnest:		hue 0x00980903 (int)    : min=-40 max=40 step=1 default=0 value=0
[07/03/25 11:17:11] crowsnest:		white_balance_automatic 0x0098090c (bool)   : default=1 value=1
[07/03/25 11:17:11] crowsnest:		gamma 0x00980910 (int)    : min=72 max=500 step=1 default=100 value=100
[07/03/25 11:17:11] crowsnest:		gain 0x00980913 (int)    : min=0 max=100 step=1 default=0 value=0
[07/03/25 11:17:11] crowsnest:		power_line_frequency 0x00980918 (menu)   : min=0 max=2 default=2 value=2
[07/03/25 11:17:11] crowsnest:		0: Disabled
[07/03/25 11:17:11] crowsnest:		1: 50 Hz
[07/03/25 11:17:11] crowsnest:		2: 60 Hz
[07/03/25 11:17:11] crowsnest:		white_balance_temperature 0x0098091a (int)    : min=2800 max=6500 step=1 default=4600 value=4600 flags=inactive
[07/03/25 11:17:11] crowsnest:		sharpness 0x0098091b (int)    : min=0 max=6 step=1 default=3 value=3
[07/03/25 11:17:11] crowsnest:		backlight_compensation 0x0098091c (int)    : min=0 max=2 step=1 default=1 value=1
[07/03/25 11:17:11] crowsnest:		
[07/03/25 11:17:11] crowsnest:		Camera Controls
[07/03/25 11:17:11] crowsnest:		
[07/03/25 11:17:11] crowsnest:		auto_exposure 0x009a0901 (menu)   : min=0 max=3 default=3 value=3
[07/03/25 11:17:11] crowsnest:		1: Manual Mode
[07/03/25 11:17:11] crowsnest:		3: Aperture Priority Mode
[07/03/25 11:17:11] crowsnest:		exposure_time_absolute 0x009a0902 (int)    : min=1 max=5000 step=1 default=156 value=156 flags=inactive
[07/03/25 11:17:11] crowsnest:		exposure_dynamic_framerate 0x009a0903 (bool)   : default=0 value=1
[07/03/25 11:17:11] crowsnest: Try to start configured Cams / Services...
[07/03/25 11:17:16] crowsnest: INFO: Configuration of Section [cam 1] looks good. Continue ...
[07/03/25 11:17:18] crowsnest: V4L2 Control: No parameters set for [cam 1]. Skipped.
[07/03/25 11:17:22] crowsnest: Starting ustreamer with Device /dev/video0 ...
[07/03/25 11:17:23] crowsnest:  ... Done!
[07/03/25 13:05:05] crowsnest: crowsnest - A webcam Service for multiple Cams and Stream Services.
[07/03/25 13:05:05] crowsnest: Version: v4.1.12-1-g9623b5f
[07/03/25 13:05:05] crowsnest: Prepare Startup ...
[07/03/25 13:05:05] crowsnest: INFO: Host information:
[07/03/25 13:05:05] crowsnest: Host Info: Distribution: Debian GNU/Linux 11 (bullseye)
[07/03/25 13:05:05] crowsnest: Host Info: Kernel: Linux 5.16.17-sun50iw9 aarch64
[07/03/25 13:05:05] crowsnest: Host Info: Available CPU Cores: 4
[07/03/25 13:05:05] crowsnest: Host Info: Available Memory: 1010632 kB
[07/03/25 13:05:05] crowsnest: Host Info: Diskspace (avail. / total): 22G / 29G
[07/03/25 13:05:05] crowsnest: INFO: Checking Dependencies
[07/03/25 13:05:06] crowsnest: Dependency: 'crudini' found in /usr/bin/crudini.
[07/03/25 13:05:06] crowsnest: Dependency: 'find' found in /usr/bin/find.
[07/03/25 13:05:06] crowsnest: Dependency: 'xargs' found in /usr/bin/xargs.
[07/03/25 13:05:06] crowsnest: Dependency: 'ustreamer' found in bin/ustreamer/src/ustreamer.bin.
[07/03/25 13:05:06] crowsnest: Version Control: ustreamer is up to date. (v6.31)
[07/03/25 13:05:06] crowsnest: INFO: Print Configfile: '/home/biqu/printer_data/config/crowsnest.conf'
[07/03/25 13:05:06] crowsnest:		[crowsnest]
[07/03/25 13:05:06] crowsnest:		log_path: ~/printer_data/logs/crowsnest.log
[07/03/25 13:05:06] crowsnest:		log_level: verbose
[07/03/25 13:05:06] crowsnest:		delete_log: false
[07/03/25 13:05:06] crowsnest:		no_proxy: false
[07/03/25 13:05:06] crowsnest:		
[07/03/25 13:05:06] crowsnest:		[cam 1]
[07/03/25 13:05:06] crowsnest:		mode: ustreamer
[07/03/25 13:05:06] crowsnest:		
[07/03/25 13:05:06] crowsnest:		enable_rtsp: false
[07/03/25 13:05:06] crowsnest:		rtsp_port: 8554
[07/03/25 13:05:06] crowsnest:		port: 8080
[07/03/25 13:05:06] crowsnest:		device: /dev/video0
[07/03/25 13:05:06] crowsnest:		resolution: 1280x720
[07/03/25 13:05:06] crowsnest:		max_fps: 30
[07/03/25 13:05:06] crowsnest: INFO: Detect available Devices
[07/03/25 13:05:06] crowsnest: INFO: Found 1 total available Device(s)
[07/03/25 13:05:06] crowsnest: INFO: Found 1 available v4l2 (UVC) camera(s)
[07/03/25 13:05:06] crowsnest: /dev/v4l/by-id/usb-HHW_microelectronics_Co.__Ltd._MGS1-video-index0 -> /dev/video0
[07/03/25 13:05:06] crowsnest: Supported Formats:
[07/03/25 13:05:06] crowsnest:		[0]: 'MJPG' (Motion-JPEG, compressed)
[07/03/25 13:05:06] crowsnest:		Size: Discrete 1280x720
[07/03/25 13:05:06] crowsnest:		Interval: Discrete 0.033s (30.000 fps)
[07/03/25 13:05:06] crowsnest:		Interval: Discrete 0.040s (25.000 fps)
[07/03/25 13:05:06] crowsnest:		Interval: Discrete 0.050s (20.000 fps)
[07/03/25 13:05:06] crowsnest:		Interval: Discrete 0.067s (15.000 fps)
[07/03/25 13:05:06] crowsnest:		Interval: Discrete 0.100s (10.000 fps)
[07/03/25 13:05:06] crowsnest:		Interval: Discrete 0.200s (5.000 fps)
[07/03/25 13:05:06] crowsnest:		Size: Discrete 800x480
[07/03/25 13:05:06] crowsnest:		Interval: Discrete 0.033s (30.000 fps)
[07/03/25 13:05:06] crowsnest:		Interval: Discrete 0.040s (25.000 fps)
[07/03/25 13:05:06] crowsnest:		Interval: Discrete 0.050s (20.000 fps)
[07/03/25 13:05:06] crowsnest:		Interval: Discrete 0.067s (15.000 fps)
[07/03/25 13:05:06] crowsnest:		Interval: Discrete 0.100s (10.000 fps)
[07/03/25 13:05:06] crowsnest:		Interval: Discrete 0.200s (5.000 fps)
[07/03/25 13:05:06] crowsnest:		Size: Discrete 672x456
[07/03/25 13:05:06] crowsnest:		Interval: Discrete 0.033s (30.000 fps)
[07/03/25 13:05:06] crowsnest:		Interval: Discrete 0.040s (25.000 fps)
[07/03/25 13:05:06] crowsnest:		Interval: Discrete 0.050s (20.000 fps)
[07/03/25 13:05:06] crowsnest:		Interval: Discrete 0.067s (15.000 fps)
[07/03/25 13:05:06] crowsnest:		Interval: Discrete 0.100s (10.000 fps)
[07/03/25 13:05:06] crowsnest:		Interval: Discrete 0.200s (5.000 fps)
[07/03/25 13:05:06] crowsnest:		Size: Discrete 640x480
[07/03/25 13:05:06] crowsnest:		Interval: Discrete 0.033s (30.000 fps)
[07/03/25 13:05:06] crowsnest:		Interval: Discrete 0.040s (25.000 fps)
[07/03/25 13:05:06] crowsnest:		Interval: Discrete 0.050s (20.000 fps)
[07/03/25 13:05:06] crowsnest:		Interval: Discrete 0.067s (15.000 fps)
[07/03/25 13:05:06] crowsnest:		Interval: Discrete 0.100s (10.000 fps)
[07/03/25 13:05:06] crowsnest:		Interval: Discrete 0.200s (5.000 fps)
[07/03/25 13:05:06] crowsnest:		Size: Discrete 320x240
[07/03/25 13:05:06] crowsnest:		Interval: Discrete 0.033s (30.000 fps)
[07/03/25 13:05:06] crowsnest:		Interval: Discrete 0.040s (25.000 fps)
[07/03/25 13:05:06] crowsnest:		Interval: Discrete 0.050s (20.000 fps)
[07/03/25 13:05:06] crowsnest:		Interval: Discrete 0.067s (15.000 fps)
[07/03/25 13:05:06] crowsnest:		Interval: Discrete 0.100s (10.000 fps)
[07/03/25 13:05:06] crowsnest:		Interval: Discrete 0.200s (5.000 fps)
[07/03/25 13:05:06] crowsnest:		[1]: 'YUYV' (YUYV 4:2:2)
[07/03/25 13:05:06] crowsnest:		Size: Discrete 1280x720
[07/03/25 13:05:06] crowsnest:		Interval: Discrete 0.100s (10.000 fps)
[07/03/25 13:05:06] crowsnest:		Size: Discrete 800x480
[07/03/25 13:05:06] crowsnest:		Interval: Discrete 0.040s (25.000 fps)
[07/03/25 13:05:06] crowsnest:		Size: Discrete 672x456
[07/03/25 13:05:06] crowsnest:		Interval: Discrete 0.033s (30.000 fps)
[07/03/25 13:05:06] crowsnest:		Size: Discrete 640x480
[07/03/25 13:05:06] crowsnest:		Interval: Discrete 0.033s (30.000 fps)
[07/03/25 13:05:06] crowsnest:		Size: Discrete 320x240
[07/03/25 13:05:06] crowsnest:		Interval: Discrete 0.033s (30.000 fps)
[07/03/25 13:05:06] crowsnest: Supported Controls:
[07/03/25 13:05:06] crowsnest:		
[07/03/25 13:05:06] crowsnest:		User Controls
[07/03/25 13:05:06] crowsnest:		
[07/03/25 13:05:06] crowsnest:		brightness 0x00980900 (int)    : min=-64 max=64 step=1 default=0 value=0
[07/03/25 13:05:06] crowsnest:		contrast 0x00980901 (int)    : min=0 max=64 step=1 default=32 value=32
[07/03/25 13:05:06] crowsnest:		saturation 0x00980902 (int)    : min=0 max=128 step=1 default=64 value=64
[07/03/25 13:05:06] crowsnest:		hue 0x00980903 (int)    : min=-40 max=40 step=1 default=0 value=0
[07/03/25 13:05:06] crowsnest:		white_balance_automatic 0x0098090c (bool)   : default=1 value=1
[07/03/25 13:05:06] crowsnest:		gamma 0x00980910 (int)    : min=72 max=500 step=1 default=100 value=100
[07/03/25 13:05:06] crowsnest:		gain 0x00980913 (int)    : min=0 max=100 step=1 default=0 value=0
[07/03/25 13:05:06] crowsnest:		power_line_frequency 0x00980918 (menu)   : min=0 max=2 default=2 value=2
[07/03/25 13:05:06] crowsnest:		0: Disabled
[07/03/25 13:05:06] crowsnest:		1: 50 Hz
[07/03/25 13:05:06] crowsnest:		2: 60 Hz
[07/03/25 13:05:06] crowsnest:		white_balance_temperature 0x0098091a (int)    : min=2800 max=6500 step=1 default=4600 value=4600 flags=inactive
[07/03/25 13:05:06] crowsnest:		sharpness 0x0098091b (int)    : min=0 max=6 step=1 default=3 value=3
[07/03/25 13:05:06] crowsnest:		backlight_compensation 0x0098091c (int)    : min=0 max=2 step=1 default=1 value=1
[07/03/25 13:05:06] crowsnest:		
[07/03/25 13:05:06] crowsnest:		Camera Controls
[07/03/25 13:05:06] crowsnest:		
[07/03/25 13:05:06] crowsnest:		auto_exposure 0x009a0901 (menu)   : min=0 max=3 default=3 value=3
[07/03/25 13:05:06] crowsnest:		1: Manual Mode
[07/03/25 13:05:06] crowsnest:		3: Aperture Priority Mode
[07/03/25 13:05:06] crowsnest:		exposure_time_absolute 0x009a0902 (int)    : min=1 max=5000 step=1 default=156 value=156 flags=inactive
[07/03/25 13:05:06] crowsnest:		exposure_dynamic_framerate 0x009a0903 (bool)   : default=0 value=1
[07/03/25 13:05:06] crowsnest: Try to start configured Cams / Services...
[07/03/25 13:05:12] crowsnest: INFO: Configuration of Section [cam 1] looks good. Continue ...
[07/03/25 13:05:14] crowsnest: V4L2 Control: No parameters set for [cam 1]. Skipped.
[07/03/25 13:05:17] crowsnest: Starting ustreamer with Device /dev/video0 ...
[07/03/25 13:05:19] crowsnest:  ... Done!
[07/03/25 13:27:34] crowsnest: crowsnest - A webcam Service for multiple Cams and Stream Services.
[07/03/25 13:27:34] crowsnest: Version: v4.1.12-1-g9623b5f
[07/03/25 13:27:34] crowsnest: Prepare Startup ...
[07/03/25 13:27:34] crowsnest: INFO: Host information:
[07/03/25 13:27:34] crowsnest: Host Info: Distribution: Debian GNU/Linux 11 (bullseye)
[07/03/25 13:27:34] crowsnest: Host Info: Kernel: Linux 5.16.17-sun50iw9 aarch64
[07/03/25 13:27:34] crowsnest: Host Info: Available CPU Cores: 4
[07/03/25 13:27:34] crowsnest: Host Info: Available Memory: 1010632 kB
[07/03/25 13:27:34] crowsnest: Host Info: Diskspace (avail. / total): 22G / 29G
[07/03/25 13:27:34] crowsnest: INFO: Checking Dependencies
[07/03/25 13:27:35] crowsnest: Dependency: 'crudini' found in /usr/bin/crudini.
[07/03/25 13:27:35] crowsnest: Dependency: 'find' found in /usr/bin/find.
[07/03/25 13:27:35] crowsnest: Dependency: 'xargs' found in /usr/bin/xargs.
[07/03/25 13:27:35] crowsnest: Dependency: 'ustreamer' found in bin/ustreamer/src/ustreamer.bin.
[07/03/25 13:27:35] crowsnest: Version Control: ustreamer is up to date. (v6.31)
[07/03/25 13:27:35] crowsnest: INFO: Print Configfile: '/home/biqu/printer_data/config/crowsnest.conf'
[07/03/25 13:27:35] crowsnest:		[crowsnest]
[07/03/25 13:27:35] crowsnest:		log_path: ~/printer_data/logs/crowsnest.log
[07/03/25 13:27:35] crowsnest:		log_level: verbose
[07/03/25 13:27:35] crowsnest:		delete_log: false
[07/03/25 13:27:35] crowsnest:		no_proxy: false
[07/03/25 13:27:35] crowsnest:		
[07/03/25 13:27:35] crowsnest:		[cam 1]
[07/03/25 13:27:35] crowsnest:		mode: ustreamer
[07/03/25 13:27:35] crowsnest:		
[07/03/25 13:27:35] crowsnest:		enable_rtsp: false
[07/03/25 13:27:35] crowsnest:		rtsp_port: 8554
[07/03/25 13:27:35] crowsnest:		port: 8080
[07/03/25 13:27:35] crowsnest:		device: /dev/video0
[07/03/25 13:27:35] crowsnest:		resolution: 1280x720
[07/03/25 13:27:35] crowsnest:		max_fps: 30
[07/03/25 13:27:35] crowsnest: INFO: Detect available Devices
[07/03/25 13:27:35] crowsnest: INFO: Found 1 total available Device(s)
[07/03/25 13:27:35] crowsnest: INFO: Found 1 available v4l2 (UVC) camera(s)
[07/03/25 13:27:35] crowsnest: /dev/v4l/by-id/usb-HHW_microelectronics_Co.__Ltd._MGS1-video-index0 -> /dev/video0
[07/03/25 13:27:35] crowsnest: Supported Formats:
[07/03/25 13:27:35] crowsnest:		[0]: 'MJPG' (Motion-JPEG, compressed)
[07/03/25 13:27:35] crowsnest:		Size: Discrete 1280x720
[07/03/25 13:27:35] crowsnest:		Interval: Discrete 0.033s (30.000 fps)
[07/03/25 13:27:35] crowsnest:		Interval: Discrete 0.040s (25.000 fps)
[07/03/25 13:27:35] crowsnest:		Interval: Discrete 0.050s (20.000 fps)
[07/03/25 13:27:35] crowsnest:		Interval: Discrete 0.067s (15.000 fps)
[07/03/25 13:27:35] crowsnest:		Interval: Discrete 0.100s (10.000 fps)
[07/03/25 13:27:35] crowsnest:		Interval: Discrete 0.200s (5.000 fps)
[07/03/25 13:27:35] crowsnest:		Size: Discrete 800x480
[07/03/25 13:27:35] crowsnest:		Interval: Discrete 0.033s (30.000 fps)
[07/03/25 13:27:35] crowsnest:		Interval: Discrete 0.040s (25.000 fps)
[07/03/25 13:27:35] crowsnest:		Interval: Discrete 0.050s (20.000 fps)
[07/03/25 13:27:35] crowsnest:		Interval: Discrete 0.067s (15.000 fps)
[07/03/25 13:27:35] crowsnest:		Interval: Discrete 0.100s (10.000 fps)
[07/03/25 13:27:35] crowsnest:		Interval: Discrete 0.200s (5.000 fps)
[07/03/25 13:27:35] crowsnest:		Size: Discrete 672x456
[07/03/25 13:27:35] crowsnest:		Interval: Discrete 0.033s (30.000 fps)
[07/03/25 13:27:35] crowsnest:		Interval: Discrete 0.040s (25.000 fps)
[07/03/25 13:27:35] crowsnest:		Interval: Discrete 0.050s (20.000 fps)
[07/03/25 13:27:35] crowsnest:		Interval: Discrete 0.067s (15.000 fps)
[07/03/25 13:27:35] crowsnest:		Interval: Discrete 0.100s (10.000 fps)
[07/03/25 13:27:35] crowsnest:		Interval: Discrete 0.200s (5.000 fps)
[07/03/25 13:27:35] crowsnest:		Size: Discrete 640x480
[07/03/25 13:27:35] crowsnest:		Interval: Discrete 0.033s (30.000 fps)
[07/03/25 13:27:35] crowsnest:		Interval: Discrete 0.040s (25.000 fps)
[07/03/25 13:27:35] crowsnest:		Interval: Discrete 0.050s (20.000 fps)
[07/03/25 13:27:35] crowsnest:		Interval: Discrete 0.067s (15.000 fps)
[07/03/25 13:27:35] crowsnest:		Interval: Discrete 0.100s (10.000 fps)
[07/03/25 13:27:35] crowsnest:		Interval: Discrete 0.200s (5.000 fps)
[07/03/25 13:27:35] crowsnest:		Size: Discrete 320x240
[07/03/25 13:27:35] crowsnest:		Interval: Discrete 0.033s (30.000 fps)
[07/03/25 13:27:35] crowsnest:		Interval: Discrete 0.040s (25.000 fps)
[07/03/25 13:27:35] crowsnest:		Interval: Discrete 0.050s (20.000 fps)
[07/03/25 13:27:35] crowsnest:		Interval: Discrete 0.067s (15.000 fps)
[07/03/25 13:27:35] crowsnest:		Interval: Discrete 0.100s (10.000 fps)
[07/03/25 13:27:35] crowsnest:		Interval: Discrete 0.200s (5.000 fps)
[07/03/25 13:27:35] crowsnest:		[1]: 'YUYV' (YUYV 4:2:2)
[07/03/25 13:27:35] crowsnest:		Size: Discrete 1280x720
[07/03/25 13:27:35] crowsnest:		Interval: Discrete 0.100s (10.000 fps)
[07/03/25 13:27:35] crowsnest:		Size: Discrete 800x480
[07/03/25 13:27:35] crowsnest:		Interval: Discrete 0.040s (25.000 fps)
[07/03/25 13:27:35] crowsnest:		Size: Discrete 672x456
[07/03/25 13:27:35] crowsnest:		Interval: Discrete 0.033s (30.000 fps)
[07/03/25 13:27:35] crowsnest:		Size: Discrete 640x480
[07/03/25 13:27:35] crowsnest:		Interval: Discrete 0.033s (30.000 fps)
[07/03/25 13:27:35] crowsnest:		Size: Discrete 320x240
[07/03/25 13:27:35] crowsnest:		Interval: Discrete 0.033s (30.000 fps)
[07/03/25 13:27:35] crowsnest: Supported Controls:
[07/03/25 13:27:35] crowsnest:		
[07/03/25 13:27:35] crowsnest:		User Controls
[07/03/25 13:27:35] crowsnest:		
[07/03/25 13:27:35] crowsnest:		brightness 0x00980900 (int)    : min=-64 max=64 step=1 default=0 value=0
[07/03/25 13:27:35] crowsnest:		contrast 0x00980901 (int)    : min=0 max=64 step=1 default=32 value=32
[07/03/25 13:27:35] crowsnest:		saturation 0x00980902 (int)    : min=0 max=128 step=1 default=64 value=64
[07/03/25 13:27:35] crowsnest:		hue 0x00980903 (int)    : min=-40 max=40 step=1 default=0 value=0
[07/03/25 13:27:35] crowsnest:		white_balance_automatic 0x0098090c (bool)   : default=1 value=1
[07/03/25 13:27:35] crowsnest:		gamma 0x00980910 (int)    : min=72 max=500 step=1 default=100 value=100
[07/03/25 13:27:35] crowsnest:		gain 0x00980913 (int)    : min=0 max=100 step=1 default=0 value=0
[07/03/25 13:27:35] crowsnest:		power_line_frequency 0x00980918 (menu)   : min=0 max=2 default=2 value=2
[07/03/25 13:27:35] crowsnest:		0: Disabled
[07/03/25 13:27:35] crowsnest:		1: 50 Hz
[07/03/25 13:27:35] crowsnest:		2: 60 Hz
[07/03/25 13:27:35] crowsnest:		white_balance_temperature 0x0098091a (int)    : min=2800 max=6500 step=1 default=4600 value=4600 flags=inactive
[07/03/25 13:27:35] crowsnest:		sharpness 0x0098091b (int)    : min=0 max=6 step=1 default=3 value=3
[07/03/25 13:27:35] crowsnest:		backlight_compensation 0x0098091c (int)    : min=0 max=2 step=1 default=1 value=1
[07/03/25 13:27:35] crowsnest:		
[07/03/25 13:27:35] crowsnest:		Camera Controls
[07/03/25 13:27:35] crowsnest:		
[07/03/25 13:27:35] crowsnest:		auto_exposure 0x009a0901 (menu)   : min=0 max=3 default=3 value=3
[07/03/25 13:27:35] crowsnest:		1: Manual Mode
[07/03/25 13:27:35] crowsnest:		3: Aperture Priority Mode
[07/03/25 13:27:35] crowsnest:		exposure_time_absolute 0x009a0902 (int)    : min=1 max=5000 step=1 default=156 value=156 flags=inactive
[07/03/25 13:27:35] crowsnest:		exposure_dynamic_framerate 0x009a0903 (bool)   : default=0 value=1
[07/03/25 13:27:35] crowsnest: Try to start configured Cams / Services...
[07/03/25 13:27:40] crowsnest: INFO: Configuration of Section [cam 1] looks good. Continue ...
[07/03/25 13:27:42] crowsnest: V4L2 Control: No parameters set for [cam 1]. Skipped.
[07/03/25 13:27:45] crowsnest: Starting ustreamer with Device /dev/video0 ...
[07/03/25 13:27:46] crowsnest:  ... Done!
[07/08/25 08:17:10] crowsnest: crowsnest - A webcam Service for multiple Cams and Stream Services.
[07/08/25 08:17:10] crowsnest: Version: v4.1.12-1-g9623b5f
[07/08/25 08:17:10] crowsnest: Prepare Startup ...
[07/08/25 08:17:10] crowsnest: INFO: Host information:
[07/08/25 08:17:10] crowsnest: Host Info: Distribution: Debian GNU/Linux 11 (bullseye)
[07/08/25 08:17:10] crowsnest: Host Info: Kernel: Linux 5.16.17-sun50iw9 aarch64
[07/08/25 08:17:10] crowsnest: Host Info: Available CPU Cores: 4
[07/08/25 08:17:10] crowsnest: Host Info: Available Memory: 1010632 kB
[07/08/25 08:17:10] crowsnest: Host Info: Diskspace (avail. / total): 22G / 29G
[07/08/25 08:17:10] crowsnest: INFO: Checking Dependencies
[07/08/25 08:17:11] crowsnest: Dependency: 'crudini' found in /usr/bin/crudini.
[07/08/25 08:17:11] crowsnest: Dependency: 'find' found in /usr/bin/find.
[07/08/25 08:17:11] crowsnest: Dependency: 'xargs' found in /usr/bin/xargs.
[07/08/25 08:17:11] crowsnest: Dependency: 'ustreamer' found in bin/ustreamer/src/ustreamer.bin.
[07/08/25 08:17:11] crowsnest: Version Control: ustreamer is up to date. (v6.31)
[07/08/25 08:17:11] crowsnest: INFO: Print Configfile: '/home/biqu/printer_data/config/crowsnest.conf'
[07/08/25 08:17:11] crowsnest:		[crowsnest]
[07/08/25 08:17:11] crowsnest:		log_path: ~/printer_data/logs/crowsnest.log
[07/08/25 08:17:11] crowsnest:		log_level: verbose
[07/08/25 08:17:11] crowsnest:		delete_log: false
[07/08/25 08:17:11] crowsnest:		no_proxy: false
[07/08/25 08:17:11] crowsnest:		
[07/08/25 08:17:11] crowsnest:		[cam 1]
[07/08/25 08:17:11] crowsnest:		mode: ustreamer
[07/08/25 08:17:11] crowsnest:		
[07/08/25 08:17:11] crowsnest:		enable_rtsp: false
[07/08/25 08:17:11] crowsnest:		rtsp_port: 8554
[07/08/25 08:17:11] crowsnest:		port: 8080
[07/08/25 08:17:11] crowsnest:		device: /dev/video0
[07/08/25 08:17:11] crowsnest:		resolution: 1280x720
[07/08/25 08:17:11] crowsnest:		max_fps: 30
[07/08/25 08:17:11] crowsnest: INFO: Detect available Devices
[07/08/25 08:17:11] crowsnest: INFO: Found 1 total available Device(s)
[07/08/25 08:17:11] crowsnest: INFO: Found 1 available v4l2 (UVC) camera(s)
[07/08/25 08:17:11] crowsnest: /dev/v4l/by-id/usb-HHW_microelectronics_Co.__Ltd._MGS1-video-index0 -> /dev/video0
[07/08/25 08:17:11] crowsnest: Supported Formats:
[07/08/25 08:17:11] crowsnest:		[0]: 'MJPG' (Motion-JPEG, compressed)
[07/08/25 08:17:11] crowsnest:		Size: Discrete 1280x720
[07/08/25 08:17:11] crowsnest:		Interval: Discrete 0.033s (30.000 fps)
[07/08/25 08:17:11] crowsnest:		Interval: Discrete 0.040s (25.000 fps)
[07/08/25 08:17:11] crowsnest:		Interval: Discrete 0.050s (20.000 fps)
[07/08/25 08:17:11] crowsnest:		Interval: Discrete 0.067s (15.000 fps)
[07/08/25 08:17:11] crowsnest:		Interval: Discrete 0.100s (10.000 fps)
[07/08/25 08:17:11] crowsnest:		Interval: Discrete 0.200s (5.000 fps)
[07/08/25 08:17:11] crowsnest:		Size: Discrete 800x480
[07/08/25 08:17:11] crowsnest:		Interval: Discrete 0.033s (30.000 fps)
[07/08/25 08:17:11] crowsnest:		Interval: Discrete 0.040s (25.000 fps)
[07/08/25 08:17:11] crowsnest:		Interval: Discrete 0.050s (20.000 fps)
[07/08/25 08:17:11] crowsnest:		Interval: Discrete 0.067s (15.000 fps)
[07/08/25 08:17:11] crowsnest:		Interval: Discrete 0.100s (10.000 fps)
[07/08/25 08:17:11] crowsnest:		Interval: Discrete 0.200s (5.000 fps)
[07/08/25 08:17:11] crowsnest:		Size: Discrete 672x456
[07/08/25 08:17:11] crowsnest:		Interval: Discrete 0.033s (30.000 fps)
[07/08/25 08:17:11] crowsnest:		Interval: Discrete 0.040s (25.000 fps)
[07/08/25 08:17:11] crowsnest:		Interval: Discrete 0.050s (20.000 fps)
[07/08/25 08:17:11] crowsnest:		Interval: Discrete 0.067s (15.000 fps)
[07/08/25 08:17:11] crowsnest:		Interval: Discrete 0.100s (10.000 fps)
[07/08/25 08:17:11] crowsnest:		Interval: Discrete 0.200s (5.000 fps)
[07/08/25 08:17:11] crowsnest:		Size: Discrete 640x480
[07/08/25 08:17:11] crowsnest:		Interval: Discrete 0.033s (30.000 fps)
[07/08/25 08:17:11] crowsnest:		Interval: Discrete 0.040s (25.000 fps)
[07/08/25 08:17:11] crowsnest:		Interval: Discrete 0.050s (20.000 fps)
[07/08/25 08:17:11] crowsnest:		Interval: Discrete 0.067s (15.000 fps)
[07/08/25 08:17:11] crowsnest:		Interval: Discrete 0.100s (10.000 fps)
[07/08/25 08:17:11] crowsnest:		Interval: Discrete 0.200s (5.000 fps)
[07/08/25 08:17:11] crowsnest:		Size: Discrete 320x240
[07/08/25 08:17:11] crowsnest:		Interval: Discrete 0.033s (30.000 fps)
[07/08/25 08:17:11] crowsnest:		Interval: Discrete 0.040s (25.000 fps)
[07/08/25 08:17:11] crowsnest:		Interval: Discrete 0.050s (20.000 fps)
[07/08/25 08:17:11] crowsnest:		Interval: Discrete 0.067s (15.000 fps)
[07/08/25 08:17:11] crowsnest:		Interval: Discrete 0.100s (10.000 fps)
[07/08/25 08:17:11] crowsnest:		Interval: Discrete 0.200s (5.000 fps)
[07/08/25 08:17:11] crowsnest:		[1]: 'YUYV' (YUYV 4:2:2)
[07/08/25 08:17:11] crowsnest:		Size: Discrete 1280x720
[07/08/25 08:17:11] crowsnest:		Interval: Discrete 0.100s (10.000 fps)
[07/08/25 08:17:11] crowsnest:		Size: Discrete 800x480
[07/08/25 08:17:11] crowsnest:		Interval: Discrete 0.040s (25.000 fps)
[07/08/25 08:17:11] crowsnest:		Size: Discrete 672x456
[07/08/25 08:17:11] crowsnest:		Interval: Discrete 0.033s (30.000 fps)
[07/08/25 08:17:11] crowsnest:		Size: Discrete 640x480
[07/08/25 08:17:11] crowsnest:		Interval: Discrete 0.033s (30.000 fps)
[07/08/25 08:17:11] crowsnest:		Size: Discrete 320x240
[07/08/25 08:17:11] crowsnest:		Interval: Discrete 0.033s (30.000 fps)
[07/08/25 08:17:11] crowsnest: Supported Controls:
[07/08/25 08:17:11] crowsnest:		
[07/08/25 08:17:11] crowsnest:		User Controls
[07/08/25 08:17:11] crowsnest:		
[07/08/25 08:17:11] crowsnest:		brightness 0x00980900 (int)    : min=-64 max=64 step=1 default=0 value=0
[07/08/25 08:17:11] crowsnest:		contrast 0x00980901 (int)    : min=0 max=64 step=1 default=32 value=32
[07/08/25 08:17:11] crowsnest:		saturation 0x00980902 (int)    : min=0 max=128 step=1 default=64 value=64
[07/08/25 08:17:11] crowsnest:		hue 0x00980903 (int)    : min=-40 max=40 step=1 default=0 value=0
[07/08/25 08:17:11] crowsnest:		white_balance_automatic 0x0098090c (bool)   : default=1 value=1
[07/08/25 08:17:11] crowsnest:		gamma 0x00980910 (int)    : min=72 max=500 step=1 default=100 value=100
[07/08/25 08:17:11] crowsnest:		gain 0x00980913 (int)    : min=0 max=100 step=1 default=0 value=0
[07/08/25 08:17:11] crowsnest:		power_line_frequency 0x00980918 (menu)   : min=0 max=2 default=2 value=2
[07/08/25 08:17:11] crowsnest:		0: Disabled
[07/08/25 08:17:11] crowsnest:		1: 50 Hz
[07/08/25 08:17:11] crowsnest:		2: 60 Hz
[07/08/25 08:17:11] crowsnest:		white_balance_temperature 0x0098091a (int)    : min=2800 max=6500 step=1 default=4600 value=4600 flags=inactive
[07/08/25 08:17:11] crowsnest:		sharpness 0x0098091b (int)    : min=0 max=6 step=1 default=3 value=3
[07/08/25 08:17:11] crowsnest:		backlight_compensation 0x0098091c (int)    : min=0 max=2 step=1 default=1 value=1
[07/08/25 08:17:11] crowsnest:		
[07/08/25 08:17:11] crowsnest:		Camera Controls
[07/08/25 08:17:11] crowsnest:		
[07/08/25 08:17:11] crowsnest:		auto_exposure 0x009a0901 (menu)   : min=0 max=3 default=3 value=3
[07/08/25 08:17:11] crowsnest:		1: Manual Mode
[07/08/25 08:17:11] crowsnest:		3: Aperture Priority Mode
[07/08/25 08:17:11] crowsnest:		exposure_time_absolute 0x009a0902 (int)    : min=1 max=5000 step=1 default=156 value=156 flags=inactive
[07/08/25 08:17:11] crowsnest:		exposure_dynamic_framerate 0x009a0903 (bool)   : default=0 value=1
[07/08/25 08:17:11] crowsnest: Try to start configured Cams / Services...
[07/08/25 08:17:17] crowsnest: INFO: Configuration of Section [cam 1] looks good. Continue ...
[07/08/25 08:17:19] crowsnest: V4L2 Control: No parameters set for [cam 1]. Skipped.
[07/08/25 08:17:22] crowsnest: Starting ustreamer with Device /dev/video0 ...
[07/08/25 08:17:24] crowsnest:  ... Done!
[07/10/25 10:17:10] crowsnest: crowsnest - A webcam Service for multiple Cams and Stream Services.
[07/10/25 10:17:10] crowsnest: Version: v4.1.12-1-g9623b5f
[07/10/25 10:17:10] crowsnest: Prepare Startup ...
[07/10/25 10:17:10] crowsnest: INFO: Host information:
[07/10/25 10:17:10] crowsnest: Host Info: Distribution: Debian GNU/Linux 11 (bullseye)
[07/10/25 10:17:10] crowsnest: Host Info: Kernel: Linux 5.16.17-sun50iw9 aarch64
[07/10/25 10:17:10] crowsnest: Host Info: Available CPU Cores: 4
[07/10/25 10:17:10] crowsnest: Host Info: Available Memory: 1010632 kB
[07/10/25 10:17:10] crowsnest: Host Info: Diskspace (avail. / total): 22G / 29G
[07/10/25 10:17:10] crowsnest: INFO: Checking Dependencies
[07/10/25 10:17:10] crowsnest: Dependency: 'crudini' found in /usr/bin/crudini.
[07/10/25 10:17:11] crowsnest: Dependency: 'find' found in /usr/bin/find.
[07/10/25 10:17:11] crowsnest: Dependency: 'xargs' found in /usr/bin/xargs.
[07/10/25 10:17:11] crowsnest: Dependency: 'ustreamer' found in bin/ustreamer/src/ustreamer.bin.
[07/10/25 10:17:11] crowsnest: Version Control: ustreamer is up to date. (v6.31)
[07/10/25 10:17:11] crowsnest: INFO: Print Configfile: '/home/biqu/printer_data/config/crowsnest.conf'
[07/10/25 10:17:11] crowsnest:		[crowsnest]
[07/10/25 10:17:11] crowsnest:		log_path: ~/printer_data/logs/crowsnest.log
[07/10/25 10:17:11] crowsnest:		log_level: verbose
[07/10/25 10:17:11] crowsnest:		delete_log: false
[07/10/25 10:17:11] crowsnest:		no_proxy: false
[07/10/25 10:17:11] crowsnest:		
[07/10/25 10:17:11] crowsnest:		[cam 1]
[07/10/25 10:17:11] crowsnest:		mode: ustreamer
[07/10/25 10:17:11] crowsnest:		
[07/10/25 10:17:11] crowsnest:		enable_rtsp: false
[07/10/25 10:17:11] crowsnest:		rtsp_port: 8554
[07/10/25 10:17:11] crowsnest:		port: 8080
[07/10/25 10:17:11] crowsnest:		device: /dev/video0
[07/10/25 10:17:11] crowsnest:		resolution: 1280x720
[07/10/25 10:17:11] crowsnest:		max_fps: 30
[07/10/25 10:17:11] crowsnest: INFO: Detect available Devices
[07/10/25 10:17:11] crowsnest: INFO: Found 1 total available Device(s)
[07/10/25 10:17:11] crowsnest: INFO: Found 1 available v4l2 (UVC) camera(s)
[07/10/25 10:17:11] crowsnest: /dev/v4l/by-id/usb-HHW_microelectronics_Co.__Ltd._MGS1-video-index0 -> /dev/video0
[07/10/25 10:17:11] crowsnest: Supported Formats:
[07/10/25 10:17:11] crowsnest:		[0]: 'MJPG' (Motion-JPEG, compressed)
[07/10/25 10:17:11] crowsnest:		Size: Discrete 1280x720
[07/10/25 10:17:11] crowsnest:		Interval: Discrete 0.033s (30.000 fps)
[07/10/25 10:17:11] crowsnest:		Interval: Discrete 0.040s (25.000 fps)
[07/10/25 10:17:11] crowsnest:		Interval: Discrete 0.050s (20.000 fps)
[07/10/25 10:17:11] crowsnest:		Interval: Discrete 0.067s (15.000 fps)
[07/10/25 10:17:11] crowsnest:		Interval: Discrete 0.100s (10.000 fps)
[07/10/25 10:17:11] crowsnest:		Interval: Discrete 0.200s (5.000 fps)
[07/10/25 10:17:11] crowsnest:		Size: Discrete 800x480
[07/10/25 10:17:11] crowsnest:		Interval: Discrete 0.033s (30.000 fps)
[07/10/25 10:17:11] crowsnest:		Interval: Discrete 0.040s (25.000 fps)
[07/10/25 10:17:11] crowsnest:		Interval: Discrete 0.050s (20.000 fps)
[07/10/25 10:17:11] crowsnest:		Interval: Discrete 0.067s (15.000 fps)
[07/10/25 10:17:11] crowsnest:		Interval: Discrete 0.100s (10.000 fps)
[07/10/25 10:17:11] crowsnest:		Interval: Discrete 0.200s (5.000 fps)
[07/10/25 10:17:11] crowsnest:		Size: Discrete 672x456
[07/10/25 10:17:11] crowsnest:		Interval: Discrete 0.033s (30.000 fps)
[07/10/25 10:17:11] crowsnest:		Interval: Discrete 0.040s (25.000 fps)
[07/10/25 10:17:11] crowsnest:		Interval: Discrete 0.050s (20.000 fps)
[07/10/25 10:17:11] crowsnest:		Interval: Discrete 0.067s (15.000 fps)
[07/10/25 10:17:11] crowsnest:		Interval: Discrete 0.100s (10.000 fps)
[07/10/25 10:17:11] crowsnest:		Interval: Discrete 0.200s (5.000 fps)
[07/10/25 10:17:11] crowsnest:		Size: Discrete 640x480
[07/10/25 10:17:11] crowsnest:		Interval: Discrete 0.033s (30.000 fps)
[07/10/25 10:17:11] crowsnest:		Interval: Discrete 0.040s (25.000 fps)
[07/10/25 10:17:11] crowsnest:		Interval: Discrete 0.050s (20.000 fps)
[07/10/25 10:17:11] crowsnest:		Interval: Discrete 0.067s (15.000 fps)
[07/10/25 10:17:11] crowsnest:		Interval: Discrete 0.100s (10.000 fps)
[07/10/25 10:17:11] crowsnest:		Interval: Discrete 0.200s (5.000 fps)
[07/10/25 10:17:11] crowsnest:		Size: Discrete 320x240
[07/10/25 10:17:11] crowsnest:		Interval: Discrete 0.033s (30.000 fps)
[07/10/25 10:17:11] crowsnest:		Interval: Discrete 0.040s (25.000 fps)
[07/10/25 10:17:11] crowsnest:		Interval: Discrete 0.050s (20.000 fps)
[07/10/25 10:17:11] crowsnest:		Interval: Discrete 0.067s (15.000 fps)
[07/10/25 10:17:11] crowsnest:		Interval: Discrete 0.100s (10.000 fps)
[07/10/25 10:17:11] crowsnest:		Interval: Discrete 0.200s (5.000 fps)
[07/10/25 10:17:11] crowsnest:		[1]: 'YUYV' (YUYV 4:2:2)
[07/10/25 10:17:11] crowsnest:		Size: Discrete 1280x720
[07/10/25 10:17:11] crowsnest:		Interval: Discrete 0.100s (10.000 fps)
[07/10/25 10:17:11] crowsnest:		Size: Discrete 800x480
[07/10/25 10:17:11] crowsnest:		Interval: Discrete 0.040s (25.000 fps)
[07/10/25 10:17:11] crowsnest:		Size: Discrete 672x456
[07/10/25 10:17:11] crowsnest:		Interval: Discrete 0.033s (30.000 fps)
[07/10/25 10:17:11] crowsnest:		Size: Discrete 640x480
[07/10/25 10:17:11] crowsnest:		Interval: Discrete 0.033s (30.000 fps)
[07/10/25 10:17:11] crowsnest:		Size: Discrete 320x240
[07/10/25 10:17:11] crowsnest:		Interval: Discrete 0.033s (30.000 fps)
[07/10/25 10:17:11] crowsnest: Supported Controls:
[07/10/25 10:17:11] crowsnest:		
[07/10/25 10:17:11] crowsnest:		User Controls
[07/10/25 10:17:11] crowsnest:		
[07/10/25 10:17:11] crowsnest:		brightness 0x00980900 (int)    : min=-64 max=64 step=1 default=0 value=0
[07/10/25 10:17:11] crowsnest:		contrast 0x00980901 (int)    : min=0 max=64 step=1 default=32 value=32
[07/10/25 10:17:11] crowsnest:		saturation 0x00980902 (int)    : min=0 max=128 step=1 default=64 value=64
[07/10/25 10:17:11] crowsnest:		hue 0x00980903 (int)    : min=-40 max=40 step=1 default=0 value=0
[07/10/25 10:17:11] crowsnest:		white_balance_automatic 0x0098090c (bool)   : default=1 value=1
[07/10/25 10:17:11] crowsnest:		gamma 0x00980910 (int)    : min=72 max=500 step=1 default=100 value=100
[07/10/25 10:17:11] crowsnest:		gain 0x00980913 (int)    : min=0 max=100 step=1 default=0 value=0
[07/10/25 10:17:11] crowsnest:		power_line_frequency 0x00980918 (menu)   : min=0 max=2 default=2 value=2
[07/10/25 10:17:11] crowsnest:		0: Disabled
[07/10/25 10:17:11] crowsnest:		1: 50 Hz
[07/10/25 10:17:11] crowsnest:		2: 60 Hz
[07/10/25 10:17:11] crowsnest:		white_balance_temperature 0x0098091a (int)    : min=2800 max=6500 step=1 default=4600 value=4600 flags=inactive
[07/10/25 10:17:11] crowsnest:		sharpness 0x0098091b (int)    : min=0 max=6 step=1 default=3 value=3
[07/10/25 10:17:11] crowsnest:		backlight_compensation 0x0098091c (int)    : min=0 max=2 step=1 default=1 value=1
[07/10/25 10:17:11] crowsnest:		
[07/10/25 10:17:11] crowsnest:		Camera Controls
[07/10/25 10:17:11] crowsnest:		
[07/10/25 10:17:11] crowsnest:		auto_exposure 0x009a0901 (menu)   : min=0 max=3 default=3 value=3
[07/10/25 10:17:11] crowsnest:		1: Manual Mode
[07/10/25 10:17:11] crowsnest:		3: Aperture Priority Mode
[07/10/25 10:17:11] crowsnest:		exposure_time_absolute 0x009a0902 (int)    : min=1 max=5000 step=1 default=156 value=156 flags=inactive
[07/10/25 10:17:11] crowsnest:		exposure_dynamic_framerate 0x009a0903 (bool)   : default=0 value=1
[07/10/25 10:17:11] crowsnest: Try to start configured Cams / Services...
[07/10/25 10:17:16] crowsnest: INFO: Configuration of Section [cam 1] looks good. Continue ...
[07/10/25 10:17:18] crowsnest: V4L2 Control: No parameters set for [cam 1]. Skipped.
[07/10/25 10:17:21] crowsnest: Starting ustreamer with Device /dev/video0 ...
[07/10/25 10:17:22] crowsnest:  ... Done!
[07/10/25 10:17:10] crowsnest: crowsnest - A webcam Service for multiple Cams and Stream Services.
[07/10/25 10:17:10] crowsnest: Version: v4.1.12-1-g9623b5f
[07/10/25 10:17:10] crowsnest: Prepare Startup ...
[07/10/25 10:17:10] crowsnest: INFO: Host information:
[07/10/25 10:17:10] crowsnest: Host Info: Distribution: Debian GNU/Linux 11 (bullseye)
[07/10/25 10:17:10] crowsnest: Host Info: Kernel: Linux 5.16.17-sun50iw9 aarch64
[07/10/25 10:17:10] crowsnest: Host Info: Available CPU Cores: 4
[07/10/25 10:17:10] crowsnest: Host Info: Available Memory: 1010632 kB
[07/10/25 10:17:10] crowsnest: Host Info: Diskspace (avail. / total): 22G / 29G
[07/10/25 10:17:10] crowsnest: INFO: Checking Dependencies
[07/10/25 10:17:11] crowsnest: Dependency: 'crudini' found in /usr/bin/crudini.
[07/10/25 10:17:11] crowsnest: Dependency: 'find' found in /usr/bin/find.
[07/10/25 10:17:11] crowsnest: Dependency: 'xargs' found in /usr/bin/xargs.
[07/10/25 10:17:11] crowsnest: Dependency: 'ustreamer' found in bin/ustreamer/src/ustreamer.bin.
[07/10/25 10:17:11] crowsnest: Version Control: ustreamer is up to date. (v6.31)
[07/10/25 10:17:11] crowsnest: INFO: Print Configfile: '/home/biqu/printer_data/config/crowsnest.conf'
[07/10/25 10:17:11] crowsnest:		[crowsnest]
[07/10/25 10:17:11] crowsnest:		log_path: ~/printer_data/logs/crowsnest.log
[07/10/25 10:17:11] crowsnest:		log_level: verbose
[07/10/25 10:17:11] crowsnest:		delete_log: false
[07/10/25 10:17:11] crowsnest:		no_proxy: false
[07/10/25 10:17:11] crowsnest:		
[07/10/25 10:17:11] crowsnest:		[cam 1]
[07/10/25 10:17:11] crowsnest:		mode: ustreamer
[07/10/25 10:17:11] crowsnest:		
[07/10/25 10:17:11] crowsnest:		enable_rtsp: false
[07/10/25 10:17:11] crowsnest:		rtsp_port: 8554
[07/10/25 10:17:11] crowsnest:		port: 8080
[07/10/25 10:17:11] crowsnest:		device: /dev/video0
[07/10/25 10:17:11] crowsnest:		resolution: 1280x720
[07/10/25 10:17:11] crowsnest:		max_fps: 30
[07/10/25 10:17:11] crowsnest: INFO: Detect available Devices
[07/10/25 10:17:11] crowsnest: INFO: Found 1 total available Device(s)
[07/10/25 10:17:11] crowsnest: INFO: Found 1 available v4l2 (UVC) camera(s)
[07/10/25 10:17:11] crowsnest: /dev/v4l/by-id/usb-HHW_microelectronics_Co.__Ltd._MGS1-video-index0 -> /dev/video0
[07/10/25 10:17:11] crowsnest: Supported Formats:
[07/10/25 10:17:11] crowsnest:		[0]: 'MJPG' (Motion-JPEG, compressed)
[07/10/25 10:17:11] crowsnest:		Size: Discrete 1280x720
[07/10/25 10:17:11] crowsnest:		Interval: Discrete 0.033s (30.000 fps)
[07/10/25 10:17:11] crowsnest:		Interval: Discrete 0.040s (25.000 fps)
[07/10/25 10:17:11] crowsnest:		Interval: Discrete 0.050s (20.000 fps)
[07/10/25 10:17:11] crowsnest:		Interval: Discrete 0.067s (15.000 fps)
[07/10/25 10:17:11] crowsnest:		Interval: Discrete 0.100s (10.000 fps)
[07/10/25 10:17:11] crowsnest:		Interval: Discrete 0.200s (5.000 fps)
[07/10/25 10:17:11] crowsnest:		Size: Discrete 800x480
[07/10/25 10:17:11] crowsnest:		Interval: Discrete 0.033s (30.000 fps)
[07/10/25 10:17:11] crowsnest:		Interval: Discrete 0.040s (25.000 fps)
[07/10/25 10:17:11] crowsnest:		Interval: Discrete 0.050s (20.000 fps)
[07/10/25 10:17:11] crowsnest:		Interval: Discrete 0.067s (15.000 fps)
[07/10/25 10:17:11] crowsnest:		Interval: Discrete 0.100s (10.000 fps)
[07/10/25 10:17:11] crowsnest:		Interval: Discrete 0.200s (5.000 fps)
[07/10/25 10:17:11] crowsnest:		Size: Discrete 672x456
[07/10/25 10:17:11] crowsnest:		Interval: Discrete 0.033s (30.000 fps)
[07/10/25 10:17:11] crowsnest:		Interval: Discrete 0.040s (25.000 fps)
[07/10/25 10:17:11] crowsnest:		Interval: Discrete 0.050s (20.000 fps)
[07/10/25 10:17:11] crowsnest:		Interval: Discrete 0.067s (15.000 fps)
[07/10/25 10:17:11] crowsnest:		Interval: Discrete 0.100s (10.000 fps)
[07/10/25 10:17:11] crowsnest:		Interval: Discrete 0.200s (5.000 fps)
[07/10/25 10:17:11] crowsnest:		Size: Discrete 640x480
[07/10/25 10:17:11] crowsnest:		Interval: Discrete 0.033s (30.000 fps)
[07/10/25 10:17:11] crowsnest:		Interval: Discrete 0.040s (25.000 fps)
[07/10/25 10:17:11] crowsnest:		Interval: Discrete 0.050s (20.000 fps)
[07/10/25 10:17:11] crowsnest:		Interval: Discrete 0.067s (15.000 fps)
[07/10/25 10:17:11] crowsnest:		Interval: Discrete 0.100s (10.000 fps)
[07/10/25 10:17:11] crowsnest:		Interval: Discrete 0.200s (5.000 fps)
[07/10/25 10:17:11] crowsnest:		Size: Discrete 320x240
[07/10/25 10:17:11] crowsnest:		Interval: Discrete 0.033s (30.000 fps)
[07/10/25 10:17:11] crowsnest:		Interval: Discrete 0.040s (25.000 fps)
[07/10/25 10:17:11] crowsnest:		Interval: Discrete 0.050s (20.000 fps)
[07/10/25 10:17:11] crowsnest:		Interval: Discrete 0.067s (15.000 fps)
[07/10/25 10:17:11] crowsnest:		Interval: Discrete 0.100s (10.000 fps)
[07/10/25 10:17:11] crowsnest:		Interval: Discrete 0.200s (5.000 fps)
[07/10/25 10:17:11] crowsnest:		[1]: 'YUYV' (YUYV 4:2:2)
[07/10/25 10:17:11] crowsnest:		Size: Discrete 1280x720
[07/10/25 10:17:11] crowsnest:		Interval: Discrete 0.100s (10.000 fps)
[07/10/25 10:17:11] crowsnest:		Size: Discrete 800x480
[07/10/25 10:17:11] crowsnest:		Interval: Discrete 0.040s (25.000 fps)
[07/10/25 10:17:11] crowsnest:		Size: Discrete 672x456
[07/10/25 10:17:11] crowsnest:		Interval: Discrete 0.033s (30.000 fps)
[07/10/25 10:17:11] crowsnest:		Size: Discrete 640x480
[07/10/25 10:17:11] crowsnest:		Interval: Discrete 0.033s (30.000 fps)
[07/10/25 10:17:11] crowsnest:		Size: Discrete 320x240
[07/10/25 10:17:11] crowsnest:		Interval: Discrete 0.033s (30.000 fps)
[07/10/25 10:17:11] crowsnest: Supported Controls:
[07/10/25 10:17:11] crowsnest:		
[07/10/25 10:17:11] crowsnest:		User Controls
[07/10/25 10:17:11] crowsnest:		
[07/10/25 10:17:11] crowsnest:		brightness 0x00980900 (int)    : min=-64 max=64 step=1 default=0 value=0
[07/10/25 10:17:11] crowsnest:		contrast 0x00980901 (int)    : min=0 max=64 step=1 default=32 value=32
[07/10/25 10:17:11] crowsnest:		saturation 0x00980902 (int)    : min=0 max=128 step=1 default=64 value=64
[07/10/25 10:17:11] crowsnest:		hue 0x00980903 (int)    : min=-40 max=40 step=1 default=0 value=0
[07/10/25 10:17:11] crowsnest:		white_balance_automatic 0x0098090c (bool)   : default=1 value=1
[07/10/25 10:17:11] crowsnest:		gamma 0x00980910 (int)    : min=72 max=500 step=1 default=100 value=100
[07/10/25 10:17:11] crowsnest:		gain 0x00980913 (int)    : min=0 max=100 step=1 default=0 value=0
[07/10/25 10:17:11] crowsnest:		power_line_frequency 0x00980918 (menu)   : min=0 max=2 default=2 value=2
[07/10/25 10:17:11] crowsnest:		0: Disabled
[07/10/25 10:17:11] crowsnest:		1: 50 Hz
[07/10/25 10:17:11] crowsnest:		2: 60 Hz
[07/10/25 10:17:11] crowsnest:		white_balance_temperature 0x0098091a (int)    : min=2800 max=6500 step=1 default=4600 value=4600 flags=inactive
[07/10/25 10:17:11] crowsnest:		sharpness 0x0098091b (int)    : min=0 max=6 step=1 default=3 value=3
[07/10/25 10:17:11] crowsnest:		backlight_compensation 0x0098091c (int)    : min=0 max=2 step=1 default=1 value=1
[07/10/25 10:17:11] crowsnest:		
[07/10/25 10:17:11] crowsnest:		Camera Controls
[07/10/25 10:17:11] crowsnest:		
[07/10/25 10:17:11] crowsnest:		auto_exposure 0x009a0901 (menu)   : min=0 max=3 default=3 value=3
[07/10/25 10:17:11] crowsnest:		1: Manual Mode
[07/10/25 10:17:11] crowsnest:		3: Aperture Priority Mode
[07/10/25 10:17:11] crowsnest:		exposure_time_absolute 0x009a0902 (int)    : min=1 max=5000 step=1 default=156 value=156 flags=inactive
[07/10/25 10:17:11] crowsnest:		exposure_dynamic_framerate 0x009a0903 (bool)   : default=0 value=1
[07/10/25 10:17:11] crowsnest: Try to start configured Cams / Services...
[07/10/25 10:17:17] crowsnest: INFO: Configuration of Section [cam 1] looks good. Continue ...
[07/10/25 10:17:19] crowsnest: V4L2 Control: No parameters set for [cam 1]. Skipped.
[07/10/25 10:17:22] crowsnest: Starting ustreamer with Device /dev/video0 ...
[07/10/25 10:17:24] crowsnest:  ... Done!
[07/11/25 07:17:10] crowsnest: crowsnest - A webcam Service for multiple Cams and Stream Services.
[07/11/25 07:17:10] crowsnest: Version: v4.1.12-1-g9623b5f
[07/11/25 07:17:10] crowsnest: Prepare Startup ...
[07/11/25 07:17:10] crowsnest: INFO: Host information:
[07/11/25 07:17:10] crowsnest: Host Info: Distribution: Debian GNU/Linux 11 (bullseye)
[07/11/25 07:17:10] crowsnest: Host Info: Kernel: Linux 5.16.17-sun50iw9 aarch64
[07/11/25 07:17:10] crowsnest: Host Info: Available CPU Cores: 4
[07/11/25 07:17:10] crowsnest: Host Info: Available Memory: 1010632 kB
[07/11/25 07:17:10] crowsnest: Host Info: Diskspace (avail. / total): 22G / 29G
[07/11/25 07:17:10] crowsnest: INFO: Checking Dependencies
[07/11/25 07:17:11] crowsnest: Dependency: 'crudini' found in /usr/bin/crudini.
[07/11/25 07:17:11] crowsnest: Dependency: 'find' found in /usr/bin/find.
[07/11/25 07:17:11] crowsnest: Dependency: 'xargs' found in /usr/bin/xargs.
[07/11/25 07:17:11] crowsnest: Dependency: 'ustreamer' found in bin/ustreamer/src/ustreamer.bin.
[07/11/25 07:17:11] crowsnest: Version Control: ustreamer is up to date. (v6.31)
[07/11/25 07:17:11] crowsnest: INFO: Print Configfile: '/home/biqu/printer_data/config/crowsnest.conf'
[07/11/25 07:17:11] crowsnest:		[crowsnest]
[07/11/25 07:17:11] crowsnest:		log_path: ~/printer_data/logs/crowsnest.log
[07/11/25 07:17:11] crowsnest:		log_level: verbose
[07/11/25 07:17:11] crowsnest:		delete_log: false
[07/11/25 07:17:11] crowsnest:		no_proxy: false
[07/11/25 07:17:11] crowsnest:		
[07/11/25 07:17:11] crowsnest:		[cam 1]
[07/11/25 07:17:11] crowsnest:		mode: ustreamer
[07/11/25 07:17:11] crowsnest:		
[07/11/25 07:17:11] crowsnest:		enable_rtsp: false
[07/11/25 07:17:11] crowsnest:		rtsp_port: 8554
[07/11/25 07:17:11] crowsnest:		port: 8080
[07/11/25 07:17:11] crowsnest:		device: /dev/video0
[07/11/25 07:17:11] crowsnest:		resolution: 1280x720
[07/11/25 07:17:11] crowsnest:		max_fps: 30
[07/11/25 07:17:11] crowsnest: INFO: Detect available Devices
[07/11/25 07:17:11] crowsnest: INFO: Found 1 total available Device(s)
[07/11/25 07:17:11] crowsnest: INFO: Found 1 available v4l2 (UVC) camera(s)
[07/11/25 07:17:11] crowsnest: /dev/v4l/by-id/usb-HHW_microelectronics_Co.__Ltd._MGS1-video-index0 -> /dev/video0
[07/11/25 07:17:11] crowsnest: Supported Formats:
[07/11/25 07:17:11] crowsnest:		[0]: 'MJPG' (Motion-JPEG, compressed)
[07/11/25 07:17:11] crowsnest:		Size: Discrete 1280x720
[07/11/25 07:17:11] crowsnest:		Interval: Discrete 0.033s (30.000 fps)
[07/11/25 07:17:11] crowsnest:		Interval: Discrete 0.040s (25.000 fps)
[07/11/25 07:17:11] crowsnest:		Interval: Discrete 0.050s (20.000 fps)
[07/11/25 07:17:11] crowsnest:		Interval: Discrete 0.067s (15.000 fps)
[07/11/25 07:17:11] crowsnest:		Interval: Discrete 0.100s (10.000 fps)
[07/11/25 07:17:11] crowsnest:		Interval: Discrete 0.200s (5.000 fps)
[07/11/25 07:17:11] crowsnest:		Size: Discrete 800x480
[07/11/25 07:17:11] crowsnest:		Interval: Discrete 0.033s (30.000 fps)
[07/11/25 07:17:11] crowsnest:		Interval: Discrete 0.040s (25.000 fps)
[07/11/25 07:17:11] crowsnest:		Interval: Discrete 0.050s (20.000 fps)
[07/11/25 07:17:11] crowsnest:		Interval: Discrete 0.067s (15.000 fps)
[07/11/25 07:17:11] crowsnest:		Interval: Discrete 0.100s (10.000 fps)
[07/11/25 07:17:11] crowsnest:		Interval: Discrete 0.200s (5.000 fps)
[07/11/25 07:17:11] crowsnest:		Size: Discrete 672x456
[07/11/25 07:17:11] crowsnest:		Interval: Discrete 0.033s (30.000 fps)
[07/11/25 07:17:11] crowsnest:		Interval: Discrete 0.040s (25.000 fps)
[07/11/25 07:17:11] crowsnest:		Interval: Discrete 0.050s (20.000 fps)
[07/11/25 07:17:11] crowsnest:		Interval: Discrete 0.067s (15.000 fps)
[07/11/25 07:17:11] crowsnest:		Interval: Discrete 0.100s (10.000 fps)
[07/11/25 07:17:11] crowsnest:		Interval: Discrete 0.200s (5.000 fps)
[07/11/25 07:17:11] crowsnest:		Size: Discrete 640x480
[07/11/25 07:17:11] crowsnest:		Interval: Discrete 0.033s (30.000 fps)
[07/11/25 07:17:11] crowsnest:		Interval: Discrete 0.040s (25.000 fps)
[07/11/25 07:17:11] crowsnest:		Interval: Discrete 0.050s (20.000 fps)
[07/11/25 07:17:11] crowsnest:		Interval: Discrete 0.067s (15.000 fps)
[07/11/25 07:17:11] crowsnest:		Interval: Discrete 0.100s (10.000 fps)
[07/11/25 07:17:11] crowsnest:		Interval: Discrete 0.200s (5.000 fps)
[07/11/25 07:17:11] crowsnest:		Size: Discrete 320x240
[07/11/25 07:17:11] crowsnest:		Interval: Discrete 0.033s (30.000 fps)
[07/11/25 07:17:11] crowsnest:		Interval: Discrete 0.040s (25.000 fps)
[07/11/25 07:17:11] crowsnest:		Interval: Discrete 0.050s (20.000 fps)
[07/11/25 07:17:11] crowsnest:		Interval: Discrete 0.067s (15.000 fps)
[07/11/25 07:17:11] crowsnest:		Interval: Discrete 0.100s (10.000 fps)
[07/11/25 07:17:11] crowsnest:		Interval: Discrete 0.200s (5.000 fps)
[07/11/25 07:17:11] crowsnest:		[1]: 'YUYV' (YUYV 4:2:2)
[07/11/25 07:17:11] crowsnest:		Size: Discrete 1280x720
[07/11/25 07:17:11] crowsnest:		Interval: Discrete 0.100s (10.000 fps)
[07/11/25 07:17:11] crowsnest:		Size: Discrete 800x480
[07/11/25 07:17:11] crowsnest:		Interval: Discrete 0.040s (25.000 fps)
[07/11/25 07:17:11] crowsnest:		Size: Discrete 672x456
[07/11/25 07:17:11] crowsnest:		Interval: Discrete 0.033s (30.000 fps)
[07/11/25 07:17:11] crowsnest:		Size: Discrete 640x480
[07/11/25 07:17:11] crowsnest:		Interval: Discrete 0.033s (30.000 fps)
[07/11/25 07:17:11] crowsnest:		Size: Discrete 320x240
[07/11/25 07:17:11] crowsnest:		Interval: Discrete 0.033s (30.000 fps)
[07/11/25 07:17:11] crowsnest: Supported Controls:
[07/11/25 07:17:11] crowsnest:		
[07/11/25 07:17:11] crowsnest:		User Controls
[07/11/25 07:17:11] crowsnest:		
[07/11/25 07:17:11] crowsnest:		brightness 0x00980900 (int)    : min=-64 max=64 step=1 default=0 value=0
[07/11/25 07:17:11] crowsnest:		contrast 0x00980901 (int)    : min=0 max=64 step=1 default=32 value=32
[07/11/25 07:17:11] crowsnest:		saturation 0x00980902 (int)    : min=0 max=128 step=1 default=64 value=64
[07/11/25 07:17:11] crowsnest:		hue 0x00980903 (int)    : min=-40 max=40 step=1 default=0 value=0
[07/11/25 07:17:11] crowsnest:		white_balance_automatic 0x0098090c (bool)   : default=1 value=1
[07/11/25 07:17:11] crowsnest:		gamma 0x00980910 (int)    : min=72 max=500 step=1 default=100 value=100
[07/11/25 07:17:11] crowsnest:		gain 0x00980913 (int)    : min=0 max=100 step=1 default=0 value=0
[07/11/25 07:17:11] crowsnest:		power_line_frequency 0x00980918 (menu)   : min=0 max=2 default=2 value=2
[07/11/25 07:17:11] crowsnest:		0: Disabled
[07/11/25 07:17:11] crowsnest:		1: 50 Hz
[07/11/25 07:17:11] crowsnest:		2: 60 Hz
[07/11/25 07:17:11] crowsnest:		white_balance_temperature 0x0098091a (int)    : min=2800 max=6500 step=1 default=4600 value=4600 flags=inactive
[07/11/25 07:17:11] crowsnest:		sharpness 0x0098091b (int)    : min=0 max=6 step=1 default=3 value=3
[07/11/25 07:17:11] crowsnest:		backlight_compensation 0x0098091c (int)    : min=0 max=2 step=1 default=1 value=1
[07/11/25 07:17:11] crowsnest:		
[07/11/25 07:17:11] crowsnest:		Camera Controls
[07/11/25 07:17:11] crowsnest:		
[07/11/25 07:17:11] crowsnest:		auto_exposure 0x009a0901 (menu)   : min=0 max=3 default=3 value=3
[07/11/25 07:17:11] crowsnest:		1: Manual Mode
[07/11/25 07:17:11] crowsnest:		3: Aperture Priority Mode
[07/11/25 07:17:11] crowsnest:		exposure_time_absolute 0x009a0902 (int)    : min=1 max=5000 step=1 default=156 value=156 flags=inactive
[07/11/25 07:17:11] crowsnest:		exposure_dynamic_framerate 0x009a0903 (bool)   : default=0 value=1
[07/11/25 07:17:11] crowsnest: Try to start configured Cams / Services...
[07/11/25 07:17:16] crowsnest: INFO: Configuration of Section [cam 1] looks good. Continue ...
[07/11/25 07:17:18] crowsnest: V4L2 Control: No parameters set for [cam 1]. Skipped.
[07/11/25 07:17:22] crowsnest: Starting ustreamer with Device /dev/video0 ...
[07/11/25 07:17:23] crowsnest:  ... Done!
[07/11/25 09:17:10] crowsnest: crowsnest - A webcam Service for multiple Cams and Stream Services.
[07/11/25 09:17:10] crowsnest: Version: v4.1.12-1-g9623b5f
[07/11/25 09:17:10] crowsnest: Prepare Startup ...
[07/11/25 09:17:10] crowsnest: INFO: Host information:
[07/11/25 09:17:10] crowsnest: Host Info: Distribution: Debian GNU/Linux 11 (bullseye)
[07/11/25 09:17:10] crowsnest: Host Info: Kernel: Linux 5.16.17-sun50iw9 aarch64
[07/11/25 09:17:10] crowsnest: Host Info: Available CPU Cores: 4
[07/11/25 09:17:10] crowsnest: Host Info: Available Memory: 1010632 kB
[07/11/25 09:17:10] crowsnest: Host Info: Diskspace (avail. / total): 22G / 29G
[07/11/25 09:17:10] crowsnest: INFO: Checking Dependencies
[07/11/25 09:17:11] crowsnest: Dependency: 'crudini' found in /usr/bin/crudini.
[07/11/25 09:17:11] crowsnest: Dependency: 'find' found in /usr/bin/find.
[07/11/25 09:17:11] crowsnest: Dependency: 'xargs' found in /usr/bin/xargs.
[07/11/25 09:17:11] crowsnest: Dependency: 'ustreamer' found in bin/ustreamer/src/ustreamer.bin.
[07/11/25 09:17:11] crowsnest: Version Control: ustreamer is up to date. (v6.31)
[07/11/25 09:17:11] crowsnest: INFO: Print Configfile: '/home/biqu/printer_data/config/crowsnest.conf'
[07/11/25 09:17:11] crowsnest:		[crowsnest]
[07/11/25 09:17:11] crowsnest:		log_path: ~/printer_data/logs/crowsnest.log
[07/11/25 09:17:11] crowsnest:		log_level: verbose
[07/11/25 09:17:11] crowsnest:		delete_log: false
[07/11/25 09:17:11] crowsnest:		no_proxy: false
[07/11/25 09:17:11] crowsnest:		
[07/11/25 09:17:11] crowsnest:		[cam 1]
[07/11/25 09:17:11] crowsnest:		mode: ustreamer
[07/11/25 09:17:11] crowsnest:		
[07/11/25 09:17:11] crowsnest:		enable_rtsp: false
[07/11/25 09:17:11] crowsnest:		rtsp_port: 8554
[07/11/25 09:17:11] crowsnest:		port: 8080
[07/11/25 09:17:11] crowsnest:		device: /dev/video0
[07/11/25 09:17:11] crowsnest:		resolution: 1280x720
[07/11/25 09:17:11] crowsnest:		max_fps: 30
[07/11/25 09:17:11] crowsnest: INFO: Detect available Devices
[07/11/25 09:17:11] crowsnest: INFO: Found 1 total available Device(s)
[07/11/25 09:17:11] crowsnest: INFO: Found 1 available v4l2 (UVC) camera(s)
[07/11/25 09:17:11] crowsnest: /dev/v4l/by-id/usb-HHW_microelectronics_Co.__Ltd._MGS1-video-index0 -> /dev/video0
[07/11/25 09:17:11] crowsnest: Supported Formats:
[07/11/25 09:17:11] crowsnest:		[0]: 'MJPG' (Motion-JPEG, compressed)
[07/11/25 09:17:11] crowsnest:		Size: Discrete 1280x720
[07/11/25 09:17:11] crowsnest:		Interval: Discrete 0.033s (30.000 fps)
[07/11/25 09:17:11] crowsnest:		Interval: Discrete 0.040s (25.000 fps)
[07/11/25 09:17:11] crowsnest:		Interval: Discrete 0.050s (20.000 fps)
[07/11/25 09:17:11] crowsnest:		Interval: Discrete 0.067s (15.000 fps)
[07/11/25 09:17:11] crowsnest:		Interval: Discrete 0.100s (10.000 fps)
[07/11/25 09:17:11] crowsnest:		Interval: Discrete 0.200s (5.000 fps)
[07/11/25 09:17:11] crowsnest:		Size: Discrete 800x480
[07/11/25 09:17:11] crowsnest:		Interval: Discrete 0.033s (30.000 fps)
[07/11/25 09:17:11] crowsnest:		Interval: Discrete 0.040s (25.000 fps)
[07/11/25 09:17:11] crowsnest:		Interval: Discrete 0.050s (20.000 fps)
[07/11/25 09:17:11] crowsnest:		Interval: Discrete 0.067s (15.000 fps)
[07/11/25 09:17:11] crowsnest:		Interval: Discrete 0.100s (10.000 fps)
[07/11/25 09:17:11] crowsnest:		Interval: Discrete 0.200s (5.000 fps)
[07/11/25 09:17:11] crowsnest:		Size: Discrete 672x456
[07/11/25 09:17:11] crowsnest:		Interval: Discrete 0.033s (30.000 fps)
[07/11/25 09:17:11] crowsnest:		Interval: Discrete 0.040s (25.000 fps)
[07/11/25 09:17:11] crowsnest:		Interval: Discrete 0.050s (20.000 fps)
[07/11/25 09:17:11] crowsnest:		Interval: Discrete 0.067s (15.000 fps)
[07/11/25 09:17:11] crowsnest:		Interval: Discrete 0.100s (10.000 fps)
[07/11/25 09:17:11] crowsnest:		Interval: Discrete 0.200s (5.000 fps)
[07/11/25 09:17:11] crowsnest:		Size: Discrete 640x480
[07/11/25 09:17:11] crowsnest:		Interval: Discrete 0.033s (30.000 fps)
[07/11/25 09:17:11] crowsnest:		Interval: Discrete 0.040s (25.000 fps)
[07/11/25 09:17:11] crowsnest:		Interval: Discrete 0.050s (20.000 fps)
[07/11/25 09:17:11] crowsnest:		Interval: Discrete 0.067s (15.000 fps)
[07/11/25 09:17:11] crowsnest:		Interval: Discrete 0.100s (10.000 fps)
[07/11/25 09:17:11] crowsnest:		Interval: Discrete 0.200s (5.000 fps)
[07/11/25 09:17:11] crowsnest:		Size: Discrete 320x240
[07/11/25 09:17:11] crowsnest:		Interval: Discrete 0.033s (30.000 fps)
[07/11/25 09:17:11] crowsnest:		Interval: Discrete 0.040s (25.000 fps)
[07/11/25 09:17:11] crowsnest:		Interval: Discrete 0.050s (20.000 fps)
[07/11/25 09:17:11] crowsnest:		Interval: Discrete 0.067s (15.000 fps)
[07/11/25 09:17:11] crowsnest:		Interval: Discrete 0.100s (10.000 fps)
[07/11/25 09:17:11] crowsnest:		Interval: Discrete 0.200s (5.000 fps)
[07/11/25 09:17:11] crowsnest:		[1]: 'YUYV' (YUYV 4:2:2)
[07/11/25 09:17:11] crowsnest:		Size: Discrete 1280x720
[07/11/25 09:17:11] crowsnest:		Interval: Discrete 0.100s (10.000 fps)
[07/11/25 09:17:11] crowsnest:		Size: Discrete 800x480
[07/11/25 09:17:11] crowsnest:		Interval: Discrete 0.040s (25.000 fps)
[07/11/25 09:17:11] crowsnest:		Size: Discrete 672x456
[07/11/25 09:17:11] crowsnest:		Interval: Discrete 0.033s (30.000 fps)
[07/11/25 09:17:11] crowsnest:		Size: Discrete 640x480
[07/11/25 09:17:11] crowsnest:		Interval: Discrete 0.033s (30.000 fps)
[07/11/25 09:17:11] crowsnest:		Size: Discrete 320x240
[07/11/25 09:17:11] crowsnest:		Interval: Discrete 0.033s (30.000 fps)
[07/11/25 09:17:11] crowsnest: Supported Controls:
[07/11/25 09:17:11] crowsnest:		
[07/11/25 09:17:11] crowsnest:		User Controls
[07/11/25 09:17:11] crowsnest:		
[07/11/25 09:17:11] crowsnest:		brightness 0x00980900 (int)    : min=-64 max=64 step=1 default=0 value=0
[07/11/25 09:17:11] crowsnest:		contrast 0x00980901 (int)    : min=0 max=64 step=1 default=32 value=32
[07/11/25 09:17:11] crowsnest:		saturation 0x00980902 (int)    : min=0 max=128 step=1 default=64 value=64
[07/11/25 09:17:11] crowsnest:		hue 0x00980903 (int)    : min=-40 max=40 step=1 default=0 value=0
[07/11/25 09:17:11] crowsnest:		white_balance_automatic 0x0098090c (bool)   : default=1 value=1
[07/11/25 09:17:11] crowsnest:		gamma 0x00980910 (int)    : min=72 max=500 step=1 default=100 value=100
[07/11/25 09:17:11] crowsnest:		gain 0x00980913 (int)    : min=0 max=100 step=1 default=0 value=0
[07/11/25 09:17:11] crowsnest:		power_line_frequency 0x00980918 (menu)   : min=0 max=2 default=2 value=2
[07/11/25 09:17:11] crowsnest:		0: Disabled
[07/11/25 09:17:11] crowsnest:		1: 50 Hz
[07/11/25 09:17:11] crowsnest:		2: 60 Hz
[07/11/25 09:17:11] crowsnest:		white_balance_temperature 0x0098091a (int)    : min=2800 max=6500 step=1 default=4600 value=4600 flags=inactive
[07/11/25 09:17:11] crowsnest:		sharpness 0x0098091b (int)    : min=0 max=6 step=1 default=3 value=3
[07/11/25 09:17:11] crowsnest:		backlight_compensation 0x0098091c (int)    : min=0 max=2 step=1 default=1 value=1
[07/11/25 09:17:11] crowsnest:		
[07/11/25 09:17:11] crowsnest:		Camera Controls
[07/11/25 09:17:11] crowsnest:		
[07/11/25 09:17:11] crowsnest:		auto_exposure 0x009a0901 (menu)   : min=0 max=3 default=3 value=3
[07/11/25 09:17:11] crowsnest:		1: Manual Mode
[07/11/25 09:17:11] crowsnest:		3: Aperture Priority Mode
[07/11/25 09:17:11] crowsnest:		exposure_time_absolute 0x009a0902 (int)    : min=1 max=5000 step=1 default=156 value=156 flags=inactive
[07/11/25 09:17:11] crowsnest:		exposure_dynamic_framerate 0x009a0903 (bool)   : default=0 value=1
[07/11/25 09:17:11] crowsnest: Try to start configured Cams / Services...
[07/11/25 09:17:17] crowsnest: INFO: Configuration of Section [cam 1] looks good. Continue ...
[07/11/25 09:17:18] crowsnest: V4L2 Control: No parameters set for [cam 1]. Skipped.
[07/11/25 09:17:22] crowsnest: Starting ustreamer with Device /dev/video0 ...
[07/11/25 09:17:24] crowsnest:  ... Done!
[07/11/25 09:17:10] crowsnest: crowsnest - A webcam Service for multiple Cams and Stream Services.
[07/11/25 09:17:10] crowsnest: Version: v4.1.12-1-g9623b5f
[07/11/25 09:17:10] crowsnest: Prepare Startup ...
[07/11/25 09:17:10] crowsnest: INFO: Host information:
[07/11/25 09:17:10] crowsnest: Host Info: Distribution: Debian GNU/Linux 11 (bullseye)
[07/11/25 09:17:10] crowsnest: Host Info: Kernel: Linux 5.16.17-sun50iw9 aarch64
[07/11/25 09:17:10] crowsnest: Host Info: Available CPU Cores: 4
[07/11/25 09:17:10] crowsnest: Host Info: Available Memory: 1010632 kB
[07/11/25 09:17:10] crowsnest: Host Info: Diskspace (avail. / total): 22G / 29G
[07/11/25 09:17:10] crowsnest: INFO: Checking Dependencies
[07/11/25 09:17:11] crowsnest: Dependency: 'crudini' found in /usr/bin/crudini.
[07/11/25 09:17:11] crowsnest: Dependency: 'find' found in /usr/bin/find.
[07/11/25 09:17:11] crowsnest: Dependency: 'xargs' found in /usr/bin/xargs.
[07/11/25 09:17:11] crowsnest: Dependency: 'ustreamer' found in bin/ustreamer/src/ustreamer.bin.
[07/11/25 09:17:11] crowsnest: Version Control: ustreamer is up to date. (v6.31)
[07/11/25 09:17:11] crowsnest: INFO: Print Configfile: '/home/biqu/printer_data/config/crowsnest.conf'
[07/11/25 09:17:11] crowsnest:		[crowsnest]
[07/11/25 09:17:11] crowsnest:		log_path: ~/printer_data/logs/crowsnest.log
[07/11/25 09:17:11] crowsnest:		log_level: verbose
[07/11/25 09:17:11] crowsnest:		delete_log: false
[07/11/25 09:17:11] crowsnest:		no_proxy: false
[07/11/25 09:17:11] crowsnest:		
[07/11/25 09:17:11] crowsnest:		[cam 1]
[07/11/25 09:17:11] crowsnest:		mode: ustreamer
[07/11/25 09:17:11] crowsnest:		
[07/11/25 09:17:11] crowsnest:		enable_rtsp: false
[07/11/25 09:17:11] crowsnest:		rtsp_port: 8554
[07/11/25 09:17:11] crowsnest:		port: 8080
[07/11/25 09:17:11] crowsnest:		device: /dev/video0
[07/11/25 09:17:11] crowsnest:		resolution: 1280x720
[07/11/25 09:17:11] crowsnest:		max_fps: 30
[07/11/25 09:17:11] crowsnest: INFO: Detect available Devices
[07/11/25 09:17:11] crowsnest: INFO: Found 1 total available Device(s)
[07/11/25 09:17:11] crowsnest: INFO: Found 1 available v4l2 (UVC) camera(s)
[07/11/25 09:17:11] crowsnest: /dev/v4l/by-id/usb-HHW_microelectronics_Co.__Ltd._MGS1-video-index0 -> /dev/video0
[07/11/25 09:17:11] crowsnest: Supported Formats:
[07/11/25 09:17:11] crowsnest:		[0]: 'MJPG' (Motion-JPEG, compressed)
[07/11/25 09:17:11] crowsnest:		Size: Discrete 1280x720
[07/11/25 09:17:11] crowsnest:		Interval: Discrete 0.033s (30.000 fps)
[07/11/25 09:17:11] crowsnest:		Interval: Discrete 0.040s (25.000 fps)
[07/11/25 09:17:11] crowsnest:		Interval: Discrete 0.050s (20.000 fps)
[07/11/25 09:17:11] crowsnest:		Interval: Discrete 0.067s (15.000 fps)
[07/11/25 09:17:11] crowsnest:		Interval: Discrete 0.100s (10.000 fps)
[07/11/25 09:17:11] crowsnest:		Interval: Discrete 0.200s (5.000 fps)
[07/11/25 09:17:11] crowsnest:		Size: Discrete 800x480
[07/11/25 09:17:11] crowsnest:		Interval: Discrete 0.033s (30.000 fps)
[07/11/25 09:17:11] crowsnest:		Interval: Discrete 0.040s (25.000 fps)
[07/11/25 09:17:11] crowsnest:		Interval: Discrete 0.050s (20.000 fps)
[07/11/25 09:17:11] crowsnest:		Interval: Discrete 0.067s (15.000 fps)
[07/11/25 09:17:11] crowsnest:		Interval: Discrete 0.100s (10.000 fps)
[07/11/25 09:17:11] crowsnest:		Interval: Discrete 0.200s (5.000 fps)
[07/11/25 09:17:11] crowsnest:		Size: Discrete 672x456
[07/11/25 09:17:11] crowsnest:		Interval: Discrete 0.033s (30.000 fps)
[07/11/25 09:17:11] crowsnest:		Interval: Discrete 0.040s (25.000 fps)
[07/11/25 09:17:11] crowsnest:		Interval: Discrete 0.050s (20.000 fps)
[07/11/25 09:17:11] crowsnest:		Interval: Discrete 0.067s (15.000 fps)
[07/11/25 09:17:11] crowsnest:		Interval: Discrete 0.100s (10.000 fps)
[07/11/25 09:17:11] crowsnest:		Interval: Discrete 0.200s (5.000 fps)
[07/11/25 09:17:11] crowsnest:		Size: Discrete 640x480
[07/11/25 09:17:11] crowsnest:		Interval: Discrete 0.033s (30.000 fps)
[07/11/25 09:17:11] crowsnest:		Interval: Discrete 0.040s (25.000 fps)
[07/11/25 09:17:11] crowsnest:		Interval: Discrete 0.050s (20.000 fps)
[07/11/25 09:17:11] crowsnest:		Interval: Discrete 0.067s (15.000 fps)
[07/11/25 09:17:11] crowsnest:		Interval: Discrete 0.100s (10.000 fps)
[07/11/25 09:17:11] crowsnest:		Interval: Discrete 0.200s (5.000 fps)
[07/11/25 09:17:11] crowsnest:		Size: Discrete 320x240
[07/11/25 09:17:11] crowsnest:		Interval: Discrete 0.033s (30.000 fps)
[07/11/25 09:17:11] crowsnest:		Interval: Discrete 0.040s (25.000 fps)
[07/11/25 09:17:11] crowsnest:		Interval: Discrete 0.050s (20.000 fps)
[07/11/25 09:17:11] crowsnest:		Interval: Discrete 0.067s (15.000 fps)
[07/11/25 09:17:11] crowsnest:		Interval: Discrete 0.100s (10.000 fps)
[07/11/25 09:17:11] crowsnest:		Interval: Discrete 0.200s (5.000 fps)
[07/11/25 09:17:11] crowsnest:		[1]: 'YUYV' (YUYV 4:2:2)
[07/11/25 09:17:11] crowsnest:		Size: Discrete 1280x720
[07/11/25 09:17:11] crowsnest:		Interval: Discrete 0.100s (10.000 fps)
[07/11/25 09:17:11] crowsnest:		Size: Discrete 800x480
[07/11/25 09:17:11] crowsnest:		Interval: Discrete 0.040s (25.000 fps)
[07/11/25 09:17:11] crowsnest:		Size: Discrete 672x456
[07/11/25 09:17:11] crowsnest:		Interval: Discrete 0.033s (30.000 fps)
[07/11/25 09:17:11] crowsnest:		Size: Discrete 640x480
[07/11/25 09:17:11] crowsnest:		Interval: Discrete 0.033s (30.000 fps)
[07/11/25 09:17:11] crowsnest:		Size: Discrete 320x240
[07/11/25 09:17:11] crowsnest:		Interval: Discrete 0.033s (30.000 fps)
[07/11/25 09:17:11] crowsnest: Supported Controls:
[07/11/25 09:17:11] crowsnest:		
[07/11/25 09:17:11] crowsnest:		User Controls
[07/11/25 09:17:11] crowsnest:		
[07/11/25 09:17:11] crowsnest:		brightness 0x00980900 (int)    : min=-64 max=64 step=1 default=0 value=0
[07/11/25 09:17:11] crowsnest:		contrast 0x00980901 (int)    : min=0 max=64 step=1 default=32 value=32
[07/11/25 09:17:11] crowsnest:		saturation 0x00980902 (int)    : min=0 max=128 step=1 default=64 value=64
[07/11/25 09:17:11] crowsnest:		hue 0x00980903 (int)    : min=-40 max=40 step=1 default=0 value=0
[07/11/25 09:17:11] crowsnest:		white_balance_automatic 0x0098090c (bool)   : default=1 value=1
[07/11/25 09:17:11] crowsnest:		gamma 0x00980910 (int)    : min=72 max=500 step=1 default=100 value=100
[07/11/25 09:17:11] crowsnest:		gain 0x00980913 (int)    : min=0 max=100 step=1 default=0 value=0
[07/11/25 09:17:11] crowsnest:		power_line_frequency 0x00980918 (menu)   : min=0 max=2 default=2 value=2
[07/11/25 09:17:11] crowsnest:		0: Disabled
[07/11/25 09:17:11] crowsnest:		1: 50 Hz
[07/11/25 09:17:11] crowsnest:		2: 60 Hz
[07/11/25 09:17:11] crowsnest:		white_balance_temperature 0x0098091a (int)    : min=2800 max=6500 step=1 default=4600 value=4600 flags=inactive
[07/11/25 09:17:11] crowsnest:		sharpness 0x0098091b (int)    : min=0 max=6 step=1 default=3 value=3
[07/11/25 09:17:11] crowsnest:		backlight_compensation 0x0098091c (int)    : min=0 max=2 step=1 default=1 value=1
[07/11/25 09:17:11] crowsnest:		
[07/11/25 09:17:11] crowsnest:		Camera Controls
[07/11/25 09:17:11] crowsnest:		
[07/11/25 09:17:11] crowsnest:		auto_exposure 0x009a0901 (menu)   : min=0 max=3 default=3 value=3
[07/11/25 09:17:11] crowsnest:		1: Manual Mode
[07/11/25 09:17:11] crowsnest:		3: Aperture Priority Mode
[07/11/25 09:17:11] crowsnest:		exposure_time_absolute 0x009a0902 (int)    : min=1 max=5000 step=1 default=156 value=156 flags=inactive
[07/11/25 09:17:11] crowsnest:		exposure_dynamic_framerate 0x009a0903 (bool)   : default=0 value=1
[07/11/25 09:17:11] crowsnest: Try to start configured Cams / Services...
[07/11/25 09:17:16] crowsnest: INFO: Configuration of Section [cam 1] looks good. Continue ...
[07/11/25 09:17:18] crowsnest: V4L2 Control: No parameters set for [cam 1]. Skipped.
[07/11/25 09:17:22] crowsnest: Starting ustreamer with Device /dev/video0 ...
[07/11/25 09:17:23] crowsnest:  ... Done!
[07/11/25 10:17:10] crowsnest: crowsnest - A webcam Service for multiple Cams and Stream Services.
[07/11/25 10:17:10] crowsnest: Version: v4.1.12-1-g9623b5f
[07/11/25 10:17:10] crowsnest: Prepare Startup ...
[07/11/25 10:17:10] crowsnest: INFO: Host information:
[07/11/25 10:17:10] crowsnest: Host Info: Distribution: Debian GNU/Linux 11 (bullseye)
[07/11/25 10:17:10] crowsnest: Host Info: Kernel: Linux 5.16.17-sun50iw9 aarch64
[07/11/25 10:17:10] crowsnest: Host Info: Available CPU Cores: 4
[07/11/25 10:17:10] crowsnest: Host Info: Available Memory: 1010632 kB
[07/11/25 10:17:10] crowsnest: Host Info: Diskspace (avail. / total): 22G / 29G
[07/11/25 10:17:10] crowsnest: INFO: Checking Dependencies
[07/11/25 10:17:11] crowsnest: Dependency: 'crudini' found in /usr/bin/crudini.
[07/11/25 10:17:11] crowsnest: Dependency: 'find' found in /usr/bin/find.
[07/11/25 10:17:11] crowsnest: Dependency: 'xargs' found in /usr/bin/xargs.
[07/11/25 10:17:11] crowsnest: Dependency: 'ustreamer' found in bin/ustreamer/src/ustreamer.bin.
[07/11/25 10:17:11] crowsnest: Version Control: ustreamer is up to date. (v6.31)
[07/11/25 10:17:11] crowsnest: INFO: Print Configfile: '/home/biqu/printer_data/config/crowsnest.conf'
[07/11/25 10:17:11] crowsnest:		[crowsnest]
[07/11/25 10:17:11] crowsnest:		log_path: ~/printer_data/logs/crowsnest.log
[07/11/25 10:17:11] crowsnest:		log_level: verbose
[07/11/25 10:17:11] crowsnest:		delete_log: false
[07/11/25 10:17:11] crowsnest:		no_proxy: false
[07/11/25 10:17:11] crowsnest:		
[07/11/25 10:17:11] crowsnest:		[cam 1]
[07/11/25 10:17:11] crowsnest:		mode: ustreamer
[07/11/25 10:17:11] crowsnest:		
[07/11/25 10:17:11] crowsnest:		enable_rtsp: false
[07/11/25 10:17:11] crowsnest:		rtsp_port: 8554
[07/11/25 10:17:11] crowsnest:		port: 8080
[07/11/25 10:17:11] crowsnest:		device: /dev/video0
[07/11/25 10:17:11] crowsnest:		resolution: 1280x720
[07/11/25 10:17:11] crowsnest:		max_fps: 30
[07/11/25 10:17:11] crowsnest: INFO: Detect available Devices
[07/11/25 10:17:11] crowsnest: INFO: Found 1 total available Device(s)
[07/11/25 10:17:11] crowsnest: INFO: Found 1 available v4l2 (UVC) camera(s)
[07/11/25 10:17:11] crowsnest: /dev/v4l/by-id/usb-HHW_microelectronics_Co.__Ltd._MGS1-video-index0 -> /dev/video0
[07/11/25 10:17:11] crowsnest: Supported Formats:
[07/11/25 10:17:11] crowsnest:		[0]: 'MJPG' (Motion-JPEG, compressed)
[07/11/25 10:17:11] crowsnest:		Size: Discrete 1280x720
[07/11/25 10:17:11] crowsnest:		Interval: Discrete 0.033s (30.000 fps)
[07/11/25 10:17:11] crowsnest:		Interval: Discrete 0.040s (25.000 fps)
[07/11/25 10:17:11] crowsnest:		Interval: Discrete 0.050s (20.000 fps)
[07/11/25 10:17:11] crowsnest:		Interval: Discrete 0.067s (15.000 fps)
[07/11/25 10:17:11] crowsnest:		Interval: Discrete 0.100s (10.000 fps)
[07/11/25 10:17:11] crowsnest:		Interval: Discrete 0.200s (5.000 fps)
[07/11/25 10:17:11] crowsnest:		Size: Discrete 800x480
[07/11/25 10:17:11] crowsnest:		Interval: Discrete 0.033s (30.000 fps)
[07/11/25 10:17:11] crowsnest:		Interval: Discrete 0.040s (25.000 fps)
[07/11/25 10:17:11] crowsnest:		Interval: Discrete 0.050s (20.000 fps)
[07/11/25 10:17:11] crowsnest:		Interval: Discrete 0.067s (15.000 fps)
[07/11/25 10:17:11] crowsnest:		Interval: Discrete 0.100s (10.000 fps)
[07/11/25 10:17:11] crowsnest:		Interval: Discrete 0.200s (5.000 fps)
[07/11/25 10:17:11] crowsnest:		Size: Discrete 672x456
[07/11/25 10:17:11] crowsnest:		Interval: Discrete 0.033s (30.000 fps)
[07/11/25 10:17:11] crowsnest:		Interval: Discrete 0.040s (25.000 fps)
[07/11/25 10:17:11] crowsnest:		Interval: Discrete 0.050s (20.000 fps)
[07/11/25 10:17:11] crowsnest:		Interval: Discrete 0.067s (15.000 fps)
[07/11/25 10:17:11] crowsnest:		Interval: Discrete 0.100s (10.000 fps)
[07/11/25 10:17:11] crowsnest:		Interval: Discrete 0.200s (5.000 fps)
[07/11/25 10:17:11] crowsnest:		Size: Discrete 640x480
[07/11/25 10:17:11] crowsnest:		Interval: Discrete 0.033s (30.000 fps)
[07/11/25 10:17:11] crowsnest:		Interval: Discrete 0.040s (25.000 fps)
[07/11/25 10:17:11] crowsnest:		Interval: Discrete 0.050s (20.000 fps)
[07/11/25 10:17:11] crowsnest:		Interval: Discrete 0.067s (15.000 fps)
[07/11/25 10:17:11] crowsnest:		Interval: Discrete 0.100s (10.000 fps)
[07/11/25 10:17:11] crowsnest:		Interval: Discrete 0.200s (5.000 fps)
[07/11/25 10:17:11] crowsnest:		Size: Discrete 320x240
[07/11/25 10:17:11] crowsnest:		Interval: Discrete 0.033s (30.000 fps)
[07/11/25 10:17:11] crowsnest:		Interval: Discrete 0.040s (25.000 fps)
[07/11/25 10:17:11] crowsnest:		Interval: Discrete 0.050s (20.000 fps)
[07/11/25 10:17:11] crowsnest:		Interval: Discrete 0.067s (15.000 fps)
[07/11/25 10:17:11] crowsnest:		Interval: Discrete 0.100s (10.000 fps)
[07/11/25 10:17:11] crowsnest:		Interval: Discrete 0.200s (5.000 fps)
[07/11/25 10:17:11] crowsnest:		[1]: 'YUYV' (YUYV 4:2:2)
[07/11/25 10:17:11] crowsnest:		Size: Discrete 1280x720
[07/11/25 10:17:11] crowsnest:		Interval: Discrete 0.100s (10.000 fps)
[07/11/25 10:17:11] crowsnest:		Size: Discrete 800x480
[07/11/25 10:17:11] crowsnest:		Interval: Discrete 0.040s (25.000 fps)
[07/11/25 10:17:11] crowsnest:		Size: Discrete 672x456
[07/11/25 10:17:11] crowsnest:		Interval: Discrete 0.033s (30.000 fps)
[07/11/25 10:17:11] crowsnest:		Size: Discrete 640x480
[07/11/25 10:17:11] crowsnest:		Interval: Discrete 0.033s (30.000 fps)
[07/11/25 10:17:11] crowsnest:		Size: Discrete 320x240
[07/11/25 10:17:11] crowsnest:		Interval: Discrete 0.033s (30.000 fps)
[07/11/25 10:17:11] crowsnest: Supported Controls:
[07/11/25 10:17:11] crowsnest:		
[07/11/25 10:17:11] crowsnest:		User Controls
[07/11/25 10:17:11] crowsnest:		
[07/11/25 10:17:11] crowsnest:		brightness 0x00980900 (int)    : min=-64 max=64 step=1 default=0 value=0
[07/11/25 10:17:11] crowsnest:		contrast 0x00980901 (int)    : min=0 max=64 step=1 default=32 value=32
[07/11/25 10:17:11] crowsnest:		saturation 0x00980902 (int)    : min=0 max=128 step=1 default=64 value=64
[07/11/25 10:17:11] crowsnest:		hue 0x00980903 (int)    : min=-40 max=40 step=1 default=0 value=0
[07/11/25 10:17:11] crowsnest:		white_balance_automatic 0x0098090c (bool)   : default=1 value=1
[07/11/25 10:17:11] crowsnest:		gamma 0x00980910 (int)    : min=72 max=500 step=1 default=100 value=100
[07/11/25 10:17:11] crowsnest:		gain 0x00980913 (int)    : min=0 max=100 step=1 default=0 value=0
[07/11/25 10:17:11] crowsnest:		power_line_frequency 0x00980918 (menu)   : min=0 max=2 default=2 value=2
[07/11/25 10:17:11] crowsnest:		0: Disabled
[07/11/25 10:17:11] crowsnest:		1: 50 Hz
[07/11/25 10:17:11] crowsnest:		2: 60 Hz
[07/11/25 10:17:11] crowsnest:		white_balance_temperature 0x0098091a (int)    : min=2800 max=6500 step=1 default=4600 value=4600 flags=inactive
[07/11/25 10:17:11] crowsnest:		sharpness 0x0098091b (int)    : min=0 max=6 step=1 default=3 value=3
[07/11/25 10:17:11] crowsnest:		backlight_compensation 0x0098091c (int)    : min=0 max=2 step=1 default=1 value=1
[07/11/25 10:17:11] crowsnest:		
[07/11/25 10:17:11] crowsnest:		Camera Controls
[07/11/25 10:17:11] crowsnest:		
[07/11/25 10:17:11] crowsnest:		auto_exposure 0x009a0901 (menu)   : min=0 max=3 default=3 value=3
[07/11/25 10:17:11] crowsnest:		1: Manual Mode
[07/11/25 10:17:11] crowsnest:		3: Aperture Priority Mode
[07/11/25 10:17:11] crowsnest:		exposure_time_absolute 0x009a0902 (int)    : min=1 max=5000 step=1 default=156 value=156 flags=inactive
[07/11/25 10:17:11] crowsnest:		exposure_dynamic_framerate 0x009a0903 (bool)   : default=0 value=1
[07/11/25 10:17:11] crowsnest: Try to start configured Cams / Services...
[07/11/25 10:17:17] crowsnest: INFO: Configuration of Section [cam 1] looks good. Continue ...
[07/11/25 10:17:19] crowsnest: V4L2 Control: No parameters set for [cam 1]. Skipped.
[07/11/25 10:17:23] crowsnest: Starting ustreamer with Device /dev/video0 ...
[07/11/25 10:17:24] crowsnest:  ... Done!
[07/11/25 10:17:10] crowsnest: crowsnest - A webcam Service for multiple Cams and Stream Services.
[07/11/25 10:17:10] crowsnest: Version: v4.1.12-1-g9623b5f
[07/11/25 10:17:10] crowsnest: Prepare Startup ...
[07/11/25 10:17:10] crowsnest: INFO: Host information:
[07/11/25 10:17:10] crowsnest: Host Info: Distribution: Debian GNU/Linux 11 (bullseye)
[07/11/25 10:17:10] crowsnest: Host Info: Kernel: Linux 5.16.17-sun50iw9 aarch64
[07/11/25 10:17:10] crowsnest: Host Info: Available CPU Cores: 4
[07/11/25 10:17:10] crowsnest: Host Info: Available Memory: 1010632 kB
[07/11/25 10:17:10] crowsnest: Host Info: Diskspace (avail. / total): 22G / 29G
[07/11/25 10:17:10] crowsnest: INFO: Checking Dependencies
[07/11/25 10:17:11] crowsnest: Dependency: 'crudini' found in /usr/bin/crudini.
[07/11/25 10:17:11] crowsnest: Dependency: 'find' found in /usr/bin/find.
[07/11/25 10:17:11] crowsnest: Dependency: 'xargs' found in /usr/bin/xargs.
[07/11/25 10:17:11] crowsnest: Dependency: 'ustreamer' found in bin/ustreamer/src/ustreamer.bin.
[07/11/25 10:17:11] crowsnest: Version Control: ustreamer is up to date. (v6.31)
[07/11/25 10:17:11] crowsnest: INFO: Print Configfile: '/home/biqu/printer_data/config/crowsnest.conf'
[07/11/25 10:17:11] crowsnest:		[crowsnest]
[07/11/25 10:17:11] crowsnest:		log_path: ~/printer_data/logs/crowsnest.log
[07/11/25 10:17:11] crowsnest:		log_level: verbose
[07/11/25 10:17:11] crowsnest:		delete_log: false
[07/11/25 10:17:11] crowsnest:		no_proxy: false
[07/11/25 10:17:11] crowsnest:		
[07/11/25 10:17:11] crowsnest:		[cam 1]
[07/11/25 10:17:11] crowsnest:		mode: ustreamer
[07/11/25 10:17:11] crowsnest:		
[07/11/25 10:17:11] crowsnest:		enable_rtsp: false
[07/11/25 10:17:11] crowsnest:		rtsp_port: 8554
[07/11/25 10:17:11] crowsnest:		port: 8080
[07/11/25 10:17:11] crowsnest:		device: /dev/video0
[07/11/25 10:17:11] crowsnest:		resolution: 1280x720
[07/11/25 10:17:11] crowsnest:		max_fps: 30
[07/11/25 10:17:11] crowsnest: INFO: Detect available Devices
[07/11/25 10:17:11] crowsnest: INFO: Found 1 total available Device(s)
[07/11/25 10:17:11] crowsnest: INFO: Found 1 available v4l2 (UVC) camera(s)
[07/11/25 10:17:11] crowsnest: /dev/v4l/by-id/usb-HHW_microelectronics_Co.__Ltd._MGS1-video-index0 -> /dev/video0
[07/11/25 10:17:11] crowsnest: Supported Formats:
[07/11/25 10:17:11] crowsnest:		[0]: 'MJPG' (Motion-JPEG, compressed)
[07/11/25 10:17:11] crowsnest:		Size: Discrete 1280x720
[07/11/25 10:17:11] crowsnest:		Interval: Discrete 0.033s (30.000 fps)
[07/11/25 10:17:11] crowsnest:		Interval: Discrete 0.040s (25.000 fps)
[07/11/25 10:17:11] crowsnest:		Interval: Discrete 0.050s (20.000 fps)
[07/11/25 10:17:11] crowsnest:		Interval: Discrete 0.067s (15.000 fps)
[07/11/25 10:17:11] crowsnest:		Interval: Discrete 0.100s (10.000 fps)
[07/11/25 10:17:11] crowsnest:		Interval: Discrete 0.200s (5.000 fps)
[07/11/25 10:17:11] crowsnest:		Size: Discrete 800x480
[07/11/25 10:17:11] crowsnest:		Interval: Discrete 0.033s (30.000 fps)
[07/11/25 10:17:11] crowsnest:		Interval: Discrete 0.040s (25.000 fps)
[07/11/25 10:17:11] crowsnest:		Interval: Discrete 0.050s (20.000 fps)
[07/11/25 10:17:11] crowsnest:		Interval: Discrete 0.067s (15.000 fps)
[07/11/25 10:17:11] crowsnest:		Interval: Discrete 0.100s (10.000 fps)
[07/11/25 10:17:11] crowsnest:		Interval: Discrete 0.200s (5.000 fps)
[07/11/25 10:17:11] crowsnest:		Size: Discrete 672x456
[07/11/25 10:17:11] crowsnest:		Interval: Discrete 0.033s (30.000 fps)
[07/11/25 10:17:11] crowsnest:		Interval: Discrete 0.040s (25.000 fps)
[07/11/25 10:17:11] crowsnest:		Interval: Discrete 0.050s (20.000 fps)
[07/11/25 10:17:11] crowsnest:		Interval: Discrete 0.067s (15.000 fps)
[07/11/25 10:17:11] crowsnest:		Interval: Discrete 0.100s (10.000 fps)
[07/11/25 10:17:11] crowsnest:		Interval: Discrete 0.200s (5.000 fps)
[07/11/25 10:17:11] crowsnest:		Size: Discrete 640x480
[07/11/25 10:17:11] crowsnest:		Interval: Discrete 0.033s (30.000 fps)
[07/11/25 10:17:11] crowsnest:		Interval: Discrete 0.040s (25.000 fps)
[07/11/25 10:17:11] crowsnest:		Interval: Discrete 0.050s (20.000 fps)
[07/11/25 10:17:11] crowsnest:		Interval: Discrete 0.067s (15.000 fps)
[07/11/25 10:17:11] crowsnest:		Interval: Discrete 0.100s (10.000 fps)
[07/11/25 10:17:11] crowsnest:		Interval: Discrete 0.200s (5.000 fps)
[07/11/25 10:17:11] crowsnest:		Size: Discrete 320x240
[07/11/25 10:17:11] crowsnest:		Interval: Discrete 0.033s (30.000 fps)
[07/11/25 10:17:11] crowsnest:		Interval: Discrete 0.040s (25.000 fps)
[07/11/25 10:17:11] crowsnest:		Interval: Discrete 0.050s (20.000 fps)
[07/11/25 10:17:11] crowsnest:		Interval: Discrete 0.067s (15.000 fps)
[07/11/25 10:17:11] crowsnest:		Interval: Discrete 0.100s (10.000 fps)
[07/11/25 10:17:11] crowsnest:		Interval: Discrete 0.200s (5.000 fps)
[07/11/25 10:17:11] crowsnest:		[1]: 'YUYV' (YUYV 4:2:2)
[07/11/25 10:17:11] crowsnest:		Size: Discrete 1280x720
[07/11/25 10:17:11] crowsnest:		Interval: Discrete 0.100s (10.000 fps)
[07/11/25 10:17:11] crowsnest:		Size: Discrete 800x480
[07/11/25 10:17:11] crowsnest:		Interval: Discrete 0.040s (25.000 fps)
[07/11/25 10:17:11] crowsnest:		Size: Discrete 672x456
[07/11/25 10:17:11] crowsnest:		Interval: Discrete 0.033s (30.000 fps)
[07/11/25 10:17:11] crowsnest:		Size: Discrete 640x480
[07/11/25 10:17:11] crowsnest:		Interval: Discrete 0.033s (30.000 fps)
[07/11/25 10:17:11] crowsnest:		Size: Discrete 320x240
[07/11/25 10:17:11] crowsnest:		Interval: Discrete 0.033s (30.000 fps)
[07/11/25 10:17:11] crowsnest: Supported Controls:
[07/11/25 10:17:11] crowsnest:		
[07/11/25 10:17:11] crowsnest:		User Controls
[07/11/25 10:17:11] crowsnest:		
[07/11/25 10:17:11] crowsnest:		brightness 0x00980900 (int)    : min=-64 max=64 step=1 default=0 value=0
[07/11/25 10:17:11] crowsnest:		contrast 0x00980901 (int)    : min=0 max=64 step=1 default=32 value=32
[07/11/25 10:17:11] crowsnest:		saturation 0x00980902 (int)    : min=0 max=128 step=1 default=64 value=64
[07/11/25 10:17:11] crowsnest:		hue 0x00980903 (int)    : min=-40 max=40 step=1 default=0 value=0
[07/11/25 10:17:11] crowsnest:		white_balance_automatic 0x0098090c (bool)   : default=1 value=1
[07/11/25 10:17:11] crowsnest:		gamma 0x00980910 (int)    : min=72 max=500 step=1 default=100 value=100
[07/11/25 10:17:11] crowsnest:		gain 0x00980913 (int)    : min=0 max=100 step=1 default=0 value=0
[07/11/25 10:17:11] crowsnest:		power_line_frequency 0x00980918 (menu)   : min=0 max=2 default=2 value=2
[07/11/25 10:17:11] crowsnest:		0: Disabled
[07/11/25 10:17:11] crowsnest:		1: 50 Hz
[07/11/25 10:17:11] crowsnest:		2: 60 Hz
[07/11/25 10:17:11] crowsnest:		white_balance_temperature 0x0098091a (int)    : min=2800 max=6500 step=1 default=4600 value=4600 flags=inactive
[07/11/25 10:17:11] crowsnest:		sharpness 0x0098091b (int)    : min=0 max=6 step=1 default=3 value=3
[07/11/25 10:17:11] crowsnest:		backlight_compensation 0x0098091c (int)    : min=0 max=2 step=1 default=1 value=1
[07/11/25 10:17:11] crowsnest:		
[07/11/25 10:17:11] crowsnest:		Camera Controls
[07/11/25 10:17:11] crowsnest:		
[07/11/25 10:17:11] crowsnest:		auto_exposure 0x009a0901 (menu)   : min=0 max=3 default=3 value=3
[07/11/25 10:17:11] crowsnest:		1: Manual Mode
[07/11/25 10:17:11] crowsnest:		3: Aperture Priority Mode
[07/11/25 10:17:11] crowsnest:		exposure_time_absolute 0x009a0902 (int)    : min=1 max=5000 step=1 default=156 value=156 flags=inactive
[07/11/25 10:17:11] crowsnest:		exposure_dynamic_framerate 0x009a0903 (bool)   : default=0 value=1
[07/11/25 10:17:11] crowsnest: Try to start configured Cams / Services...
[07/11/25 10:17:16] crowsnest: INFO: Configuration of Section [cam 1] looks good. Continue ...
[07/11/25 10:17:18] crowsnest: V4L2 Control: No parameters set for [cam 1]. Skipped.
[07/11/25 10:17:22] crowsnest: Starting ustreamer with Device /dev/video0 ...
[07/11/25 10:17:23] crowsnest:  ... Done!
[07/11/25 10:17:10] crowsnest: crowsnest - A webcam Service for multiple Cams and Stream Services.
[07/11/25 10:17:10] crowsnest: Version: v4.1.12-1-g9623b5f
[07/11/25 10:17:10] crowsnest: Prepare Startup ...
[07/11/25 10:17:10] crowsnest: INFO: Host information:
[07/11/25 10:17:10] crowsnest: Host Info: Distribution: Debian GNU/Linux 11 (bullseye)
[07/11/25 10:17:10] crowsnest: Host Info: Kernel: Linux 5.16.17-sun50iw9 aarch64
[07/11/25 10:17:10] crowsnest: Host Info: Available CPU Cores: 4
[07/11/25 10:17:10] crowsnest: Host Info: Available Memory: 1010632 kB
[07/11/25 10:17:10] crowsnest: Host Info: Diskspace (avail. / total): 22G / 29G
[07/11/25 10:17:10] crowsnest: INFO: Checking Dependencies
[07/11/25 10:17:11] crowsnest: Dependency: 'crudini' found in /usr/bin/crudini.
[07/11/25 10:17:11] crowsnest: Dependency: 'find' found in /usr/bin/find.
[07/11/25 10:17:11] crowsnest: Dependency: 'xargs' found in /usr/bin/xargs.
[07/11/25 10:17:11] crowsnest: Dependency: 'ustreamer' found in bin/ustreamer/src/ustreamer.bin.
[07/11/25 10:17:11] crowsnest: Version Control: ustreamer is up to date. (v6.31)
[07/11/25 10:17:11] crowsnest: INFO: Print Configfile: '/home/biqu/printer_data/config/crowsnest.conf'
[07/11/25 10:17:11] crowsnest:		[crowsnest]
[07/11/25 10:17:11] crowsnest:		log_path: ~/printer_data/logs/crowsnest.log
[07/11/25 10:17:11] crowsnest:		log_level: verbose
[07/11/25 10:17:11] crowsnest:		delete_log: false
[07/11/25 10:17:11] crowsnest:		no_proxy: false
[07/11/25 10:17:11] crowsnest:		
[07/11/25 10:17:11] crowsnest:		[cam 1]
[07/11/25 10:17:11] crowsnest:		mode: ustreamer
[07/11/25 10:17:11] crowsnest:		
[07/11/25 10:17:11] crowsnest:		enable_rtsp: false
[07/11/25 10:17:11] crowsnest:		rtsp_port: 8554
[07/11/25 10:17:11] crowsnest:		port: 8080
[07/11/25 10:17:11] crowsnest:		device: /dev/video0
[07/11/25 10:17:11] crowsnest:		resolution: 1280x720
[07/11/25 10:17:11] crowsnest:		max_fps: 30
[07/11/25 10:17:11] crowsnest: INFO: Detect available Devices
[07/11/25 10:17:11] crowsnest: INFO: Found 1 total available Device(s)
[07/11/25 10:17:11] crowsnest: INFO: Found 1 available v4l2 (UVC) camera(s)
[07/11/25 10:17:11] crowsnest: /dev/v4l/by-id/usb-HHW_microelectronics_Co.__Ltd._MGS1-video-index0 -> /dev/video0
[07/11/25 10:17:11] crowsnest: Supported Formats:
[07/11/25 10:17:11] crowsnest:		[0]: 'MJPG' (Motion-JPEG, compressed)
[07/11/25 10:17:11] crowsnest:		Size: Discrete 1280x720
[07/11/25 10:17:11] crowsnest:		Interval: Discrete 0.033s (30.000 fps)
[07/11/25 10:17:11] crowsnest:		Interval: Discrete 0.040s (25.000 fps)
[07/11/25 10:17:11] crowsnest:		Interval: Discrete 0.050s (20.000 fps)
[07/11/25 10:17:11] crowsnest:		Interval: Discrete 0.067s (15.000 fps)
[07/11/25 10:17:11] crowsnest:		Interval: Discrete 0.100s (10.000 fps)
[07/11/25 10:17:11] crowsnest:		Interval: Discrete 0.200s (5.000 fps)
[07/11/25 10:17:11] crowsnest:		Size: Discrete 800x480
[07/11/25 10:17:11] crowsnest:		Interval: Discrete 0.033s (30.000 fps)
[07/11/25 10:17:11] crowsnest:		Interval: Discrete 0.040s (25.000 fps)
[07/11/25 10:17:11] crowsnest:		Interval: Discrete 0.050s (20.000 fps)
[07/11/25 10:17:11] crowsnest:		Interval: Discrete 0.067s (15.000 fps)
[07/11/25 10:17:11] crowsnest:		Interval: Discrete 0.100s (10.000 fps)
[07/11/25 10:17:11] crowsnest:		Interval: Discrete 0.200s (5.000 fps)
[07/11/25 10:17:11] crowsnest:		Size: Discrete 672x456
[07/11/25 10:17:11] crowsnest:		Interval: Discrete 0.033s (30.000 fps)
[07/11/25 10:17:11] crowsnest:		Interval: Discrete 0.040s (25.000 fps)
[07/11/25 10:17:11] crowsnest:		Interval: Discrete 0.050s (20.000 fps)
[07/11/25 10:17:11] crowsnest:		Interval: Discrete 0.067s (15.000 fps)
[07/11/25 10:17:11] crowsnest:		Interval: Discrete 0.100s (10.000 fps)
[07/11/25 10:17:11] crowsnest:		Interval: Discrete 0.200s (5.000 fps)
[07/11/25 10:17:11] crowsnest:		Size: Discrete 640x480
[07/11/25 10:17:11] crowsnest:		Interval: Discrete 0.033s (30.000 fps)
[07/11/25 10:17:11] crowsnest:		Interval: Discrete 0.040s (25.000 fps)
[07/11/25 10:17:11] crowsnest:		Interval: Discrete 0.050s (20.000 fps)
[07/11/25 10:17:11] crowsnest:		Interval: Discrete 0.067s (15.000 fps)
[07/11/25 10:17:11] crowsnest:		Interval: Discrete 0.100s (10.000 fps)
[07/11/25 10:17:11] crowsnest:		Interval: Discrete 0.200s (5.000 fps)
[07/11/25 10:17:11] crowsnest:		Size: Discrete 320x240
[07/11/25 10:17:11] crowsnest:		Interval: Discrete 0.033s (30.000 fps)
[07/11/25 10:17:11] crowsnest:		Interval: Discrete 0.040s (25.000 fps)
[07/11/25 10:17:11] crowsnest:		Interval: Discrete 0.050s (20.000 fps)
[07/11/25 10:17:11] crowsnest:		Interval: Discrete 0.067s (15.000 fps)
[07/11/25 10:17:11] crowsnest:		Interval: Discrete 0.100s (10.000 fps)
[07/11/25 10:17:11] crowsnest:		Interval: Discrete 0.200s (5.000 fps)
[07/11/25 10:17:11] crowsnest:		[1]: 'YUYV' (YUYV 4:2:2)
[07/11/25 10:17:11] crowsnest:		Size: Discrete 1280x720
[07/11/25 10:17:11] crowsnest:		Interval: Discrete 0.100s (10.000 fps)
[07/11/25 10:17:11] crowsnest:		Size: Discrete 800x480
[07/11/25 10:17:11] crowsnest:		Interval: Discrete 0.040s (25.000 fps)
[07/11/25 10:17:11] crowsnest:		Size: Discrete 672x456
[07/11/25 10:17:11] crowsnest:		Interval: Discrete 0.033s (30.000 fps)
[07/11/25 10:17:11] crowsnest:		Size: Discrete 640x480
[07/11/25 10:17:11] crowsnest:		Interval: Discrete 0.033s (30.000 fps)
[07/11/25 10:17:11] crowsnest:		Size: Discrete 320x240
[07/11/25 10:17:11] crowsnest:		Interval: Discrete 0.033s (30.000 fps)
[07/11/25 10:17:11] crowsnest: Supported Controls:
[07/11/25 10:17:11] crowsnest:		
[07/11/25 10:17:11] crowsnest:		User Controls
[07/11/25 10:17:11] crowsnest:		
[07/11/25 10:17:11] crowsnest:		brightness 0x00980900 (int)    : min=-64 max=64 step=1 default=0 value=0
[07/11/25 10:17:11] crowsnest:		contrast 0x00980901 (int)    : min=0 max=64 step=1 default=32 value=32
[07/11/25 10:17:11] crowsnest:		saturation 0x00980902 (int)    : min=0 max=128 step=1 default=64 value=64
[07/11/25 10:17:11] crowsnest:		hue 0x00980903 (int)    : min=-40 max=40 step=1 default=0 value=0
[07/11/25 10:17:11] crowsnest:		white_balance_automatic 0x0098090c (bool)   : default=1 value=1
[07/11/25 10:17:11] crowsnest:		gamma 0x00980910 (int)    : min=72 max=500 step=1 default=100 value=100
[07/11/25 10:17:11] crowsnest:		gain 0x00980913 (int)    : min=0 max=100 step=1 default=0 value=0
[07/11/25 10:17:11] crowsnest:		power_line_frequency 0x00980918 (menu)   : min=0 max=2 default=2 value=2
[07/11/25 10:17:11] crowsnest:		0: Disabled
[07/11/25 10:17:11] crowsnest:		1: 50 Hz
[07/11/25 10:17:11] crowsnest:		2: 60 Hz
[07/11/25 10:17:11] crowsnest:		white_balance_temperature 0x0098091a (int)    : min=2800 max=6500 step=1 default=4600 value=4600 flags=inactive
[07/11/25 10:17:11] crowsnest:		sharpness 0x0098091b (int)    : min=0 max=6 step=1 default=3 value=3
[07/11/25 10:17:11] crowsnest:		backlight_compensation 0x0098091c (int)    : min=0 max=2 step=1 default=1 value=1
[07/11/25 10:17:11] crowsnest:		
[07/11/25 10:17:11] crowsnest:		Camera Controls
[07/11/25 10:17:11] crowsnest:		
[07/11/25 10:17:11] crowsnest:		auto_exposure 0x009a0901 (menu)   : min=0 max=3 default=3 value=3
[07/11/25 10:17:11] crowsnest:		1: Manual Mode
[07/11/25 10:17:11] crowsnest:		3: Aperture Priority Mode
[07/11/25 10:17:11] crowsnest:		exposure_time_absolute 0x009a0902 (int)    : min=1 max=5000 step=1 default=156 value=156 flags=inactive
[07/11/25 10:17:11] crowsnest:		exposure_dynamic_framerate 0x009a0903 (bool)   : default=0 value=1
[07/11/25 10:17:11] crowsnest: Try to start configured Cams / Services...
[07/11/25 10:17:17] crowsnest: INFO: Configuration of Section [cam 1] looks good. Continue ...
[07/11/25 10:17:18] crowsnest: V4L2 Control: No parameters set for [cam 1]. Skipped.
[07/11/25 10:17:22] crowsnest: Starting ustreamer with Device /dev/video0 ...
[07/11/25 10:17:24] crowsnest:  ... Done!
[07/11/25 10:17:10] crowsnest: crowsnest - A webcam Service for multiple Cams and Stream Services.
[07/11/25 10:17:10] crowsnest: Version: v4.1.12-1-g9623b5f
[07/11/25 10:17:10] crowsnest: Prepare Startup ...
[07/11/25 10:17:10] crowsnest: INFO: Host information:
[07/11/25 10:17:10] crowsnest: Host Info: Distribution: Debian GNU/Linux 11 (bullseye)
[07/11/25 10:17:10] crowsnest: Host Info: Kernel: Linux 5.16.17-sun50iw9 aarch64
[07/11/25 10:17:10] crowsnest: Host Info: Available CPU Cores: 4
[07/11/25 10:17:10] crowsnest: Host Info: Available Memory: 1010632 kB
[07/11/25 10:17:10] crowsnest: Host Info: Diskspace (avail. / total): 22G / 29G
[07/11/25 10:17:10] crowsnest: INFO: Checking Dependencies
[07/11/25 10:17:11] crowsnest: Dependency: 'crudini' found in /usr/bin/crudini.
[07/11/25 10:17:11] crowsnest: Dependency: 'find' found in /usr/bin/find.
[07/11/25 10:17:11] crowsnest: Dependency: 'xargs' found in /usr/bin/xargs.
[07/11/25 10:17:11] crowsnest: Dependency: 'ustreamer' found in bin/ustreamer/src/ustreamer.bin.
[07/11/25 10:17:11] crowsnest: Version Control: ustreamer is up to date. (v6.31)
[07/11/25 10:17:11] crowsnest: INFO: Print Configfile: '/home/biqu/printer_data/config/crowsnest.conf'
[07/11/25 10:17:11] crowsnest:		[crowsnest]
[07/11/25 10:17:11] crowsnest:		log_path: ~/printer_data/logs/crowsnest.log
[07/11/25 10:17:11] crowsnest:		log_level: verbose
[07/11/25 10:17:11] crowsnest:		delete_log: false
[07/11/25 10:17:11] crowsnest:		no_proxy: false
[07/11/25 10:17:11] crowsnest:		
[07/11/25 10:17:11] crowsnest:		[cam 1]
[07/11/25 10:17:11] crowsnest:		mode: ustreamer
[07/11/25 10:17:11] crowsnest:		
[07/11/25 10:17:11] crowsnest:		enable_rtsp: false
[07/11/25 10:17:11] crowsnest:		rtsp_port: 8554
[07/11/25 10:17:11] crowsnest:		port: 8080
[07/11/25 10:17:11] crowsnest:		device: /dev/video0
[07/11/25 10:17:11] crowsnest:		resolution: 1280x720
[07/11/25 10:17:11] crowsnest:		max_fps: 30
[07/11/25 10:17:11] crowsnest: INFO: Detect available Devices
[07/11/25 10:17:11] crowsnest: INFO: Found 1 total available Device(s)
[07/11/25 10:17:11] crowsnest: INFO: Found 1 available v4l2 (UVC) camera(s)
[07/11/25 10:17:11] crowsnest: /dev/v4l/by-id/usb-HHW_microelectronics_Co.__Ltd._MGS1-video-index0 -> /dev/video0
[07/11/25 10:17:11] crowsnest: Supported Formats:
[07/11/25 10:17:11] crowsnest:		[0]: 'MJPG' (Motion-JPEG, compressed)
[07/11/25 10:17:11] crowsnest:		Size: Discrete 1280x720
[07/11/25 10:17:11] crowsnest:		Interval: Discrete 0.033s (30.000 fps)
[07/11/25 10:17:11] crowsnest:		Interval: Discrete 0.040s (25.000 fps)
[07/11/25 10:17:11] crowsnest:		Interval: Discrete 0.050s (20.000 fps)
[07/11/25 10:17:11] crowsnest:		Interval: Discrete 0.067s (15.000 fps)
[07/11/25 10:17:11] crowsnest:		Interval: Discrete 0.100s (10.000 fps)
[07/11/25 10:17:11] crowsnest:		Interval: Discrete 0.200s (5.000 fps)
[07/11/25 10:17:11] crowsnest:		Size: Discrete 800x480
[07/11/25 10:17:11] crowsnest:		Interval: Discrete 0.033s (30.000 fps)
[07/11/25 10:17:11] crowsnest:		Interval: Discrete 0.040s (25.000 fps)
[07/11/25 10:17:11] crowsnest:		Interval: Discrete 0.050s (20.000 fps)
[07/11/25 10:17:11] crowsnest:		Interval: Discrete 0.067s (15.000 fps)
[07/11/25 10:17:11] crowsnest:		Interval: Discrete 0.100s (10.000 fps)
[07/11/25 10:17:11] crowsnest:		Interval: Discrete 0.200s (5.000 fps)
[07/11/25 10:17:11] crowsnest:		Size: Discrete 672x456
[07/11/25 10:17:11] crowsnest:		Interval: Discrete 0.033s (30.000 fps)
[07/11/25 10:17:11] crowsnest:		Interval: Discrete 0.040s (25.000 fps)
[07/11/25 10:17:11] crowsnest:		Interval: Discrete 0.050s (20.000 fps)
[07/11/25 10:17:11] crowsnest:		Interval: Discrete 0.067s (15.000 fps)
[07/11/25 10:17:11] crowsnest:		Interval: Discrete 0.100s (10.000 fps)
[07/11/25 10:17:11] crowsnest:		Interval: Discrete 0.200s (5.000 fps)
[07/11/25 10:17:11] crowsnest:		Size: Discrete 640x480
[07/11/25 10:17:11] crowsnest:		Interval: Discrete 0.033s (30.000 fps)
[07/11/25 10:17:11] crowsnest:		Interval: Discrete 0.040s (25.000 fps)
[07/11/25 10:17:11] crowsnest:		Interval: Discrete 0.050s (20.000 fps)
[07/11/25 10:17:11] crowsnest:		Interval: Discrete 0.067s (15.000 fps)
[07/11/25 10:17:11] crowsnest:		Interval: Discrete 0.100s (10.000 fps)
[07/11/25 10:17:11] crowsnest:		Interval: Discrete 0.200s (5.000 fps)
[07/11/25 10:17:11] crowsnest:		Size: Discrete 320x240
[07/11/25 10:17:11] crowsnest:		Interval: Discrete 0.033s (30.000 fps)
[07/11/25 10:17:11] crowsnest:		Interval: Discrete 0.040s (25.000 fps)
[07/11/25 10:17:11] crowsnest:		Interval: Discrete 0.050s (20.000 fps)
[07/11/25 10:17:11] crowsnest:		Interval: Discrete 0.067s (15.000 fps)
[07/11/25 10:17:11] crowsnest:		Interval: Discrete 0.100s (10.000 fps)
[07/11/25 10:17:11] crowsnest:		Interval: Discrete 0.200s (5.000 fps)
[07/11/25 10:17:11] crowsnest:		[1]: 'YUYV' (YUYV 4:2:2)
[07/11/25 10:17:11] crowsnest:		Size: Discrete 1280x720
[07/11/25 10:17:11] crowsnest:		Interval: Discrete 0.100s (10.000 fps)
[07/11/25 10:17:11] crowsnest:		Size: Discrete 800x480
[07/11/25 10:17:11] crowsnest:		Interval: Discrete 0.040s (25.000 fps)
[07/11/25 10:17:11] crowsnest:		Size: Discrete 672x456
[07/11/25 10:17:11] crowsnest:		Interval: Discrete 0.033s (30.000 fps)
[07/11/25 10:17:11] crowsnest:		Size: Discrete 640x480
[07/11/25 10:17:11] crowsnest:		Interval: Discrete 0.033s (30.000 fps)
[07/11/25 10:17:11] crowsnest:		Size: Discrete 320x240
[07/11/25 10:17:11] crowsnest:		Interval: Discrete 0.033s (30.000 fps)
[07/11/25 10:17:11] crowsnest: Supported Controls:
[07/11/25 10:17:11] crowsnest:		
[07/11/25 10:17:11] crowsnest:		User Controls
[07/11/25 10:17:11] crowsnest:		
[07/11/25 10:17:11] crowsnest:		brightness 0x00980900 (int)    : min=-64 max=64 step=1 default=0 value=0
[07/11/25 10:17:11] crowsnest:		contrast 0x00980901 (int)    : min=0 max=64 step=1 default=32 value=32
[07/11/25 10:17:11] crowsnest:		saturation 0x00980902 (int)    : min=0 max=128 step=1 default=64 value=64
[07/11/25 10:17:11] crowsnest:		hue 0x00980903 (int)    : min=-40 max=40 step=1 default=0 value=0
[07/11/25 10:17:11] crowsnest:		white_balance_automatic 0x0098090c (bool)   : default=1 value=1
[07/11/25 10:17:11] crowsnest:		gamma 0x00980910 (int)    : min=72 max=500 step=1 default=100 value=100
[07/11/25 10:17:11] crowsnest:		gain 0x00980913 (int)    : min=0 max=100 step=1 default=0 value=0
[07/11/25 10:17:11] crowsnest:		power_line_frequency 0x00980918 (menu)   : min=0 max=2 default=2 value=2
[07/11/25 10:17:11] crowsnest:		0: Disabled
[07/11/25 10:17:11] crowsnest:		1: 50 Hz
[07/11/25 10:17:11] crowsnest:		2: 60 Hz
[07/11/25 10:17:11] crowsnest:		white_balance_temperature 0x0098091a (int)    : min=2800 max=6500 step=1 default=4600 value=4600 flags=inactive
[07/11/25 10:17:11] crowsnest:		sharpness 0x0098091b (int)    : min=0 max=6 step=1 default=3 value=3
[07/11/25 10:17:11] crowsnest:		backlight_compensation 0x0098091c (int)    : min=0 max=2 step=1 default=1 value=1
[07/11/25 10:17:11] crowsnest:		
[07/11/25 10:17:11] crowsnest:		Camera Controls
[07/11/25 10:17:11] crowsnest:		
[07/11/25 10:17:11] crowsnest:		auto_exposure 0x009a0901 (menu)   : min=0 max=3 default=3 value=3
[07/11/25 10:17:11] crowsnest:		1: Manual Mode
[07/11/25 10:17:11] crowsnest:		3: Aperture Priority Mode
[07/11/25 10:17:11] crowsnest:		exposure_time_absolute 0x009a0902 (int)    : min=1 max=5000 step=1 default=156 value=156 flags=inactive
[07/11/25 10:17:11] crowsnest:		exposure_dynamic_framerate 0x009a0903 (bool)   : default=0 value=1
[07/11/25 10:17:11] crowsnest: Try to start configured Cams / Services...
[07/11/25 10:17:16] crowsnest: INFO: Configuration of Section [cam 1] looks good. Continue ...
[07/11/25 10:17:18] crowsnest: V4L2 Control: No parameters set for [cam 1]. Skipped.
[07/11/25 10:17:22] crowsnest: Starting ustreamer with Device /dev/video0 ...
[07/11/25 10:17:23] crowsnest:  ... Done!
[07/11/25 20:20:50] crowsnest: Shutdown or Killed by User!
[07/11/25 20:20:50] crowsnest: Please come again :)
[07/11/25 20:20:50] crowsnest: Goodbye...
[07/11/25 20:21:01] crowsnest: crowsnest - A webcam Service for multiple Cams and Stream Services.
[07/11/25 20:21:01] crowsnest: Version: v4.1.12-1-g9623b5f
[07/11/25 20:21:01] crowsnest: Prepare Startup ...
[07/11/25 20:21:01] crowsnest: INFO: Host information:
[07/11/25 20:21:01] crowsnest: Host Info: Distribution: Debian GNU/Linux 11 (bullseye)
[07/11/25 20:21:01] crowsnest: Host Info: Kernel: Linux 5.16.17-sun50iw9 aarch64
[07/11/25 20:21:01] crowsnest: Host Info: Available CPU Cores: 4
[07/11/25 20:21:01] crowsnest: Host Info: Available Memory: 1010632 kB
[07/11/25 20:21:01] crowsnest: Host Info: Diskspace (avail. / total): 22G / 29G
[07/11/25 20:21:01] crowsnest: INFO: Checking Dependencies
[07/11/25 20:21:02] crowsnest: Dependency: 'crudini' found in /usr/bin/crudini.
[07/11/25 20:21:02] crowsnest: Dependency: 'find' found in /usr/bin/find.
[07/11/25 20:21:02] crowsnest: Dependency: 'xargs' found in /usr/bin/xargs.
[07/11/25 20:21:02] crowsnest: Dependency: 'ustreamer' found in bin/ustreamer/src/ustreamer.bin.
[07/11/25 20:21:02] crowsnest: Version Control: ustreamer is up to date. (v6.31)
[07/11/25 20:21:02] crowsnest: INFO: Print Configfile: '/home/biqu/printer_data/config/crowsnest.conf'
[07/11/25 20:21:02] crowsnest:		[crowsnest]
[07/11/25 20:21:02] crowsnest:		log_path: ~/printer_data/logs/crowsnest.log
[07/11/25 20:21:02] crowsnest:		log_level: verbose
[07/11/25 20:21:02] crowsnest:		delete_log: false
[07/11/25 20:21:02] crowsnest:		no_proxy: false
[07/11/25 20:21:02] crowsnest:		
[07/11/25 20:21:02] crowsnest:		[cam 1]
[07/11/25 20:21:02] crowsnest:		mode: ustreamer
[07/11/25 20:21:02] crowsnest:		
[07/11/25 20:21:02] crowsnest:		enable_rtsp: false
[07/11/25 20:21:02] crowsnest:		rtsp_port: 8554
[07/11/25 20:21:02] crowsnest:		port: 8080
[07/11/25 20:21:02] crowsnest:		device: /dev/video0
[07/11/25 20:21:02] crowsnest:		resolution: 1280x720
[07/11/25 20:21:02] crowsnest:		max_fps: 30
[07/11/25 20:21:02] crowsnest: INFO: Detect available Devices
[07/11/25 20:21:02] crowsnest: INFO: Found 1 total available Device(s)
[07/11/25 20:21:02] crowsnest: INFO: Found 1 available v4l2 (UVC) camera(s)
[07/11/25 20:21:02] crowsnest: /dev/v4l/by-id/usb-HHW_microelectronics_Co.__Ltd._MGS1-video-index0 -> /dev/video0
[07/11/25 20:21:02] crowsnest: Supported Formats:
[07/11/25 20:21:02] crowsnest:		[0]: 'MJPG' (Motion-JPEG, compressed)
[07/11/25 20:21:02] crowsnest:		Size: Discrete 1280x720
[07/11/25 20:21:02] crowsnest:		Interval: Discrete 0.033s (30.000 fps)
[07/11/25 20:21:02] crowsnest:		Interval: Discrete 0.040s (25.000 fps)
[07/11/25 20:21:02] crowsnest:		Interval: Discrete 0.050s (20.000 fps)
[07/11/25 20:21:02] crowsnest:		Interval: Discrete 0.067s (15.000 fps)
[07/11/25 20:21:02] crowsnest:		Interval: Discrete 0.100s (10.000 fps)
[07/11/25 20:21:02] crowsnest:		Interval: Discrete 0.200s (5.000 fps)
[07/11/25 20:21:02] crowsnest:		Size: Discrete 800x480
[07/11/25 20:21:02] crowsnest:		Interval: Discrete 0.033s (30.000 fps)
[07/11/25 20:21:02] crowsnest:		Interval: Discrete 0.040s (25.000 fps)
[07/11/25 20:21:02] crowsnest:		Interval: Discrete 0.050s (20.000 fps)
[07/11/25 20:21:02] crowsnest:		Interval: Discrete 0.067s (15.000 fps)
[07/11/25 20:21:02] crowsnest:		Interval: Discrete 0.100s (10.000 fps)
[07/11/25 20:21:02] crowsnest:		Interval: Discrete 0.200s (5.000 fps)
[07/11/25 20:21:02] crowsnest:		Size: Discrete 672x456
[07/11/25 20:21:02] crowsnest:		Interval: Discrete 0.033s (30.000 fps)
[07/11/25 20:21:02] crowsnest:		Interval: Discrete 0.040s (25.000 fps)
[07/11/25 20:21:02] crowsnest:		Interval: Discrete 0.050s (20.000 fps)
[07/11/25 20:21:02] crowsnest:		Interval: Discrete 0.067s (15.000 fps)
[07/11/25 20:21:02] crowsnest:		Interval: Discrete 0.100s (10.000 fps)
[07/11/25 20:21:02] crowsnest:		Interval: Discrete 0.200s (5.000 fps)
[07/11/25 20:21:02] crowsnest:		Size: Discrete 640x480
[07/11/25 20:21:02] crowsnest:		Interval: Discrete 0.033s (30.000 fps)
[07/11/25 20:21:02] crowsnest:		Interval: Discrete 0.040s (25.000 fps)
[07/11/25 20:21:02] crowsnest:		Interval: Discrete 0.050s (20.000 fps)
[07/11/25 20:21:02] crowsnest:		Interval: Discrete 0.067s (15.000 fps)
[07/11/25 20:21:02] crowsnest:		Interval: Discrete 0.100s (10.000 fps)
[07/11/25 20:21:02] crowsnest:		Interval: Discrete 0.200s (5.000 fps)
[07/11/25 20:21:02] crowsnest:		Size: Discrete 320x240
[07/11/25 20:21:02] crowsnest:		Interval: Discrete 0.033s (30.000 fps)
[07/11/25 20:21:02] crowsnest:		Interval: Discrete 0.040s (25.000 fps)
[07/11/25 20:21:02] crowsnest:		Interval: Discrete 0.050s (20.000 fps)
[07/11/25 20:21:02] crowsnest:		Interval: Discrete 0.067s (15.000 fps)
[07/11/25 20:21:02] crowsnest:		Interval: Discrete 0.100s (10.000 fps)
[07/11/25 20:21:02] crowsnest:		Interval: Discrete 0.200s (5.000 fps)
[07/11/25 20:21:02] crowsnest:		[1]: 'YUYV' (YUYV 4:2:2)
[07/11/25 20:21:02] crowsnest:		Size: Discrete 1280x720
[07/11/25 20:21:02] crowsnest:		Interval: Discrete 0.100s (10.000 fps)
[07/11/25 20:21:02] crowsnest:		Size: Discrete 800x480
[07/11/25 20:21:02] crowsnest:		Interval: Discrete 0.040s (25.000 fps)
[07/11/25 20:21:02] crowsnest:		Size: Discrete 672x456
[07/11/25 20:21:02] crowsnest:		Interval: Discrete 0.033s (30.000 fps)
[07/11/25 20:21:02] crowsnest:		Size: Discrete 640x480
[07/11/25 20:21:02] crowsnest:		Interval: Discrete 0.033s (30.000 fps)
[07/11/25 20:21:02] crowsnest:		Size: Discrete 320x240
[07/11/25 20:21:02] crowsnest:		Interval: Discrete 0.033s (30.000 fps)
[07/11/25 20:21:02] crowsnest: Supported Controls:
[07/11/25 20:21:02] crowsnest:		
[07/11/25 20:21:02] crowsnest:		User Controls
[07/11/25 20:21:02] crowsnest:		
[07/11/25 20:21:02] crowsnest:		brightness 0x00980900 (int)    : min=-64 max=64 step=1 default=0 value=0
[07/11/25 20:21:02] crowsnest:		contrast 0x00980901 (int)    : min=0 max=64 step=1 default=32 value=32
[07/11/25 20:21:02] crowsnest:		saturation 0x00980902 (int)    : min=0 max=128 step=1 default=64 value=64
[07/11/25 20:21:02] crowsnest:		hue 0x00980903 (int)    : min=-40 max=40 step=1 default=0 value=0
[07/11/25 20:21:02] crowsnest:		white_balance_automatic 0x0098090c (bool)   : default=1 value=1
[07/11/25 20:21:02] crowsnest:		gamma 0x00980910 (int)    : min=72 max=500 step=1 default=100 value=100
[07/11/25 20:21:02] crowsnest:		gain 0x00980913 (int)    : min=0 max=100 step=1 default=0 value=0
[07/11/25 20:21:02] crowsnest:		power_line_frequency 0x00980918 (menu)   : min=0 max=2 default=2 value=2
[07/11/25 20:21:02] crowsnest:		0: Disabled
[07/11/25 20:21:02] crowsnest:		1: 50 Hz
[07/11/25 20:21:02] crowsnest:		2: 60 Hz
[07/11/25 20:21:02] crowsnest:		white_balance_temperature 0x0098091a (int)    : min=2800 max=6500 step=1 default=4600 value=4600 flags=inactive
[07/11/25 20:21:02] crowsnest:		sharpness 0x0098091b (int)    : min=0 max=6 step=1 default=3 value=3
[07/11/25 20:21:02] crowsnest:		backlight_compensation 0x0098091c (int)    : min=0 max=2 step=1 default=1 value=1
[07/11/25 20:21:02] crowsnest:		
[07/11/25 20:21:02] crowsnest:		Camera Controls
[07/11/25 20:21:02] crowsnest:		
[07/11/25 20:21:02] crowsnest:		auto_exposure 0x009a0901 (menu)   : min=0 max=3 default=3 value=3
[07/11/25 20:21:02] crowsnest:		1: Manual Mode
[07/11/25 20:21:02] crowsnest:		3: Aperture Priority Mode
[07/11/25 20:21:02] crowsnest:		exposure_time_absolute 0x009a0902 (int)    : min=1 max=5000 step=1 default=156 value=156 flags=inactive
[07/11/25 20:21:02] crowsnest:		exposure_dynamic_framerate 0x009a0903 (bool)   : default=0 value=1
[07/11/25 20:21:02] crowsnest: Try to start configured Cams / Services...
[07/11/25 20:21:08] crowsnest: INFO: Configuration of Section [cam 1] looks good. Continue ...
[07/11/25 20:21:10] crowsnest: V4L2 Control: No parameters set for [cam 1]. Skipped.
[07/11/25 20:21:14] crowsnest: Starting ustreamer with Device /dev/video0 ...
[07/11/25 20:21:15] crowsnest:  ... Done!
[07/11/25 21:17:10] crowsnest: crowsnest - A webcam Service for multiple Cams and Stream Services.
[07/11/25 21:17:10] crowsnest: Version: v4.1.12-1-g9623b5f
[07/11/25 21:17:10] crowsnest: Prepare Startup ...
[07/11/25 21:17:10] crowsnest: INFO: Host information:
[07/11/25 21:17:10] crowsnest: Host Info: Distribution: Debian GNU/Linux 11 (bullseye)
[07/11/25 21:17:10] crowsnest: Host Info: Kernel: Linux 5.16.17-sun50iw9 aarch64
[07/11/25 21:17:10] crowsnest: Host Info: Available CPU Cores: 4
[07/11/25 21:17:11] crowsnest: Host Info: Available Memory: 1010632 kB
[07/11/25 21:17:11] crowsnest: Host Info: Diskspace (avail. / total): 21G / 29G
[07/11/25 21:17:11] crowsnest: INFO: Checking Dependencies
[07/11/25 21:17:11] crowsnest: Dependency: 'crudini' found in /usr/bin/crudini.
[07/11/25 21:17:11] crowsnest: Dependency: 'find' found in /usr/bin/find.
[07/11/25 21:17:11] crowsnest: Dependency: 'xargs' found in /usr/bin/xargs.
[07/11/25 21:17:11] crowsnest: Dependency: 'ustreamer' found in bin/ustreamer/src/ustreamer.bin.
[07/11/25 21:17:11] crowsnest: Version Control: ustreamer is up to date. (v6.31)
[07/11/25 21:17:11] crowsnest: INFO: Print Configfile: '/home/biqu/printer_data/config/crowsnest.conf'
[07/11/25 21:17:11] crowsnest:		[crowsnest]
[07/11/25 21:17:11] crowsnest:		log_path: ~/printer_data/logs/crowsnest.log
[07/11/25 21:17:11] crowsnest:		log_level: verbose
[07/11/25 21:17:11] crowsnest:		delete_log: false
[07/11/25 21:17:11] crowsnest:		no_proxy: false
[07/11/25 21:17:11] crowsnest:		
[07/11/25 21:17:11] crowsnest:		[cam 1]
[07/11/25 21:17:11] crowsnest:		mode: ustreamer
[07/11/25 21:17:11] crowsnest:		
[07/11/25 21:17:11] crowsnest:		enable_rtsp: false
[07/11/25 21:17:11] crowsnest:		rtsp_port: 8554
[07/11/25 21:17:11] crowsnest:		port: 8080
[07/11/25 21:17:11] crowsnest:		device: /dev/video0
[07/11/25 21:17:11] crowsnest:		resolution: 1280x720
[07/11/25 21:17:11] crowsnest:		max_fps: 30
[07/11/25 21:17:11] crowsnest: INFO: Detect available Devices
[07/11/25 21:17:11] crowsnest: INFO: Found 1 total available Device(s)
[07/11/25 21:17:11] crowsnest: INFO: Found 1 available v4l2 (UVC) camera(s)
[07/11/25 21:17:11] crowsnest: /dev/v4l/by-id/usb-HHW_microelectronics_Co.__Ltd._MGS1-video-index0 -> /dev/video0
[07/11/25 21:17:11] crowsnest: Supported Formats:
[07/11/25 21:17:11] crowsnest:		[0]: 'MJPG' (Motion-JPEG, compressed)
[07/11/25 21:17:11] crowsnest:		Size: Discrete 1280x720
[07/11/25 21:17:11] crowsnest:		Interval: Discrete 0.033s (30.000 fps)
[07/11/25 21:17:11] crowsnest:		Interval: Discrete 0.040s (25.000 fps)
[07/11/25 21:17:11] crowsnest:		Interval: Discrete 0.050s (20.000 fps)
[07/11/25 21:17:11] crowsnest:		Interval: Discrete 0.067s (15.000 fps)
[07/11/25 21:17:11] crowsnest:		Interval: Discrete 0.100s (10.000 fps)
[07/11/25 21:17:11] crowsnest:		Interval: Discrete 0.200s (5.000 fps)
[07/11/25 21:17:11] crowsnest:		Size: Discrete 800x480
[07/11/25 21:17:11] crowsnest:		Interval: Discrete 0.033s (30.000 fps)
[07/11/25 21:17:11] crowsnest:		Interval: Discrete 0.040s (25.000 fps)
[07/11/25 21:17:11] crowsnest:		Interval: Discrete 0.050s (20.000 fps)
[07/11/25 21:17:11] crowsnest:		Interval: Discrete 0.067s (15.000 fps)
[07/11/25 21:17:11] crowsnest:		Interval: Discrete 0.100s (10.000 fps)
[07/11/25 21:17:11] crowsnest:		Interval: Discrete 0.200s (5.000 fps)
[07/11/25 21:17:11] crowsnest:		Size: Discrete 672x456
[07/11/25 21:17:11] crowsnest:		Interval: Discrete 0.033s (30.000 fps)
[07/11/25 21:17:11] crowsnest:		Interval: Discrete 0.040s (25.000 fps)
[07/11/25 21:17:11] crowsnest:		Interval: Discrete 0.050s (20.000 fps)
[07/11/25 21:17:11] crowsnest:		Interval: Discrete 0.067s (15.000 fps)
[07/11/25 21:17:11] crowsnest:		Interval: Discrete 0.100s (10.000 fps)
[07/11/25 21:17:11] crowsnest:		Interval: Discrete 0.200s (5.000 fps)
[07/11/25 21:17:11] crowsnest:		Size: Discrete 640x480
[07/11/25 21:17:11] crowsnest:		Interval: Discrete 0.033s (30.000 fps)
[07/11/25 21:17:11] crowsnest:		Interval: Discrete 0.040s (25.000 fps)
[07/11/25 21:17:11] crowsnest:		Interval: Discrete 0.050s (20.000 fps)
[07/11/25 21:17:11] crowsnest:		Interval: Discrete 0.067s (15.000 fps)
[07/11/25 21:17:11] crowsnest:		Interval: Discrete 0.100s (10.000 fps)
[07/11/25 21:17:11] crowsnest:		Interval: Discrete 0.200s (5.000 fps)
[07/11/25 21:17:11] crowsnest:		Size: Discrete 320x240
[07/11/25 21:17:11] crowsnest:		Interval: Discrete 0.033s (30.000 fps)
[07/11/25 21:17:11] crowsnest:		Interval: Discrete 0.040s (25.000 fps)
[07/11/25 21:17:11] crowsnest:		Interval: Discrete 0.050s (20.000 fps)
[07/11/25 21:17:11] crowsnest:		Interval: Discrete 0.067s (15.000 fps)
[07/11/25 21:17:11] crowsnest:		Interval: Discrete 0.100s (10.000 fps)
[07/11/25 21:17:11] crowsnest:		Interval: Discrete 0.200s (5.000 fps)
[07/11/25 21:17:11] crowsnest:		[1]: 'YUYV' (YUYV 4:2:2)
[07/11/25 21:17:11] crowsnest:		Size: Discrete 1280x720
[07/11/25 21:17:11] crowsnest:		Interval: Discrete 0.100s (10.000 fps)
[07/11/25 21:17:11] crowsnest:		Size: Discrete 800x480
[07/11/25 21:17:11] crowsnest:		Interval: Discrete 0.040s (25.000 fps)
[07/11/25 21:17:11] crowsnest:		Size: Discrete 672x456
[07/11/25 21:17:11] crowsnest:		Interval: Discrete 0.033s (30.000 fps)
[07/11/25 21:17:11] crowsnest:		Size: Discrete 640x480
[07/11/25 21:17:11] crowsnest:		Interval: Discrete 0.033s (30.000 fps)
[07/11/25 21:17:11] crowsnest:		Size: Discrete 320x240
[07/11/25 21:17:11] crowsnest:		Interval: Discrete 0.033s (30.000 fps)
[07/11/25 21:17:11] crowsnest: Supported Controls:
[07/11/25 21:17:11] crowsnest:		
[07/11/25 21:17:11] crowsnest:		User Controls
[07/11/25 21:17:11] crowsnest:		
[07/11/25 21:17:11] crowsnest:		brightness 0x00980900 (int)    : min=-64 max=64 step=1 default=0 value=0
[07/11/25 21:17:11] crowsnest:		contrast 0x00980901 (int)    : min=0 max=64 step=1 default=32 value=32
[07/11/25 21:17:11] crowsnest:		saturation 0x00980902 (int)    : min=0 max=128 step=1 default=64 value=64
[07/11/25 21:17:11] crowsnest:		hue 0x00980903 (int)    : min=-40 max=40 step=1 default=0 value=0
[07/11/25 21:17:11] crowsnest:		white_balance_automatic 0x0098090c (bool)   : default=1 value=1
[07/11/25 21:17:11] crowsnest:		gamma 0x00980910 (int)    : min=72 max=500 step=1 default=100 value=100
[07/11/25 21:17:11] crowsnest:		gain 0x00980913 (int)    : min=0 max=100 step=1 default=0 value=0
[07/11/25 21:17:11] crowsnest:		power_line_frequency 0x00980918 (menu)   : min=0 max=2 default=2 value=2
[07/11/25 21:17:11] crowsnest:		0: Disabled
[07/11/25 21:17:11] crowsnest:		1: 50 Hz
[07/11/25 21:17:11] crowsnest:		2: 60 Hz
[07/11/25 21:17:11] crowsnest:		white_balance_temperature 0x0098091a (int)    : min=2800 max=6500 step=1 default=4600 value=4600 flags=inactive
[07/11/25 21:17:11] crowsnest:		sharpness 0x0098091b (int)    : min=0 max=6 step=1 default=3 value=3
[07/11/25 21:17:11] crowsnest:		backlight_compensation 0x0098091c (int)    : min=0 max=2 step=1 default=1 value=1
[07/11/25 21:17:11] crowsnest:		
[07/11/25 21:17:11] crowsnest:		Camera Controls
[07/11/25 21:17:11] crowsnest:		
[07/11/25 21:17:11] crowsnest:		auto_exposure 0x009a0901 (menu)   : min=0 max=3 default=3 value=3
[07/11/25 21:17:11] crowsnest:		1: Manual Mode
[07/11/25 21:17:11] crowsnest:		3: Aperture Priority Mode
[07/11/25 21:17:11] crowsnest:		exposure_time_absolute 0x009a0902 (int)    : min=1 max=5000 step=1 default=156 value=156 flags=inactive
[07/11/25 21:17:11] crowsnest:		exposure_dynamic_framerate 0x009a0903 (bool)   : default=0 value=1
[07/11/25 21:17:11] crowsnest: Try to start configured Cams / Services...
[07/11/25 21:17:17] crowsnest: INFO: Configuration of Section [cam 1] looks good. Continue ...
[07/11/25 21:17:19] crowsnest: V4L2 Control: No parameters set for [cam 1]. Skipped.
[07/11/25 21:17:23] crowsnest: Starting ustreamer with Device /dev/video0 ...
[07/11/25 21:17:24] crowsnest:  ... Done!
[07/12/25 08:53:48] crowsnest: crowsnest - A webcam Service for multiple Cams and Stream Services.
[07/12/25 08:53:48] crowsnest: Version: v4.1.12-1-g9623b5f
[07/12/25 08:53:48] crowsnest: Prepare Startup ...
[07/12/25 08:53:48] crowsnest: INFO: Host information:
[07/12/25 08:53:48] crowsnest: Host Info: Distribution: Debian GNU/Linux 11 (bullseye)
[07/12/25 08:53:48] crowsnest: Host Info: Kernel: Linux 5.16.17-sun50iw9 aarch64
[07/12/25 08:53:48] crowsnest: Host Info: Available CPU Cores: 4
[07/12/25 08:53:48] crowsnest: Host Info: Available Memory: 1010632 kB
[07/12/25 08:53:48] crowsnest: Host Info: Diskspace (avail. / total): 21G / 29G
[07/12/25 08:53:48] crowsnest: INFO: Checking Dependencies
[07/12/25 08:53:49] crowsnest: Dependency: 'crudini' found in /usr/bin/crudini.
[07/12/25 08:53:49] crowsnest: Dependency: 'find' found in /usr/bin/find.
[07/12/25 08:53:49] crowsnest: Dependency: 'xargs' found in /usr/bin/xargs.
[07/12/25 08:53:49] crowsnest: Dependency: 'ustreamer' found in bin/ustreamer/src/ustreamer.bin.
[07/12/25 08:53:49] crowsnest: Version Control: ustreamer is up to date. (v6.31)
[07/12/25 08:53:49] crowsnest: INFO: Print Configfile: '/home/biqu/printer_data/config/crowsnest.conf'
[07/12/25 08:53:49] crowsnest:		[crowsnest]
[07/12/25 08:53:49] crowsnest:		log_path: ~/printer_data/logs/crowsnest.log
[07/12/25 08:53:49] crowsnest:		log_level: verbose
[07/12/25 08:53:49] crowsnest:		delete_log: false
[07/12/25 08:53:49] crowsnest:		no_proxy: false
[07/12/25 08:53:49] crowsnest:		
[07/12/25 08:53:49] crowsnest:		[cam 1]
[07/12/25 08:53:49] crowsnest:		mode: ustreamer
[07/12/25 08:53:49] crowsnest:		
[07/12/25 08:53:49] crowsnest:		enable_rtsp: false
[07/12/25 08:53:49] crowsnest:		rtsp_port: 8554
[07/12/25 08:53:49] crowsnest:		port: 8080
[07/12/25 08:53:49] crowsnest:		device: /dev/video0
[07/12/25 08:53:49] crowsnest:		resolution: 1280x720
[07/12/25 08:53:49] crowsnest:		max_fps: 30
[07/12/25 08:53:49] crowsnest: INFO: Detect available Devices
[07/12/25 08:53:49] crowsnest: INFO: Found 1 total available Device(s)
[07/12/25 08:53:49] crowsnest: INFO: Found 1 available v4l2 (UVC) camera(s)
[07/12/25 08:53:49] crowsnest: /dev/v4l/by-id/usb-HHW_microelectronics_Co.__Ltd._MGS1-video-index0 -> /dev/video0
[07/12/25 08:53:49] crowsnest: Supported Formats:
[07/12/25 08:53:49] crowsnest:		[0]: 'MJPG' (Motion-JPEG, compressed)
[07/12/25 08:53:49] crowsnest:		Size: Discrete 1280x720
[07/12/25 08:53:49] crowsnest:		Interval: Discrete 0.033s (30.000 fps)
[07/12/25 08:53:49] crowsnest:		Interval: Discrete 0.040s (25.000 fps)
[07/12/25 08:53:49] crowsnest:		Interval: Discrete 0.050s (20.000 fps)
[07/12/25 08:53:49] crowsnest:		Interval: Discrete 0.067s (15.000 fps)
[07/12/25 08:53:49] crowsnest:		Interval: Discrete 0.100s (10.000 fps)
[07/12/25 08:53:49] crowsnest:		Interval: Discrete 0.200s (5.000 fps)
[07/12/25 08:53:49] crowsnest:		Size: Discrete 800x480
[07/12/25 08:53:49] crowsnest:		Interval: Discrete 0.033s (30.000 fps)
[07/12/25 08:53:49] crowsnest:		Interval: Discrete 0.040s (25.000 fps)
[07/12/25 08:53:49] crowsnest:		Interval: Discrete 0.050s (20.000 fps)
[07/12/25 08:53:49] crowsnest:		Interval: Discrete 0.067s (15.000 fps)
[07/12/25 08:53:49] crowsnest:		Interval: Discrete 0.100s (10.000 fps)
[07/12/25 08:53:49] crowsnest:		Interval: Discrete 0.200s (5.000 fps)
[07/12/25 08:53:49] crowsnest:		Size: Discrete 672x456
[07/12/25 08:53:49] crowsnest:		Interval: Discrete 0.033s (30.000 fps)
[07/12/25 08:53:49] crowsnest:		Interval: Discrete 0.040s (25.000 fps)
[07/12/25 08:53:49] crowsnest:		Interval: Discrete 0.050s (20.000 fps)
[07/12/25 08:53:49] crowsnest:		Interval: Discrete 0.067s (15.000 fps)
[07/12/25 08:53:49] crowsnest:		Interval: Discrete 0.100s (10.000 fps)
[07/12/25 08:53:49] crowsnest:		Interval: Discrete 0.200s (5.000 fps)
[07/12/25 08:53:49] crowsnest:		Size: Discrete 640x480
[07/12/25 08:53:49] crowsnest:		Interval: Discrete 0.033s (30.000 fps)
[07/12/25 08:53:49] crowsnest:		Interval: Discrete 0.040s (25.000 fps)
[07/12/25 08:53:49] crowsnest:		Interval: Discrete 0.050s (20.000 fps)
[07/12/25 08:53:49] crowsnest:		Interval: Discrete 0.067s (15.000 fps)
[07/12/25 08:53:49] crowsnest:		Interval: Discrete 0.100s (10.000 fps)
[07/12/25 08:53:49] crowsnest:		Interval: Discrete 0.200s (5.000 fps)
[07/12/25 08:53:49] crowsnest:		Size: Discrete 320x240
[07/12/25 08:53:49] crowsnest:		Interval: Discrete 0.033s (30.000 fps)
[07/12/25 08:53:49] crowsnest:		Interval: Discrete 0.040s (25.000 fps)
[07/12/25 08:53:49] crowsnest:		Interval: Discrete 0.050s (20.000 fps)
[07/12/25 08:53:49] crowsnest:		Interval: Discrete 0.067s (15.000 fps)
[07/12/25 08:53:49] crowsnest:		Interval: Discrete 0.100s (10.000 fps)
[07/12/25 08:53:49] crowsnest:		Interval: Discrete 0.200s (5.000 fps)
[07/12/25 08:53:49] crowsnest:		[1]: 'YUYV' (YUYV 4:2:2)
[07/12/25 08:53:49] crowsnest:		Size: Discrete 1280x720
[07/12/25 08:53:49] crowsnest:		Interval: Discrete 0.100s (10.000 fps)
[07/12/25 08:53:49] crowsnest:		Size: Discrete 800x480
[07/12/25 08:53:49] crowsnest:		Interval: Discrete 0.040s (25.000 fps)
[07/12/25 08:53:49] crowsnest:		Size: Discrete 672x456
[07/12/25 08:53:49] crowsnest:		Interval: Discrete 0.033s (30.000 fps)
[07/12/25 08:53:49] crowsnest:		Size: Discrete 640x480
[07/12/25 08:53:49] crowsnest:		Interval: Discrete 0.033s (30.000 fps)
[07/12/25 08:53:49] crowsnest:		Size: Discrete 320x240
[07/12/25 08:53:49] crowsnest:		Interval: Discrete 0.033s (30.000 fps)
[07/12/25 08:53:49] crowsnest: Supported Controls:
[07/12/25 08:53:49] crowsnest:		
[07/12/25 08:53:49] crowsnest:		User Controls
[07/12/25 08:53:49] crowsnest:		
[07/12/25 08:53:49] crowsnest:		brightness 0x00980900 (int)    : min=-64 max=64 step=1 default=0 value=0
[07/12/25 08:53:49] crowsnest:		contrast 0x00980901 (int)    : min=0 max=64 step=1 default=32 value=32
[07/12/25 08:53:49] crowsnest:		saturation 0x00980902 (int)    : min=0 max=128 step=1 default=64 value=64
[07/12/25 08:53:49] crowsnest:		hue 0x00980903 (int)    : min=-40 max=40 step=1 default=0 value=0
[07/12/25 08:53:49] crowsnest:		white_balance_automatic 0x0098090c (bool)   : default=1 value=1
[07/12/25 08:53:49] crowsnest:		gamma 0x00980910 (int)    : min=72 max=500 step=1 default=100 value=100
[07/12/25 08:53:49] crowsnest:		gain 0x00980913 (int)    : min=0 max=100 step=1 default=0 value=0
[07/12/25 08:53:49] crowsnest:		power_line_frequency 0x00980918 (menu)   : min=0 max=2 default=2 value=2
[07/12/25 08:53:49] crowsnest:		0: Disabled
[07/12/25 08:53:49] crowsnest:		1: 50 Hz
[07/12/25 08:53:49] crowsnest:		2: 60 Hz
[07/12/25 08:53:49] crowsnest:		white_balance_temperature 0x0098091a (int)    : min=2800 max=6500 step=1 default=4600 value=4600 flags=inactive
[07/12/25 08:53:49] crowsnest:		sharpness 0x0098091b (int)    : min=0 max=6 step=1 default=3 value=3
[07/12/25 08:53:49] crowsnest:		backlight_compensation 0x0098091c (int)    : min=0 max=2 step=1 default=1 value=1
[07/12/25 08:53:49] crowsnest:		
[07/12/25 08:53:49] crowsnest:		Camera Controls
[07/12/25 08:53:49] crowsnest:		
[07/12/25 08:53:49] crowsnest:		auto_exposure 0x009a0901 (menu)   : min=0 max=3 default=3 value=3
[07/12/25 08:53:49] crowsnest:		1: Manual Mode
[07/12/25 08:53:49] crowsnest:		3: Aperture Priority Mode
[07/12/25 08:53:49] crowsnest:		exposure_time_absolute 0x009a0902 (int)    : min=1 max=5000 step=1 default=156 value=156 flags=inactive
[07/12/25 08:53:49] crowsnest:		exposure_dynamic_framerate 0x009a0903 (bool)   : default=0 value=1
[07/12/25 08:53:49] crowsnest: Try to start configured Cams / Services...
[07/12/25 08:53:54] crowsnest: INFO: Configuration of Section [cam 1] looks good. Continue ...
[07/12/25 08:53:56] crowsnest: V4L2 Control: No parameters set for [cam 1]. Skipped.
[07/12/25 08:54:01] crowsnest: Starting ustreamer with Device /dev/video0 ...
[07/12/25 08:54:01] crowsnest:  ... Done!
[07/12/25 08:53:48] crowsnest: crowsnest - A webcam Service for multiple Cams and Stream Services.
[07/12/25 08:53:48] crowsnest: Version: v4.1.12-1-g9623b5f
[07/12/25 08:53:48] crowsnest: Prepare Startup ...
[07/12/25 08:53:48] crowsnest: INFO: Host information:
[07/12/25 08:53:48] crowsnest: Host Info: Distribution: Debian GNU/Linux 11 (bullseye)
[07/12/25 08:53:48] crowsnest: Host Info: Kernel: Linux 5.16.17-sun50iw9 aarch64
[07/12/25 08:53:48] crowsnest: Host Info: Available CPU Cores: 4
[07/12/25 08:53:48] crowsnest: Host Info: Available Memory: 1010632 kB
[07/12/25 08:53:48] crowsnest: Host Info: Diskspace (avail. / total): 21G / 29G
[07/12/25 08:53:48] crowsnest: INFO: Checking Dependencies
[07/12/25 08:53:49] crowsnest: Dependency: 'crudini' found in /usr/bin/crudini.
[07/12/25 08:53:49] crowsnest: Dependency: 'find' found in /usr/bin/find.
[07/12/25 08:53:49] crowsnest: Dependency: 'xargs' found in /usr/bin/xargs.
[07/12/25 08:53:49] crowsnest: Dependency: 'ustreamer' found in bin/ustreamer/src/ustreamer.bin.
[07/12/25 08:53:49] crowsnest: Version Control: ustreamer is up to date. (v6.31)
[07/12/25 08:53:49] crowsnest: INFO: Print Configfile: '/home/biqu/printer_data/config/crowsnest.conf'
[07/12/25 08:53:49] crowsnest:		[crowsnest]
[07/12/25 08:53:49] crowsnest:		log_path: ~/printer_data/logs/crowsnest.log
[07/12/25 08:53:49] crowsnest:		log_level: verbose
[07/12/25 08:53:49] crowsnest:		delete_log: false
[07/12/25 08:53:49] crowsnest:		no_proxy: false
[07/12/25 08:53:49] crowsnest:		
[07/12/25 08:53:49] crowsnest:		[cam 1]
[07/12/25 08:53:49] crowsnest:		mode: ustreamer
[07/12/25 08:53:49] crowsnest:		
[07/12/25 08:53:49] crowsnest:		enable_rtsp: false
[07/12/25 08:53:49] crowsnest:		rtsp_port: 8554
[07/12/25 08:53:49] crowsnest:		port: 8080
[07/12/25 08:53:49] crowsnest:		device: /dev/video0
[07/12/25 08:53:49] crowsnest:		resolution: 1280x720
[07/12/25 08:53:49] crowsnest:		max_fps: 30
[07/12/25 08:53:49] crowsnest: INFO: Detect available Devices
[07/12/25 08:53:49] crowsnest: INFO: Found 1 total available Device(s)
[07/12/25 08:53:49] crowsnest: INFO: Found 1 available v4l2 (UVC) camera(s)
[07/12/25 08:53:49] crowsnest: /dev/v4l/by-id/usb-HHW_microelectronics_Co.__Ltd._MGS1-video-index0 -> /dev/video0
[07/12/25 08:53:49] crowsnest: Supported Formats:
[07/12/25 08:53:49] crowsnest:		[0]: 'MJPG' (Motion-JPEG, compressed)
[07/12/25 08:53:49] crowsnest:		Size: Discrete 1280x720
[07/12/25 08:53:49] crowsnest:		Interval: Discrete 0.033s (30.000 fps)
[07/12/25 08:53:49] crowsnest:		Interval: Discrete 0.040s (25.000 fps)
[07/12/25 08:53:49] crowsnest:		Interval: Discrete 0.050s (20.000 fps)
[07/12/25 08:53:49] crowsnest:		Interval: Discrete 0.067s (15.000 fps)
[07/12/25 08:53:49] crowsnest:		Interval: Discrete 0.100s (10.000 fps)
[07/12/25 08:53:49] crowsnest:		Interval: Discrete 0.200s (5.000 fps)
[07/12/25 08:53:49] crowsnest:		Size: Discrete 800x480
[07/12/25 08:53:49] crowsnest:		Interval: Discrete 0.033s (30.000 fps)
[07/12/25 08:53:49] crowsnest:		Interval: Discrete 0.040s (25.000 fps)
[07/12/25 08:53:49] crowsnest:		Interval: Discrete 0.050s (20.000 fps)
[07/12/25 08:53:49] crowsnest:		Interval: Discrete 0.067s (15.000 fps)
[07/12/25 08:53:49] crowsnest:		Interval: Discrete 0.100s (10.000 fps)
[07/12/25 08:53:49] crowsnest:		Interval: Discrete 0.200s (5.000 fps)
[07/12/25 08:53:49] crowsnest:		Size: Discrete 672x456
[07/12/25 08:53:49] crowsnest:		Interval: Discrete 0.033s (30.000 fps)
[07/12/25 08:53:49] crowsnest:		Interval: Discrete 0.040s (25.000 fps)
[07/12/25 08:53:49] crowsnest:		Interval: Discrete 0.050s (20.000 fps)
[07/12/25 08:53:49] crowsnest:		Interval: Discrete 0.067s (15.000 fps)
[07/12/25 08:53:49] crowsnest:		Interval: Discrete 0.100s (10.000 fps)
[07/12/25 08:53:49] crowsnest:		Interval: Discrete 0.200s (5.000 fps)
[07/12/25 08:53:49] crowsnest:		Size: Discrete 640x480
[07/12/25 08:53:49] crowsnest:		Interval: Discrete 0.033s (30.000 fps)
[07/12/25 08:53:49] crowsnest:		Interval: Discrete 0.040s (25.000 fps)
[07/12/25 08:53:49] crowsnest:		Interval: Discrete 0.050s (20.000 fps)
[07/12/25 08:53:49] crowsnest:		Interval: Discrete 0.067s (15.000 fps)
[07/12/25 08:53:49] crowsnest:		Interval: Discrete 0.100s (10.000 fps)
[07/12/25 08:53:49] crowsnest:		Interval: Discrete 0.200s (5.000 fps)
[07/12/25 08:53:49] crowsnest:		Size: Discrete 320x240
[07/12/25 08:53:49] crowsnest:		Interval: Discrete 0.033s (30.000 fps)
[07/12/25 08:53:49] crowsnest:		Interval: Discrete 0.040s (25.000 fps)
[07/12/25 08:53:49] crowsnest:		Interval: Discrete 0.050s (20.000 fps)
[07/12/25 08:53:49] crowsnest:		Interval: Discrete 0.067s (15.000 fps)
[07/12/25 08:53:49] crowsnest:		Interval: Discrete 0.100s (10.000 fps)
[07/12/25 08:53:49] crowsnest:		Interval: Discrete 0.200s (5.000 fps)
[07/12/25 08:53:49] crowsnest:		[1]: 'YUYV' (YUYV 4:2:2)
[07/12/25 08:53:49] crowsnest:		Size: Discrete 1280x720
[07/12/25 08:53:49] crowsnest:		Interval: Discrete 0.100s (10.000 fps)
[07/12/25 08:53:49] crowsnest:		Size: Discrete 800x480
[07/12/25 08:53:49] crowsnest:		Interval: Discrete 0.040s (25.000 fps)
[07/12/25 08:53:49] crowsnest:		Size: Discrete 672x456
[07/12/25 08:53:49] crowsnest:		Interval: Discrete 0.033s (30.000 fps)
[07/12/25 08:53:49] crowsnest:		Size: Discrete 640x480
[07/12/25 08:53:49] crowsnest:		Interval: Discrete 0.033s (30.000 fps)
[07/12/25 08:53:49] crowsnest:		Size: Discrete 320x240
[07/12/25 08:53:49] crowsnest:		Interval: Discrete 0.033s (30.000 fps)
[07/12/25 08:53:49] crowsnest: Supported Controls:
[07/12/25 08:53:49] crowsnest:		
[07/12/25 08:53:49] crowsnest:		User Controls
[07/12/25 08:53:49] crowsnest:		
[07/12/25 08:53:49] crowsnest:		brightness 0x00980900 (int)    : min=-64 max=64 step=1 default=0 value=0
[07/12/25 08:53:49] crowsnest:		contrast 0x00980901 (int)    : min=0 max=64 step=1 default=32 value=32
[07/12/25 08:53:49] crowsnest:		saturation 0x00980902 (int)    : min=0 max=128 step=1 default=64 value=64
[07/12/25 08:53:49] crowsnest:		hue 0x00980903 (int)    : min=-40 max=40 step=1 default=0 value=0
[07/12/25 08:53:49] crowsnest:		white_balance_automatic 0x0098090c (bool)   : default=1 value=1
[07/12/25 08:53:49] crowsnest:		gamma 0x00980910 (int)    : min=72 max=500 step=1 default=100 value=100
[07/12/25 08:53:49] crowsnest:		gain 0x00980913 (int)    : min=0 max=100 step=1 default=0 value=0
[07/12/25 08:53:49] crowsnest:		power_line_frequency 0x00980918 (menu)   : min=0 max=2 default=2 value=2
[07/12/25 08:53:49] crowsnest:		0: Disabled
[07/12/25 08:53:49] crowsnest:		1: 50 Hz
[07/12/25 08:53:49] crowsnest:		2: 60 Hz
[07/12/25 08:53:49] crowsnest:		white_balance_temperature 0x0098091a (int)    : min=2800 max=6500 step=1 default=4600 value=4600 flags=inactive
[07/12/25 08:53:49] crowsnest:		sharpness 0x0098091b (int)    : min=0 max=6 step=1 default=3 value=3
[07/12/25 08:53:49] crowsnest:		backlight_compensation 0x0098091c (int)    : min=0 max=2 step=1 default=1 value=1
[07/12/25 08:53:49] crowsnest:		
[07/12/25 08:53:49] crowsnest:		Camera Controls
[07/12/25 08:53:49] crowsnest:		
[07/12/25 08:53:49] crowsnest:		auto_exposure 0x009a0901 (menu)   : min=0 max=3 default=3 value=3
[07/12/25 08:53:49] crowsnest:		1: Manual Mode
[07/12/25 08:53:49] crowsnest:		3: Aperture Priority Mode
[07/12/25 08:53:49] crowsnest:		exposure_time_absolute 0x009a0902 (int)    : min=1 max=5000 step=1 default=156 value=156 flags=inactive
[07/12/25 08:53:49] crowsnest:		exposure_dynamic_framerate 0x009a0903 (bool)   : default=0 value=1
[07/12/25 08:53:49] crowsnest: Try to start configured Cams / Services...
[07/12/25 08:53:54] crowsnest: INFO: Configuration of Section [cam 1] looks good. Continue ...
[07/12/25 08:53:56] crowsnest: V4L2 Control: No parameters set for [cam 1]. Skipped.
[07/12/25 08:54:00] crowsnest: Starting ustreamer with Device /dev/video0 ...
[07/12/25 08:54:01] crowsnest:  ... Done!
[07/15/25 08:17:10] crowsnest: crowsnest - A webcam Service for multiple Cams and Stream Services.
[07/15/25 08:17:10] crowsnest: Version: v4.1.12-1-g9623b5f
[07/15/25 08:17:10] crowsnest: Prepare Startup ...
[07/15/25 08:17:10] crowsnest: INFO: Host information:
[07/15/25 08:17:10] crowsnest: Host Info: Distribution: Debian GNU/Linux 11 (bullseye)
[07/15/25 08:17:10] crowsnest: Host Info: Kernel: Linux 5.16.17-sun50iw9 aarch64
[07/15/25 08:17:10] crowsnest: Host Info: Available CPU Cores: 4
[07/15/25 08:17:10] crowsnest: Host Info: Available Memory: 1010632 kB
[07/15/25 08:17:10] crowsnest: Host Info: Diskspace (avail. / total): 21G / 29G
[07/15/25 08:17:10] crowsnest: INFO: Checking Dependencies
[07/15/25 08:17:11] crowsnest: Dependency: 'crudini' found in /usr/bin/crudini.
[07/15/25 08:17:11] crowsnest: Dependency: 'find' found in /usr/bin/find.
[07/15/25 08:17:11] crowsnest: Dependency: 'xargs' found in /usr/bin/xargs.
[07/15/25 08:17:11] crowsnest: Dependency: 'ustreamer' found in bin/ustreamer/src/ustreamer.bin.
[07/15/25 08:17:11] crowsnest: Version Control: ustreamer is up to date. (v6.31)
[07/15/25 08:17:11] crowsnest: INFO: Print Configfile: '/home/biqu/printer_data/config/crowsnest.conf'
[07/15/25 08:17:11] crowsnest:		[crowsnest]
[07/15/25 08:17:11] crowsnest:		log_path: ~/printer_data/logs/crowsnest.log
[07/15/25 08:17:11] crowsnest:		log_level: verbose
[07/15/25 08:17:11] crowsnest:		delete_log: false
[07/15/25 08:17:11] crowsnest:		no_proxy: false
[07/15/25 08:17:11] crowsnest:		
[07/15/25 08:17:11] crowsnest:		[cam 1]
[07/15/25 08:17:11] crowsnest:		mode: ustreamer
[07/15/25 08:17:11] crowsnest:		
[07/15/25 08:17:11] crowsnest:		enable_rtsp: false
[07/15/25 08:17:11] crowsnest:		rtsp_port: 8554
[07/15/25 08:17:11] crowsnest:		port: 8080
[07/15/25 08:17:11] crowsnest:		device: /dev/video0
[07/15/25 08:17:11] crowsnest:		resolution: 1280x720
[07/15/25 08:17:11] crowsnest:		max_fps: 30
[07/15/25 08:17:11] crowsnest: INFO: Detect available Devices
[07/15/25 08:17:11] crowsnest: INFO: Found 1 total available Device(s)
[07/15/25 08:17:11] crowsnest: INFO: Found 1 available v4l2 (UVC) camera(s)
[07/15/25 08:17:11] crowsnest: /dev/v4l/by-id/usb-HHW_microelectronics_Co.__Ltd._MGS1-video-index0 -> /dev/video0
[07/15/25 08:17:11] crowsnest: Supported Formats:
[07/15/25 08:17:11] crowsnest:		[0]: 'MJPG' (Motion-JPEG, compressed)
[07/15/25 08:17:11] crowsnest:		Size: Discrete 1280x720
[07/15/25 08:17:11] crowsnest:		Interval: Discrete 0.033s (30.000 fps)
[07/15/25 08:17:11] crowsnest:		Interval: Discrete 0.040s (25.000 fps)
[07/15/25 08:17:11] crowsnest:		Interval: Discrete 0.050s (20.000 fps)
[07/15/25 08:17:11] crowsnest:		Interval: Discrete 0.067s (15.000 fps)
[07/15/25 08:17:11] crowsnest:		Interval: Discrete 0.100s (10.000 fps)
[07/15/25 08:17:11] crowsnest:		Interval: Discrete 0.200s (5.000 fps)
[07/15/25 08:17:11] crowsnest:		Size: Discrete 800x480
[07/15/25 08:17:11] crowsnest:		Interval: Discrete 0.033s (30.000 fps)
[07/15/25 08:17:11] crowsnest:		Interval: Discrete 0.040s (25.000 fps)
[07/15/25 08:17:11] crowsnest:		Interval: Discrete 0.050s (20.000 fps)
[07/15/25 08:17:11] crowsnest:		Interval: Discrete 0.067s (15.000 fps)
[07/15/25 08:17:11] crowsnest:		Interval: Discrete 0.100s (10.000 fps)
[07/15/25 08:17:11] crowsnest:		Interval: Discrete 0.200s (5.000 fps)
[07/15/25 08:17:11] crowsnest:		Size: Discrete 672x456
[07/15/25 08:17:11] crowsnest:		Interval: Discrete 0.033s (30.000 fps)
[07/15/25 08:17:11] crowsnest:		Interval: Discrete 0.040s (25.000 fps)
[07/15/25 08:17:11] crowsnest:		Interval: Discrete 0.050s (20.000 fps)
[07/15/25 08:17:11] crowsnest:		Interval: Discrete 0.067s (15.000 fps)
[07/15/25 08:17:11] crowsnest:		Interval: Discrete 0.100s (10.000 fps)
[07/15/25 08:17:11] crowsnest:		Interval: Discrete 0.200s (5.000 fps)
[07/15/25 08:17:11] crowsnest:		Size: Discrete 640x480
[07/15/25 08:17:11] crowsnest:		Interval: Discrete 0.033s (30.000 fps)
[07/15/25 08:17:11] crowsnest:		Interval: Discrete 0.040s (25.000 fps)
[07/15/25 08:17:11] crowsnest:		Interval: Discrete 0.050s (20.000 fps)
[07/15/25 08:17:11] crowsnest:		Interval: Discrete 0.067s (15.000 fps)
[07/15/25 08:17:11] crowsnest:		Interval: Discrete 0.100s (10.000 fps)
[07/15/25 08:17:11] crowsnest:		Interval: Discrete 0.200s (5.000 fps)
[07/15/25 08:17:11] crowsnest:		Size: Discrete 320x240
[07/15/25 08:17:11] crowsnest:		Interval: Discrete 0.033s (30.000 fps)
[07/15/25 08:17:11] crowsnest:		Interval: Discrete 0.040s (25.000 fps)
[07/15/25 08:17:11] crowsnest:		Interval: Discrete 0.050s (20.000 fps)
[07/15/25 08:17:11] crowsnest:		Interval: Discrete 0.067s (15.000 fps)
[07/15/25 08:17:11] crowsnest:		Interval: Discrete 0.100s (10.000 fps)
[07/15/25 08:17:11] crowsnest:		Interval: Discrete 0.200s (5.000 fps)
[07/15/25 08:17:11] crowsnest:		[1]: 'YUYV' (YUYV 4:2:2)
[07/15/25 08:17:11] crowsnest:		Size: Discrete 1280x720
[07/15/25 08:17:11] crowsnest:		Interval: Discrete 0.100s (10.000 fps)
[07/15/25 08:17:11] crowsnest:		Size: Discrete 800x480
[07/15/25 08:17:11] crowsnest:		Interval: Discrete 0.040s (25.000 fps)
[07/15/25 08:17:11] crowsnest:		Size: Discrete 672x456
[07/15/25 08:17:11] crowsnest:		Interval: Discrete 0.033s (30.000 fps)
[07/15/25 08:17:11] crowsnest:		Size: Discrete 640x480
[07/15/25 08:17:11] crowsnest:		Interval: Discrete 0.033s (30.000 fps)
[07/15/25 08:17:11] crowsnest:		Size: Discrete 320x240
[07/15/25 08:17:11] crowsnest:		Interval: Discrete 0.033s (30.000 fps)
[07/15/25 08:17:11] crowsnest: Supported Controls:
[07/15/25 08:17:11] crowsnest:		
[07/15/25 08:17:11] crowsnest:		User Controls
[07/15/25 08:17:11] crowsnest:		
[07/15/25 08:17:11] crowsnest:		brightness 0x00980900 (int)    : min=-64 max=64 step=1 default=0 value=0
[07/15/25 08:17:11] crowsnest:		contrast 0x00980901 (int)    : min=0 max=64 step=1 default=32 value=32
[07/15/25 08:17:11] crowsnest:		saturation 0x00980902 (int)    : min=0 max=128 step=1 default=64 value=64
[07/15/25 08:17:11] crowsnest:		hue 0x00980903 (int)    : min=-40 max=40 step=1 default=0 value=0
[07/15/25 08:17:11] crowsnest:		white_balance_automatic 0x0098090c (bool)   : default=1 value=1
[07/15/25 08:17:11] crowsnest:		gamma 0x00980910 (int)    : min=72 max=500 step=1 default=100 value=100
[07/15/25 08:17:11] crowsnest:		gain 0x00980913 (int)    : min=0 max=100 step=1 default=0 value=0
[07/15/25 08:17:11] crowsnest:		power_line_frequency 0x00980918 (menu)   : min=0 max=2 default=2 value=2
[07/15/25 08:17:11] crowsnest:		0: Disabled
[07/15/25 08:17:11] crowsnest:		1: 50 Hz
[07/15/25 08:17:11] crowsnest:		2: 60 Hz
[07/15/25 08:17:11] crowsnest:		white_balance_temperature 0x0098091a (int)    : min=2800 max=6500 step=1 default=4600 value=4600 flags=inactive
[07/15/25 08:17:11] crowsnest:		sharpness 0x0098091b (int)    : min=0 max=6 step=1 default=3 value=3
[07/15/25 08:17:11] crowsnest:		backlight_compensation 0x0098091c (int)    : min=0 max=2 step=1 default=1 value=1
[07/15/25 08:17:11] crowsnest:		
[07/15/25 08:17:11] crowsnest:		Camera Controls
[07/15/25 08:17:11] crowsnest:		
[07/15/25 08:17:11] crowsnest:		auto_exposure 0x009a0901 (menu)   : min=0 max=3 default=3 value=3
[07/15/25 08:17:11] crowsnest:		1: Manual Mode
[07/15/25 08:17:11] crowsnest:		3: Aperture Priority Mode
[07/15/25 08:17:11] crowsnest:		exposure_time_absolute 0x009a0902 (int)    : min=1 max=5000 step=1 default=156 value=156 flags=inactive
[07/15/25 08:17:11] crowsnest:		exposure_dynamic_framerate 0x009a0903 (bool)   : default=0 value=1
[07/15/25 08:17:11] crowsnest: Try to start configured Cams / Services...
[07/15/25 08:17:17] crowsnest: INFO: Configuration of Section [cam 1] looks good. Continue ...
[07/15/25 08:17:19] crowsnest: V4L2 Control: No parameters set for [cam 1]. Skipped.
[07/15/25 08:17:23] crowsnest: Starting ustreamer with Device /dev/video0 ...
[07/15/25 08:17:24] crowsnest:  ... Done!
[07/15/25 08:17:10] crowsnest: crowsnest - A webcam Service for multiple Cams and Stream Services.
[07/15/25 08:17:10] crowsnest: Version: v4.1.12-1-g9623b5f
[07/15/25 08:17:10] crowsnest: Prepare Startup ...
[07/15/25 08:17:11] crowsnest: INFO: Host information:
[07/15/25 08:17:11] crowsnest: Host Info: Distribution: Debian GNU/Linux 11 (bullseye)
[07/15/25 08:17:11] crowsnest: Host Info: Kernel: Linux 5.16.17-sun50iw9 aarch64
[07/15/25 08:17:11] crowsnest: Host Info: Available CPU Cores: 4
[07/15/25 08:17:11] crowsnest: Host Info: Available Memory: 1010632 kB
[07/15/25 08:17:11] crowsnest: Host Info: Diskspace (avail. / total): 21G / 29G
[07/15/25 08:17:11] crowsnest: INFO: Checking Dependencies
[07/15/25 08:17:11] crowsnest: Dependency: 'crudini' found in /usr/bin/crudini.
[07/15/25 08:17:11] crowsnest: Dependency: 'find' found in /usr/bin/find.
[07/15/25 08:17:11] crowsnest: Dependency: 'xargs' found in /usr/bin/xargs.
[07/15/25 08:17:11] crowsnest: Dependency: 'ustreamer' found in bin/ustreamer/src/ustreamer.bin.
[07/15/25 08:17:11] crowsnest: Version Control: ustreamer is up to date. (v6.31)
[07/15/25 08:17:11] crowsnest: INFO: Print Configfile: '/home/biqu/printer_data/config/crowsnest.conf'
[07/15/25 08:17:11] crowsnest:		[crowsnest]
[07/15/25 08:17:11] crowsnest:		log_path: ~/printer_data/logs/crowsnest.log
[07/15/25 08:17:11] crowsnest:		log_level: verbose
[07/15/25 08:17:11] crowsnest:		delete_log: false
[07/15/25 08:17:11] crowsnest:		no_proxy: false
[07/15/25 08:17:11] crowsnest:		
[07/15/25 08:17:11] crowsnest:		[cam 1]
[07/15/25 08:17:11] crowsnest:		mode: ustreamer
[07/15/25 08:17:11] crowsnest:		
[07/15/25 08:17:11] crowsnest:		enable_rtsp: false
[07/15/25 08:17:11] crowsnest:		rtsp_port: 8554
[07/15/25 08:17:11] crowsnest:		port: 8080
[07/15/25 08:17:11] crowsnest:		device: /dev/video0
[07/15/25 08:17:11] crowsnest:		resolution: 1280x720
[07/15/25 08:17:11] crowsnest:		max_fps: 30
[07/15/25 08:17:11] crowsnest: INFO: Detect available Devices
[07/15/25 08:17:11] crowsnest: INFO: Found 1 total available Device(s)
[07/15/25 08:17:11] crowsnest: INFO: Found 1 available v4l2 (UVC) camera(s)
[07/15/25 08:17:11] crowsnest: /dev/v4l/by-id/usb-HHW_microelectronics_Co.__Ltd._MGS1-video-index0 -> /dev/video0
[07/15/25 08:17:11] crowsnest: Supported Formats:
[07/15/25 08:17:11] crowsnest:		[0]: 'MJPG' (Motion-JPEG, compressed)
[07/15/25 08:17:11] crowsnest:		Size: Discrete 1280x720
[07/15/25 08:17:11] crowsnest:		Interval: Discrete 0.033s (30.000 fps)
[07/15/25 08:17:11] crowsnest:		Interval: Discrete 0.040s (25.000 fps)
[07/15/25 08:17:11] crowsnest:		Interval: Discrete 0.050s (20.000 fps)
[07/15/25 08:17:11] crowsnest:		Interval: Discrete 0.067s (15.000 fps)
[07/15/25 08:17:11] crowsnest:		Interval: Discrete 0.100s (10.000 fps)
[07/15/25 08:17:11] crowsnest:		Interval: Discrete 0.200s (5.000 fps)
[07/15/25 08:17:11] crowsnest:		Size: Discrete 800x480
[07/15/25 08:17:11] crowsnest:		Interval: Discrete 0.033s (30.000 fps)
[07/15/25 08:17:11] crowsnest:		Interval: Discrete 0.040s (25.000 fps)
[07/15/25 08:17:11] crowsnest:		Interval: Discrete 0.050s (20.000 fps)
[07/15/25 08:17:11] crowsnest:		Interval: Discrete 0.067s (15.000 fps)
[07/15/25 08:17:11] crowsnest:		Interval: Discrete 0.100s (10.000 fps)
[07/15/25 08:17:11] crowsnest:		Interval: Discrete 0.200s (5.000 fps)
[07/15/25 08:17:11] crowsnest:		Size: Discrete 672x456
[07/15/25 08:17:11] crowsnest:		Interval: Discrete 0.033s (30.000 fps)
[07/15/25 08:17:11] crowsnest:		Interval: Discrete 0.040s (25.000 fps)
[07/15/25 08:17:11] crowsnest:		Interval: Discrete 0.050s (20.000 fps)
[07/15/25 08:17:11] crowsnest:		Interval: Discrete 0.067s (15.000 fps)
[07/15/25 08:17:11] crowsnest:		Interval: Discrete 0.100s (10.000 fps)
[07/15/25 08:17:11] crowsnest:		Interval: Discrete 0.200s (5.000 fps)
[07/15/25 08:17:11] crowsnest:		Size: Discrete 640x480
[07/15/25 08:17:11] crowsnest:		Interval: Discrete 0.033s (30.000 fps)
[07/15/25 08:17:11] crowsnest:		Interval: Discrete 0.040s (25.000 fps)
[07/15/25 08:17:11] crowsnest:		Interval: Discrete 0.050s (20.000 fps)
[07/15/25 08:17:11] crowsnest:		Interval: Discrete 0.067s (15.000 fps)
[07/15/25 08:17:11] crowsnest:		Interval: Discrete 0.100s (10.000 fps)
[07/15/25 08:17:11] crowsnest:		Interval: Discrete 0.200s (5.000 fps)
[07/15/25 08:17:11] crowsnest:		Size: Discrete 320x240
[07/15/25 08:17:11] crowsnest:		Interval: Discrete 0.033s (30.000 fps)
[07/15/25 08:17:11] crowsnest:		Interval: Discrete 0.040s (25.000 fps)
[07/15/25 08:17:11] crowsnest:		Interval: Discrete 0.050s (20.000 fps)
[07/15/25 08:17:11] crowsnest:		Interval: Discrete 0.067s (15.000 fps)
[07/15/25 08:17:11] crowsnest:		Interval: Discrete 0.100s (10.000 fps)
[07/15/25 08:17:11] crowsnest:		Interval: Discrete 0.200s (5.000 fps)
[07/15/25 08:17:11] crowsnest:		[1]: 'YUYV' (YUYV 4:2:2)
[07/15/25 08:17:11] crowsnest:		Size: Discrete 1280x720
[07/15/25 08:17:11] crowsnest:		Interval: Discrete 0.100s (10.000 fps)
[07/15/25 08:17:11] crowsnest:		Size: Discrete 800x480
[07/15/25 08:17:11] crowsnest:		Interval: Discrete 0.040s (25.000 fps)
[07/15/25 08:17:11] crowsnest:		Size: Discrete 672x456
[07/15/25 08:17:11] crowsnest:		Interval: Discrete 0.033s (30.000 fps)
[07/15/25 08:17:11] crowsnest:		Size: Discrete 640x480
[07/15/25 08:17:11] crowsnest:		Interval: Discrete 0.033s (30.000 fps)
[07/15/25 08:17:11] crowsnest:		Size: Discrete 320x240
[07/15/25 08:17:11] crowsnest:		Interval: Discrete 0.033s (30.000 fps)
[07/15/25 08:17:12] crowsnest: Supported Controls:
[07/15/25 08:17:12] crowsnest:		
[07/15/25 08:17:12] crowsnest:		User Controls
[07/15/25 08:17:12] crowsnest:		
[07/15/25 08:17:12] crowsnest:		brightness 0x00980900 (int)    : min=-64 max=64 step=1 default=0 value=0
[07/15/25 08:17:12] crowsnest:		contrast 0x00980901 (int)    : min=0 max=64 step=1 default=32 value=32
[07/15/25 08:17:12] crowsnest:		saturation 0x00980902 (int)    : min=0 max=128 step=1 default=64 value=64
[07/15/25 08:17:12] crowsnest:		hue 0x00980903 (int)    : min=-40 max=40 step=1 default=0 value=0
[07/15/25 08:17:12] crowsnest:		white_balance_automatic 0x0098090c (bool)   : default=1 value=1
[07/15/25 08:17:12] crowsnest:		gamma 0x00980910 (int)    : min=72 max=500 step=1 default=100 value=100
[07/15/25 08:17:12] crowsnest:		gain 0x00980913 (int)    : min=0 max=100 step=1 default=0 value=0
[07/15/25 08:17:12] crowsnest:		power_line_frequency 0x00980918 (menu)   : min=0 max=2 default=2 value=2
[07/15/25 08:17:12] crowsnest:		0: Disabled
[07/15/25 08:17:12] crowsnest:		1: 50 Hz
[07/15/25 08:17:12] crowsnest:		2: 60 Hz
[07/15/25 08:17:12] crowsnest:		white_balance_temperature 0x0098091a (int)    : min=2800 max=6500 step=1 default=4600 value=4600 flags=inactive
[07/15/25 08:17:12] crowsnest:		sharpness 0x0098091b (int)    : min=0 max=6 step=1 default=3 value=3
[07/15/25 08:17:12] crowsnest:		backlight_compensation 0x0098091c (int)    : min=0 max=2 step=1 default=1 value=1
[07/15/25 08:17:12] crowsnest:		
[07/15/25 08:17:12] crowsnest:		Camera Controls
[07/15/25 08:17:12] crowsnest:		
[07/15/25 08:17:12] crowsnest:		auto_exposure 0x009a0901 (menu)   : min=0 max=3 default=3 value=3
[07/15/25 08:17:12] crowsnest:		1: Manual Mode
[07/15/25 08:17:12] crowsnest:		3: Aperture Priority Mode
[07/15/25 08:17:12] crowsnest:		exposure_time_absolute 0x009a0902 (int)    : min=1 max=5000 step=1 default=156 value=156 flags=inactive
[07/15/25 08:17:12] crowsnest:		exposure_dynamic_framerate 0x009a0903 (bool)   : default=0 value=1
[07/15/25 08:17:12] crowsnest: Try to start configured Cams / Services...
[07/15/25 08:17:16] crowsnest: INFO: Configuration of Section [cam 1] looks good. Continue ...
[07/15/25 08:17:18] crowsnest: V4L2 Control: No parameters set for [cam 1]. Skipped.
[07/15/25 08:17:22] crowsnest: Starting ustreamer with Device /dev/video0 ...
[07/15/25 08:17:23] crowsnest:  ... Done!
[07/15/25 08:17:10] crowsnest: crowsnest - A webcam Service for multiple Cams and Stream Services.
[07/15/25 08:17:10] crowsnest: Version: v4.1.12-1-g9623b5f
[07/15/25 08:17:10] crowsnest: Prepare Startup ...
[07/15/25 08:17:10] crowsnest: INFO: Host information:
[07/15/25 08:17:10] crowsnest: Host Info: Distribution: Debian GNU/Linux 11 (bullseye)
[07/15/25 08:17:10] crowsnest: Host Info: Kernel: Linux 5.16.17-sun50iw9 aarch64
[07/15/25 08:17:10] crowsnest: Host Info: Available CPU Cores: 4
[07/15/25 08:17:10] crowsnest: Host Info: Available Memory: 1010632 kB
[07/15/25 08:17:10] crowsnest: Host Info: Diskspace (avail. / total): 21G / 29G
[07/15/25 08:17:10] crowsnest: INFO: Checking Dependencies
[07/15/25 08:17:11] crowsnest: Dependency: 'crudini' found in /usr/bin/crudini.
[07/15/25 08:17:11] crowsnest: Dependency: 'find' found in /usr/bin/find.
[07/15/25 08:17:11] crowsnest: Dependency: 'xargs' found in /usr/bin/xargs.
[07/15/25 08:17:11] crowsnest: Dependency: 'ustreamer' found in bin/ustreamer/src/ustreamer.bin.
[07/15/25 08:17:11] crowsnest: Version Control: ustreamer is up to date. (v6.31)
[07/15/25 08:17:11] crowsnest: INFO: Print Configfile: '/home/biqu/printer_data/config/crowsnest.conf'
[07/15/25 08:17:11] crowsnest:		[crowsnest]
[07/15/25 08:17:11] crowsnest:		log_path: ~/printer_data/logs/crowsnest.log
[07/15/25 08:17:11] crowsnest:		log_level: verbose
[07/15/25 08:17:11] crowsnest:		delete_log: false
[07/15/25 08:17:11] crowsnest:		no_proxy: false
[07/15/25 08:17:11] crowsnest:		
[07/15/25 08:17:11] crowsnest:		[cam 1]
[07/15/25 08:17:11] crowsnest:		mode: ustreamer
[07/15/25 08:17:11] crowsnest:		
[07/15/25 08:17:11] crowsnest:		enable_rtsp: false
[07/15/25 08:17:11] crowsnest:		rtsp_port: 8554
[07/15/25 08:17:11] crowsnest:		port: 8080
[07/15/25 08:17:11] crowsnest:		device: /dev/video0
[07/15/25 08:17:11] crowsnest:		resolution: 1280x720
[07/15/25 08:17:11] crowsnest:		max_fps: 30
[07/15/25 08:17:11] crowsnest: INFO: Detect available Devices
[07/15/25 08:17:11] crowsnest: INFO: Found 1 total available Device(s)
[07/15/25 08:17:11] crowsnest: INFO: Found 1 available v4l2 (UVC) camera(s)
[07/15/25 08:17:11] crowsnest: /dev/v4l/by-id/usb-HHW_microelectronics_Co.__Ltd._MGS1-video-index0 -> /dev/video0
[07/15/25 08:17:11] crowsnest: Supported Formats:
[07/15/25 08:17:11] crowsnest:		[0]: 'MJPG' (Motion-JPEG, compressed)
[07/15/25 08:17:11] crowsnest:		Size: Discrete 1280x720
[07/15/25 08:17:11] crowsnest:		Interval: Discrete 0.033s (30.000 fps)
[07/15/25 08:17:11] crowsnest:		Interval: Discrete 0.040s (25.000 fps)
[07/15/25 08:17:11] crowsnest:		Interval: Discrete 0.050s (20.000 fps)
[07/15/25 08:17:11] crowsnest:		Interval: Discrete 0.067s (15.000 fps)
[07/15/25 08:17:11] crowsnest:		Interval: Discrete 0.100s (10.000 fps)
[07/15/25 08:17:11] crowsnest:		Interval: Discrete 0.200s (5.000 fps)
[07/15/25 08:17:11] crowsnest:		Size: Discrete 800x480
[07/15/25 08:17:11] crowsnest:		Interval: Discrete 0.033s (30.000 fps)
[07/15/25 08:17:11] crowsnest:		Interval: Discrete 0.040s (25.000 fps)
[07/15/25 08:17:11] crowsnest:		Interval: Discrete 0.050s (20.000 fps)
[07/15/25 08:17:11] crowsnest:		Interval: Discrete 0.067s (15.000 fps)
[07/15/25 08:17:11] crowsnest:		Interval: Discrete 0.100s (10.000 fps)
[07/15/25 08:17:11] crowsnest:		Interval: Discrete 0.200s (5.000 fps)
[07/15/25 08:17:11] crowsnest:		Size: Discrete 672x456
[07/15/25 08:17:11] crowsnest:		Interval: Discrete 0.033s (30.000 fps)
[07/15/25 08:17:11] crowsnest:		Interval: Discrete 0.040s (25.000 fps)
[07/15/25 08:17:11] crowsnest:		Interval: Discrete 0.050s (20.000 fps)
[07/15/25 08:17:11] crowsnest:		Interval: Discrete 0.067s (15.000 fps)
[07/15/25 08:17:11] crowsnest:		Interval: Discrete 0.100s (10.000 fps)
[07/15/25 08:17:11] crowsnest:		Interval: Discrete 0.200s (5.000 fps)
[07/15/25 08:17:11] crowsnest:		Size: Discrete 640x480
[07/15/25 08:17:11] crowsnest:		Interval: Discrete 0.033s (30.000 fps)
[07/15/25 08:17:11] crowsnest:		Interval: Discrete 0.040s (25.000 fps)
[07/15/25 08:17:11] crowsnest:		Interval: Discrete 0.050s (20.000 fps)
[07/15/25 08:17:11] crowsnest:		Interval: Discrete 0.067s (15.000 fps)
[07/15/25 08:17:11] crowsnest:		Interval: Discrete 0.100s (10.000 fps)
[07/15/25 08:17:11] crowsnest:		Interval: Discrete 0.200s (5.000 fps)
[07/15/25 08:17:11] crowsnest:		Size: Discrete 320x240
[07/15/25 08:17:11] crowsnest:		Interval: Discrete 0.033s (30.000 fps)
[07/15/25 08:17:11] crowsnest:		Interval: Discrete 0.040s (25.000 fps)
[07/15/25 08:17:11] crowsnest:		Interval: Discrete 0.050s (20.000 fps)
[07/15/25 08:17:11] crowsnest:		Interval: Discrete 0.067s (15.000 fps)
[07/15/25 08:17:11] crowsnest:		Interval: Discrete 0.100s (10.000 fps)
[07/15/25 08:17:11] crowsnest:		Interval: Discrete 0.200s (5.000 fps)
[07/15/25 08:17:11] crowsnest:		[1]: 'YUYV' (YUYV 4:2:2)
[07/15/25 08:17:11] crowsnest:		Size: Discrete 1280x720
[07/15/25 08:17:11] crowsnest:		Interval: Discrete 0.100s (10.000 fps)
[07/15/25 08:17:11] crowsnest:		Size: Discrete 800x480
[07/15/25 08:17:11] crowsnest:		Interval: Discrete 0.040s (25.000 fps)
[07/15/25 08:17:11] crowsnest:		Size: Discrete 672x456
[07/15/25 08:17:11] crowsnest:		Interval: Discrete 0.033s (30.000 fps)
[07/15/25 08:17:11] crowsnest:		Size: Discrete 640x480
[07/15/25 08:17:11] crowsnest:		Interval: Discrete 0.033s (30.000 fps)
[07/15/25 08:17:11] crowsnest:		Size: Discrete 320x240
[07/15/25 08:17:11] crowsnest:		Interval: Discrete 0.033s (30.000 fps)
[07/15/25 08:17:11] crowsnest: Supported Controls:
[07/15/25 08:17:11] crowsnest:		
[07/15/25 08:17:11] crowsnest:		User Controls
[07/15/25 08:17:11] crowsnest:		
[07/15/25 08:17:11] crowsnest:		brightness 0x00980900 (int)    : min=-64 max=64 step=1 default=0 value=0
[07/15/25 08:17:11] crowsnest:		contrast 0x00980901 (int)    : min=0 max=64 step=1 default=32 value=32
[07/15/25 08:17:11] crowsnest:		saturation 0x00980902 (int)    : min=0 max=128 step=1 default=64 value=64
[07/15/25 08:17:11] crowsnest:		hue 0x00980903 (int)    : min=-40 max=40 step=1 default=0 value=0
[07/15/25 08:17:11] crowsnest:		white_balance_automatic 0x0098090c (bool)   : default=1 value=1
[07/15/25 08:17:11] crowsnest:		gamma 0x00980910 (int)    : min=72 max=500 step=1 default=100 value=100
[07/15/25 08:17:11] crowsnest:		gain 0x00980913 (int)    : min=0 max=100 step=1 default=0 value=0
[07/15/25 08:17:11] crowsnest:		power_line_frequency 0x00980918 (menu)   : min=0 max=2 default=2 value=2
[07/15/25 08:17:11] crowsnest:		0: Disabled
[07/15/25 08:17:11] crowsnest:		1: 50 Hz
[07/15/25 08:17:11] crowsnest:		2: 60 Hz
[07/15/25 08:17:11] crowsnest:		white_balance_temperature 0x0098091a (int)    : min=2800 max=6500 step=1 default=4600 value=4600 flags=inactive
[07/15/25 08:17:11] crowsnest:		sharpness 0x0098091b (int)    : min=0 max=6 step=1 default=3 value=3
[07/15/25 08:17:11] crowsnest:		backlight_compensation 0x0098091c (int)    : min=0 max=2 step=1 default=1 value=1
[07/15/25 08:17:11] crowsnest:		
[07/15/25 08:17:11] crowsnest:		Camera Controls
[07/15/25 08:17:11] crowsnest:		
[07/15/25 08:17:11] crowsnest:		auto_exposure 0x009a0901 (menu)   : min=0 max=3 default=3 value=3
[07/15/25 08:17:11] crowsnest:		1: Manual Mode
[07/15/25 08:17:11] crowsnest:		3: Aperture Priority Mode
[07/15/25 08:17:11] crowsnest:		exposure_time_absolute 0x009a0902 (int)    : min=1 max=5000 step=1 default=156 value=156 flags=inactive
[07/15/25 08:17:11] crowsnest:		exposure_dynamic_framerate 0x009a0903 (bool)   : default=0 value=1
[07/15/25 08:17:11] crowsnest: Try to start configured Cams / Services...
[07/15/25 08:17:17] crowsnest: INFO: Configuration of Section [cam 1] looks good. Continue ...
[07/15/25 08:17:18] crowsnest: V4L2 Control: No parameters set for [cam 1]. Skipped.
[07/15/25 08:17:22] crowsnest: Starting ustreamer with Device /dev/video0 ...
[07/15/25 08:17:24] crowsnest:  ... Done!
[07/15/25 08:17:10] crowsnest: crowsnest - A webcam Service for multiple Cams and Stream Services.
[07/15/25 08:17:10] crowsnest: Version: v4.1.12-1-g9623b5f
[07/15/25 08:17:10] crowsnest: Prepare Startup ...
[07/15/25 08:17:10] crowsnest: INFO: Host information:
[07/15/25 08:17:10] crowsnest: Host Info: Distribution: Debian GNU/Linux 11 (bullseye)
[07/15/25 08:17:10] crowsnest: Host Info: Kernel: Linux 5.16.17-sun50iw9 aarch64
[07/15/25 08:17:10] crowsnest: Host Info: Available CPU Cores: 4
[07/15/25 08:17:10] crowsnest: Host Info: Available Memory: 1010632 kB
[07/15/25 08:17:10] crowsnest: Host Info: Diskspace (avail. / total): 21G / 29G
[07/15/25 08:17:10] crowsnest: INFO: Checking Dependencies
[07/15/25 08:17:11] crowsnest: Dependency: 'crudini' found in /usr/bin/crudini.
[07/15/25 08:17:11] crowsnest: Dependency: 'find' found in /usr/bin/find.
[07/15/25 08:17:11] crowsnest: Dependency: 'xargs' found in /usr/bin/xargs.
[07/15/25 08:17:11] crowsnest: Dependency: 'ustreamer' found in bin/ustreamer/src/ustreamer.bin.
[07/15/25 08:17:11] crowsnest: Version Control: ustreamer is up to date. (v6.31)
[07/15/25 08:17:11] crowsnest: INFO: Print Configfile: '/home/biqu/printer_data/config/crowsnest.conf'
[07/15/25 08:17:11] crowsnest:		[crowsnest]
[07/15/25 08:17:11] crowsnest:		log_path: ~/printer_data/logs/crowsnest.log
[07/15/25 08:17:11] crowsnest:		log_level: verbose
[07/15/25 08:17:11] crowsnest:		delete_log: false
[07/15/25 08:17:11] crowsnest:		no_proxy: false
[07/15/25 08:17:11] crowsnest:		
[07/15/25 08:17:11] crowsnest:		[cam 1]
[07/15/25 08:17:11] crowsnest:		mode: ustreamer
[07/15/25 08:17:11] crowsnest:		
[07/15/25 08:17:11] crowsnest:		enable_rtsp: false
[07/15/25 08:17:11] crowsnest:		rtsp_port: 8554
[07/15/25 08:17:11] crowsnest:		port: 8080
[07/15/25 08:17:11] crowsnest:		device: /dev/video0
[07/15/25 08:17:11] crowsnest:		resolution: 1280x720
[07/15/25 08:17:11] crowsnest:		max_fps: 30
[07/15/25 08:17:11] crowsnest: INFO: Detect available Devices
[07/15/25 08:17:11] crowsnest: INFO: Found 1 total available Device(s)
[07/15/25 08:17:11] crowsnest: INFO: Found 1 available v4l2 (UVC) camera(s)
[07/15/25 08:17:11] crowsnest: /dev/v4l/by-id/usb-HHW_microelectronics_Co.__Ltd._MGS1-video-index0 -> /dev/video0
[07/15/25 08:17:11] crowsnest: Supported Formats:
[07/15/25 08:17:11] crowsnest:		[0]: 'MJPG' (Motion-JPEG, compressed)
[07/15/25 08:17:11] crowsnest:		Size: Discrete 1280x720
[07/15/25 08:17:11] crowsnest:		Interval: Discrete 0.033s (30.000 fps)
[07/15/25 08:17:11] crowsnest:		Interval: Discrete 0.040s (25.000 fps)
[07/15/25 08:17:11] crowsnest:		Interval: Discrete 0.050s (20.000 fps)
[07/15/25 08:17:11] crowsnest:		Interval: Discrete 0.067s (15.000 fps)
[07/15/25 08:17:11] crowsnest:		Interval: Discrete 0.100s (10.000 fps)
[07/15/25 08:17:11] crowsnest:		Interval: Discrete 0.200s (5.000 fps)
[07/15/25 08:17:11] crowsnest:		Size: Discrete 800x480
[07/15/25 08:17:11] crowsnest:		Interval: Discrete 0.033s (30.000 fps)
[07/15/25 08:17:11] crowsnest:		Interval: Discrete 0.040s (25.000 fps)
[07/15/25 08:17:11] crowsnest:		Interval: Discrete 0.050s (20.000 fps)
[07/15/25 08:17:11] crowsnest:		Interval: Discrete 0.067s (15.000 fps)
[07/15/25 08:17:11] crowsnest:		Interval: Discrete 0.100s (10.000 fps)
[07/15/25 08:17:11] crowsnest:		Interval: Discrete 0.200s (5.000 fps)
[07/15/25 08:17:11] crowsnest:		Size: Discrete 672x456
[07/15/25 08:17:11] crowsnest:		Interval: Discrete 0.033s (30.000 fps)
[07/15/25 08:17:11] crowsnest:		Interval: Discrete 0.040s (25.000 fps)
[07/15/25 08:17:11] crowsnest:		Interval: Discrete 0.050s (20.000 fps)
[07/15/25 08:17:11] crowsnest:		Interval: Discrete 0.067s (15.000 fps)
[07/15/25 08:17:11] crowsnest:		Interval: Discrete 0.100s (10.000 fps)
[07/15/25 08:17:11] crowsnest:		Interval: Discrete 0.200s (5.000 fps)
[07/15/25 08:17:11] crowsnest:		Size: Discrete 640x480
[07/15/25 08:17:11] crowsnest:		Interval: Discrete 0.033s (30.000 fps)
[07/15/25 08:17:11] crowsnest:		Interval: Discrete 0.040s (25.000 fps)
[07/15/25 08:17:11] crowsnest:		Interval: Discrete 0.050s (20.000 fps)
[07/15/25 08:17:11] crowsnest:		Interval: Discrete 0.067s (15.000 fps)
[07/15/25 08:17:11] crowsnest:		Interval: Discrete 0.100s (10.000 fps)
[07/15/25 08:17:11] crowsnest:		Interval: Discrete 0.200s (5.000 fps)
[07/15/25 08:17:11] crowsnest:		Size: Discrete 320x240
[07/15/25 08:17:11] crowsnest:		Interval: Discrete 0.033s (30.000 fps)
[07/15/25 08:17:11] crowsnest:		Interval: Discrete 0.040s (25.000 fps)
[07/15/25 08:17:11] crowsnest:		Interval: Discrete 0.050s (20.000 fps)
[07/15/25 08:17:11] crowsnest:		Interval: Discrete 0.067s (15.000 fps)
[07/15/25 08:17:11] crowsnest:		Interval: Discrete 0.100s (10.000 fps)
[07/15/25 08:17:11] crowsnest:		Interval: Discrete 0.200s (5.000 fps)
[07/15/25 08:17:11] crowsnest:		[1]: 'YUYV' (YUYV 4:2:2)
[07/15/25 08:17:11] crowsnest:		Size: Discrete 1280x720
[07/15/25 08:17:11] crowsnest:		Interval: Discrete 0.100s (10.000 fps)
[07/15/25 08:17:11] crowsnest:		Size: Discrete 800x480
[07/15/25 08:17:11] crowsnest:		Interval: Discrete 0.040s (25.000 fps)
[07/15/25 08:17:11] crowsnest:		Size: Discrete 672x456
[07/15/25 08:17:11] crowsnest:		Interval: Discrete 0.033s (30.000 fps)
[07/15/25 08:17:11] crowsnest:		Size: Discrete 640x480
[07/15/25 08:17:11] crowsnest:		Interval: Discrete 0.033s (30.000 fps)
[07/15/25 08:17:11] crowsnest:		Size: Discrete 320x240
[07/15/25 08:17:11] crowsnest:		Interval: Discrete 0.033s (30.000 fps)
[07/15/25 08:17:11] crowsnest: Supported Controls:
[07/15/25 08:17:11] crowsnest:		
[07/15/25 08:17:11] crowsnest:		User Controls
[07/15/25 08:17:11] crowsnest:		
[07/15/25 08:17:11] crowsnest:		brightness 0x00980900 (int)    : min=-64 max=64 step=1 default=0 value=0
[07/15/25 08:17:11] crowsnest:		contrast 0x00980901 (int)    : min=0 max=64 step=1 default=32 value=32
[07/15/25 08:17:11] crowsnest:		saturation 0x00980902 (int)    : min=0 max=128 step=1 default=64 value=64
[07/15/25 08:17:11] crowsnest:		hue 0x00980903 (int)    : min=-40 max=40 step=1 default=0 value=0
[07/15/25 08:17:11] crowsnest:		white_balance_automatic 0x0098090c (bool)   : default=1 value=1
[07/15/25 08:17:11] crowsnest:		gamma 0x00980910 (int)    : min=72 max=500 step=1 default=100 value=100
[07/15/25 08:17:11] crowsnest:		gain 0x00980913 (int)    : min=0 max=100 step=1 default=0 value=0
[07/15/25 08:17:11] crowsnest:		power_line_frequency 0x00980918 (menu)   : min=0 max=2 default=2 value=2
[07/15/25 08:17:11] crowsnest:		0: Disabled
[07/15/25 08:17:11] crowsnest:		1: 50 Hz
[07/15/25 08:17:11] crowsnest:		2: 60 Hz
[07/15/25 08:17:11] crowsnest:		white_balance_temperature 0x0098091a (int)    : min=2800 max=6500 step=1 default=4600 value=4600 flags=inactive
[07/15/25 08:17:11] crowsnest:		sharpness 0x0098091b (int)    : min=0 max=6 step=1 default=3 value=3
[07/15/25 08:17:11] crowsnest:		backlight_compensation 0x0098091c (int)    : min=0 max=2 step=1 default=1 value=1
[07/15/25 08:17:11] crowsnest:		
[07/15/25 08:17:11] crowsnest:		Camera Controls
[07/15/25 08:17:11] crowsnest:		
[07/15/25 08:17:11] crowsnest:		auto_exposure 0x009a0901 (menu)   : min=0 max=3 default=3 value=3
[07/15/25 08:17:11] crowsnest:		1: Manual Mode
[07/15/25 08:17:11] crowsnest:		3: Aperture Priority Mode
[07/15/25 08:17:11] crowsnest:		exposure_time_absolute 0x009a0902 (int)    : min=1 max=5000 step=1 default=156 value=156 flags=inactive
[07/15/25 08:17:11] crowsnest:		exposure_dynamic_framerate 0x009a0903 (bool)   : default=0 value=1
[07/15/25 08:17:11] crowsnest: Try to start configured Cams / Services...
[07/15/25 08:17:16] crowsnest: INFO: Configuration of Section [cam 1] looks good. Continue ...
[07/15/25 08:17:18] crowsnest: V4L2 Control: No parameters set for [cam 1]. Skipped.
[07/15/25 08:17:22] crowsnest: Starting ustreamer with Device /dev/video0 ...
[07/15/25 08:17:23] crowsnest:  ... Done!
[07/15/25 08:17:10] crowsnest: crowsnest - A webcam Service for multiple Cams and Stream Services.
[07/15/25 08:17:10] crowsnest: Version: v4.1.12-1-g9623b5f
[07/15/25 08:17:10] crowsnest: Prepare Startup ...
[07/15/25 08:17:11] crowsnest: INFO: Host information:
[07/15/25 08:17:11] crowsnest: Host Info: Distribution: Debian GNU/Linux 11 (bullseye)
[07/15/25 08:17:11] crowsnest: Host Info: Kernel: Linux 5.16.17-sun50iw9 aarch64
[07/15/25 08:17:11] crowsnest: Host Info: Available CPU Cores: 4
[07/15/25 08:17:11] crowsnest: Host Info: Available Memory: 1010632 kB
[07/15/25 08:17:11] crowsnest: Host Info: Diskspace (avail. / total): 21G / 29G
[07/15/25 08:17:11] crowsnest: INFO: Checking Dependencies
[07/15/25 08:17:11] crowsnest: Dependency: 'crudini' found in /usr/bin/crudini.
[07/15/25 08:17:11] crowsnest: Dependency: 'find' found in /usr/bin/find.
[07/15/25 08:17:11] crowsnest: Dependency: 'xargs' found in /usr/bin/xargs.
[07/15/25 08:17:11] crowsnest: Dependency: 'ustreamer' found in bin/ustreamer/src/ustreamer.bin.
[07/15/25 08:17:11] crowsnest: Version Control: ustreamer is up to date. (v6.31)
[07/15/25 08:17:11] crowsnest: INFO: Print Configfile: '/home/biqu/printer_data/config/crowsnest.conf'
[07/15/25 08:17:11] crowsnest:		[crowsnest]
[07/15/25 08:17:11] crowsnest:		log_path: ~/printer_data/logs/crowsnest.log
[07/15/25 08:17:11] crowsnest:		log_level: verbose
[07/15/25 08:17:11] crowsnest:		delete_log: false
[07/15/25 08:17:11] crowsnest:		no_proxy: false
[07/15/25 08:17:11] crowsnest:		
[07/15/25 08:17:11] crowsnest:		[cam 1]
[07/15/25 08:17:11] crowsnest:		mode: ustreamer
[07/15/25 08:17:11] crowsnest:		
[07/15/25 08:17:11] crowsnest:		enable_rtsp: false
[07/15/25 08:17:11] crowsnest:		rtsp_port: 8554
[07/15/25 08:17:11] crowsnest:		port: 8080
[07/15/25 08:17:11] crowsnest:		device: /dev/video0
[07/15/25 08:17:11] crowsnest:		resolution: 1280x720
[07/15/25 08:17:11] crowsnest:		max_fps: 30
[07/15/25 08:17:11] crowsnest: INFO: Detect available Devices
[07/15/25 08:17:11] crowsnest: INFO: Found 1 total available Device(s)
[07/15/25 08:17:11] crowsnest: INFO: Found 1 available v4l2 (UVC) camera(s)
[07/15/25 08:17:12] crowsnest: /dev/v4l/by-id/usb-HHW_microelectronics_Co.__Ltd._MGS1-video-index0 -> /dev/video0
[07/15/25 08:17:12] crowsnest: Supported Formats:
[07/15/25 08:17:12] crowsnest:		[0]: 'MJPG' (Motion-JPEG, compressed)
[07/15/25 08:17:12] crowsnest:		Size: Discrete 1280x720
[07/15/25 08:17:12] crowsnest:		Interval: Discrete 0.033s (30.000 fps)
[07/15/25 08:17:12] crowsnest:		Interval: Discrete 0.040s (25.000 fps)
[07/15/25 08:17:12] crowsnest:		Interval: Discrete 0.050s (20.000 fps)
[07/15/25 08:17:12] crowsnest:		Interval: Discrete 0.067s (15.000 fps)
[07/15/25 08:17:12] crowsnest:		Interval: Discrete 0.100s (10.000 fps)
[07/15/25 08:17:12] crowsnest:		Interval: Discrete 0.200s (5.000 fps)
[07/15/25 08:17:12] crowsnest:		Size: Discrete 800x480
[07/15/25 08:17:12] crowsnest:		Interval: Discrete 0.033s (30.000 fps)
[07/15/25 08:17:12] crowsnest:		Interval: Discrete 0.040s (25.000 fps)
[07/15/25 08:17:12] crowsnest:		Interval: Discrete 0.050s (20.000 fps)
[07/15/25 08:17:12] crowsnest:		Interval: Discrete 0.067s (15.000 fps)
[07/15/25 08:17:12] crowsnest:		Interval: Discrete 0.100s (10.000 fps)
[07/15/25 08:17:12] crowsnest:		Interval: Discrete 0.200s (5.000 fps)
[07/15/25 08:17:12] crowsnest:		Size: Discrete 672x456
[07/15/25 08:17:12] crowsnest:		Interval: Discrete 0.033s (30.000 fps)
[07/15/25 08:17:12] crowsnest:		Interval: Discrete 0.040s (25.000 fps)
[07/15/25 08:17:12] crowsnest:		Interval: Discrete 0.050s (20.000 fps)
[07/15/25 08:17:12] crowsnest:		Interval: Discrete 0.067s (15.000 fps)
[07/15/25 08:17:12] crowsnest:		Interval: Discrete 0.100s (10.000 fps)
[07/15/25 08:17:12] crowsnest:		Interval: Discrete 0.200s (5.000 fps)
[07/15/25 08:17:12] crowsnest:		Size: Discrete 640x480
[07/15/25 08:17:12] crowsnest:		Interval: Discrete 0.033s (30.000 fps)
[07/15/25 08:17:12] crowsnest:		Interval: Discrete 0.040s (25.000 fps)
[07/15/25 08:17:12] crowsnest:		Interval: Discrete 0.050s (20.000 fps)
[07/15/25 08:17:12] crowsnest:		Interval: Discrete 0.067s (15.000 fps)
[07/15/25 08:17:12] crowsnest:		Interval: Discrete 0.100s (10.000 fps)
[07/15/25 08:17:12] crowsnest:		Interval: Discrete 0.200s (5.000 fps)
[07/15/25 08:17:12] crowsnest:		Size: Discrete 320x240
[07/15/25 08:17:12] crowsnest:		Interval: Discrete 0.033s (30.000 fps)
[07/15/25 08:17:12] crowsnest:		Interval: Discrete 0.040s (25.000 fps)
[07/15/25 08:17:12] crowsnest:		Interval: Discrete 0.050s (20.000 fps)
[07/15/25 08:17:12] crowsnest:		Interval: Discrete 0.067s (15.000 fps)
[07/15/25 08:17:12] crowsnest:		Interval: Discrete 0.100s (10.000 fps)
[07/15/25 08:17:12] crowsnest:		Interval: Discrete 0.200s (5.000 fps)
[07/15/25 08:17:12] crowsnest:		[1]: 'YUYV' (YUYV 4:2:2)
[07/15/25 08:17:12] crowsnest:		Size: Discrete 1280x720
[07/15/25 08:17:12] crowsnest:		Interval: Discrete 0.100s (10.000 fps)
[07/15/25 08:17:12] crowsnest:		Size: Discrete 800x480
[07/15/25 08:17:12] crowsnest:		Interval: Discrete 0.040s (25.000 fps)
[07/15/25 08:17:12] crowsnest:		Size: Discrete 672x456
[07/15/25 08:17:12] crowsnest:		Interval: Discrete 0.033s (30.000 fps)
[07/15/25 08:17:12] crowsnest:		Size: Discrete 640x480
[07/15/25 08:17:12] crowsnest:		Interval: Discrete 0.033s (30.000 fps)
[07/15/25 08:17:12] crowsnest:		Size: Discrete 320x240
[07/15/25 08:17:12] crowsnest:		Interval: Discrete 0.033s (30.000 fps)
[07/15/25 08:17:12] crowsnest: Supported Controls:
[07/15/25 08:17:12] crowsnest:		
[07/15/25 08:17:12] crowsnest:		User Controls
[07/15/25 08:17:12] crowsnest:		
[07/15/25 08:17:12] crowsnest:		brightness 0x00980900 (int)    : min=-64 max=64 step=1 default=0 value=0
[07/15/25 08:17:12] crowsnest:		contrast 0x00980901 (int)    : min=0 max=64 step=1 default=32 value=32
[07/15/25 08:17:12] crowsnest:		saturation 0x00980902 (int)    : min=0 max=128 step=1 default=64 value=64
[07/15/25 08:17:12] crowsnest:		hue 0x00980903 (int)    : min=-40 max=40 step=1 default=0 value=0
[07/15/25 08:17:12] crowsnest:		white_balance_automatic 0x0098090c (bool)   : default=1 value=1
[07/15/25 08:17:12] crowsnest:		gamma 0x00980910 (int)    : min=72 max=500 step=1 default=100 value=100
[07/15/25 08:17:12] crowsnest:		gain 0x00980913 (int)    : min=0 max=100 step=1 default=0 value=0
[07/15/25 08:17:12] crowsnest:		power_line_frequency 0x00980918 (menu)   : min=0 max=2 default=2 value=2
[07/15/25 08:17:12] crowsnest:		0: Disabled
[07/15/25 08:17:12] crowsnest:		1: 50 Hz
[07/15/25 08:17:12] crowsnest:		2: 60 Hz
[07/15/25 08:17:12] crowsnest:		white_balance_temperature 0x0098091a (int)    : min=2800 max=6500 step=1 default=4600 value=4600 flags=inactive
[07/15/25 08:17:12] crowsnest:		sharpness 0x0098091b (int)    : min=0 max=6 step=1 default=3 value=3
[07/15/25 08:17:12] crowsnest:		backlight_compensation 0x0098091c (int)    : min=0 max=2 step=1 default=1 value=1
[07/15/25 08:17:12] crowsnest:		
[07/15/25 08:17:12] crowsnest:		Camera Controls
[07/15/25 08:17:12] crowsnest:		
[07/15/25 08:17:12] crowsnest:		auto_exposure 0x009a0901 (menu)   : min=0 max=3 default=3 value=3
[07/15/25 08:17:12] crowsnest:		1: Manual Mode
[07/15/25 08:17:12] crowsnest:		3: Aperture Priority Mode
[07/15/25 08:17:12] crowsnest:		exposure_time_absolute 0x009a0902 (int)    : min=1 max=5000 step=1 default=156 value=156 flags=inactive
[07/15/25 08:17:12] crowsnest:		exposure_dynamic_framerate 0x009a0903 (bool)   : default=0 value=1
[07/15/25 08:17:12] crowsnest: Try to start configured Cams / Services...
[07/15/25 08:17:17] crowsnest: INFO: Configuration of Section [cam 1] looks good. Continue ...
[07/15/25 08:17:19] crowsnest: V4L2 Control: No parameters set for [cam 1]. Skipped.
[07/15/25 08:17:23] crowsnest: Starting ustreamer with Device /dev/video0 ...
[07/15/25 08:17:24] crowsnest:  ... Done!
[07/15/25 13:35:30] crowsnest: Shutdown or Killed by User!
[07/15/25 13:35:30] crowsnest: Please come again :)
[07/15/25 13:35:30] crowsnest: Goodbye...
[07/15/25 13:35:40] crowsnest: crowsnest - A webcam Service for multiple Cams and Stream Services.
[07/15/25 13:35:40] crowsnest: Version: v4.1.12-1-g9623b5f
[07/15/25 13:35:40] crowsnest: Prepare Startup ...
[07/15/25 13:35:40] crowsnest: INFO: Host information:
[07/15/25 13:35:40] crowsnest: Host Info: Distribution: Debian GNU/Linux 11 (bullseye)
[07/15/25 13:35:40] crowsnest: Host Info: Kernel: Linux 5.16.17-sun50iw9 aarch64
[07/15/25 13:35:40] crowsnest: Host Info: Available CPU Cores: 4
[07/15/25 13:35:41] crowsnest: Host Info: Available Memory: 1010632 kB
[07/15/25 13:35:41] crowsnest: Host Info: Diskspace (avail. / total): 21G / 29G
[07/15/25 13:35:41] crowsnest: INFO: Checking Dependencies
[07/15/25 13:35:41] crowsnest: Dependency: 'crudini' found in /usr/bin/crudini.
[07/15/25 13:35:41] crowsnest: Dependency: 'find' found in /usr/bin/find.
[07/15/25 13:35:41] crowsnest: Dependency: 'xargs' found in /usr/bin/xargs.
[07/15/25 13:35:41] crowsnest: Dependency: 'ustreamer' found in bin/ustreamer/src/ustreamer.bin.
[07/15/25 13:35:41] crowsnest: Version Control: ustreamer is up to date. (v6.31)
[07/15/25 13:35:41] crowsnest: INFO: Print Configfile: '/home/biqu/printer_data/config/crowsnest.conf'
[07/15/25 13:35:41] crowsnest:		[crowsnest]
[07/15/25 13:35:41] crowsnest:		log_path: ~/printer_data/logs/crowsnest.log
[07/15/25 13:35:41] crowsnest:		log_level: verbose
[07/15/25 13:35:41] crowsnest:		delete_log: false
[07/15/25 13:35:41] crowsnest:		no_proxy: false
[07/15/25 13:35:41] crowsnest:		
[07/15/25 13:35:41] crowsnest:		[cam 1]
[07/15/25 13:35:41] crowsnest:		mode: ustreamer
[07/15/25 13:35:41] crowsnest:		
[07/15/25 13:35:41] crowsnest:		enable_rtsp: false
[07/15/25 13:35:41] crowsnest:		rtsp_port: 8554
[07/15/25 13:35:41] crowsnest:		port: 8080
[07/15/25 13:35:41] crowsnest:		device: /dev/video0
[07/15/25 13:35:41] crowsnest:		resolution: 1280x720
[07/15/25 13:35:41] crowsnest:		max_fps: 30
[07/15/25 13:35:41] crowsnest: INFO: Detect available Devices
[07/15/25 13:35:41] crowsnest: INFO: Found 1 total available Device(s)
[07/15/25 13:35:41] crowsnest: INFO: Found 1 available v4l2 (UVC) camera(s)
[07/15/25 13:35:41] crowsnest: /dev/v4l/by-id/usb-HHW_microelectronics_Co.__Ltd._MGS1-video-index0 -> /dev/video0
[07/15/25 13:35:41] crowsnest: Supported Formats:
[07/15/25 13:35:41] crowsnest:		[0]: 'MJPG' (Motion-JPEG, compressed)
[07/15/25 13:35:41] crowsnest:		Size: Discrete 1280x720
[07/15/25 13:35:41] crowsnest:		Interval: Discrete 0.033s (30.000 fps)
[07/15/25 13:35:41] crowsnest:		Interval: Discrete 0.040s (25.000 fps)
[07/15/25 13:35:41] crowsnest:		Interval: Discrete 0.050s (20.000 fps)
[07/15/25 13:35:41] crowsnest:		Interval: Discrete 0.067s (15.000 fps)
[07/15/25 13:35:41] crowsnest:		Interval: Discrete 0.100s (10.000 fps)
[07/15/25 13:35:41] crowsnest:		Interval: Discrete 0.200s (5.000 fps)
[07/15/25 13:35:41] crowsnest:		Size: Discrete 800x480
[07/15/25 13:35:41] crowsnest:		Interval: Discrete 0.033s (30.000 fps)
[07/15/25 13:35:41] crowsnest:		Interval: Discrete 0.040s (25.000 fps)
[07/15/25 13:35:41] crowsnest:		Interval: Discrete 0.050s (20.000 fps)
[07/15/25 13:35:41] crowsnest:		Interval: Discrete 0.067s (15.000 fps)
[07/15/25 13:35:41] crowsnest:		Interval: Discrete 0.100s (10.000 fps)
[07/15/25 13:35:41] crowsnest:		Interval: Discrete 0.200s (5.000 fps)
[07/15/25 13:35:41] crowsnest:		Size: Discrete 672x456
[07/15/25 13:35:41] crowsnest:		Interval: Discrete 0.033s (30.000 fps)
[07/15/25 13:35:41] crowsnest:		Interval: Discrete 0.040s (25.000 fps)
[07/15/25 13:35:41] crowsnest:		Interval: Discrete 0.050s (20.000 fps)
[07/15/25 13:35:41] crowsnest:		Interval: Discrete 0.067s (15.000 fps)
[07/15/25 13:35:41] crowsnest:		Interval: Discrete 0.100s (10.000 fps)
[07/15/25 13:35:41] crowsnest:		Interval: Discrete 0.200s (5.000 fps)
[07/15/25 13:35:41] crowsnest:		Size: Discrete 640x480
[07/15/25 13:35:41] crowsnest:		Interval: Discrete 0.033s (30.000 fps)
[07/15/25 13:35:41] crowsnest:		Interval: Discrete 0.040s (25.000 fps)
[07/15/25 13:35:41] crowsnest:		Interval: Discrete 0.050s (20.000 fps)
[07/15/25 13:35:41] crowsnest:		Interval: Discrete 0.067s (15.000 fps)
[07/15/25 13:35:41] crowsnest:		Interval: Discrete 0.100s (10.000 fps)
[07/15/25 13:35:41] crowsnest:		Interval: Discrete 0.200s (5.000 fps)
[07/15/25 13:35:41] crowsnest:		Size: Discrete 320x240
[07/15/25 13:35:41] crowsnest:		Interval: Discrete 0.033s (30.000 fps)
[07/15/25 13:35:41] crowsnest:		Interval: Discrete 0.040s (25.000 fps)
[07/15/25 13:35:41] crowsnest:		Interval: Discrete 0.050s (20.000 fps)
[07/15/25 13:35:41] crowsnest:		Interval: Discrete 0.067s (15.000 fps)
[07/15/25 13:35:41] crowsnest:		Interval: Discrete 0.100s (10.000 fps)
[07/15/25 13:35:41] crowsnest:		Interval: Discrete 0.200s (5.000 fps)
[07/15/25 13:35:41] crowsnest:		[1]: 'YUYV' (YUYV 4:2:2)
[07/15/25 13:35:41] crowsnest:		Size: Discrete 1280x720
[07/15/25 13:35:41] crowsnest:		Interval: Discrete 0.100s (10.000 fps)
[07/15/25 13:35:41] crowsnest:		Size: Discrete 800x480
[07/15/25 13:35:41] crowsnest:		Interval: Discrete 0.040s (25.000 fps)
[07/15/25 13:35:41] crowsnest:		Size: Discrete 672x456
[07/15/25 13:35:41] crowsnest:		Interval: Discrete 0.033s (30.000 fps)
[07/15/25 13:35:41] crowsnest:		Size: Discrete 640x480
[07/15/25 13:35:41] crowsnest:		Interval: Discrete 0.033s (30.000 fps)
[07/15/25 13:35:41] crowsnest:		Size: Discrete 320x240
[07/15/25 13:35:41] crowsnest:		Interval: Discrete 0.033s (30.000 fps)
[07/15/25 13:35:42] crowsnest: Supported Controls:
[07/15/25 13:35:42] crowsnest:		
[07/15/25 13:35:42] crowsnest:		User Controls
[07/15/25 13:35:42] crowsnest:		
[07/15/25 13:35:42] crowsnest:		brightness 0x00980900 (int)    : min=-64 max=64 step=1 default=0 value=0
[07/15/25 13:35:42] crowsnest:		contrast 0x00980901 (int)    : min=0 max=64 step=1 default=32 value=32
[07/15/25 13:35:42] crowsnest:		saturation 0x00980902 (int)    : min=0 max=128 step=1 default=64 value=64
[07/15/25 13:35:42] crowsnest:		hue 0x00980903 (int)    : min=-40 max=40 step=1 default=0 value=0
[07/15/25 13:35:42] crowsnest:		white_balance_automatic 0x0098090c (bool)   : default=1 value=1
[07/15/25 13:35:42] crowsnest:		gamma 0x00980910 (int)    : min=72 max=500 step=1 default=100 value=100
[07/15/25 13:35:42] crowsnest:		gain 0x00980913 (int)    : min=0 max=100 step=1 default=0 value=0
[07/15/25 13:35:42] crowsnest:		power_line_frequency 0x00980918 (menu)   : min=0 max=2 default=2 value=2
[07/15/25 13:35:42] crowsnest:		0: Disabled
[07/15/25 13:35:42] crowsnest:		1: 50 Hz
[07/15/25 13:35:42] crowsnest:		2: 60 Hz
[07/15/25 13:35:42] crowsnest:		white_balance_temperature 0x0098091a (int)    : min=2800 max=6500 step=1 default=4600 value=4600 flags=inactive
[07/15/25 13:35:42] crowsnest:		sharpness 0x0098091b (int)    : min=0 max=6 step=1 default=3 value=3
[07/15/25 13:35:42] crowsnest:		backlight_compensation 0x0098091c (int)    : min=0 max=2 step=1 default=1 value=1
[07/15/25 13:35:42] crowsnest:		
[07/15/25 13:35:42] crowsnest:		Camera Controls
[07/15/25 13:35:42] crowsnest:		
[07/15/25 13:35:42] crowsnest:		auto_exposure 0x009a0901 (menu)   : min=0 max=3 default=3 value=3
[07/15/25 13:35:42] crowsnest:		1: Manual Mode
[07/15/25 13:35:42] crowsnest:		3: Aperture Priority Mode
[07/15/25 13:35:42] crowsnest:		exposure_time_absolute 0x009a0902 (int)    : min=1 max=5000 step=1 default=156 value=156 flags=inactive
[07/15/25 13:35:42] crowsnest:		exposure_dynamic_framerate 0x009a0903 (bool)   : default=0 value=1
[07/15/25 13:35:42] crowsnest: Try to start configured Cams / Services...
[07/15/25 13:35:47] crowsnest: INFO: Configuration of Section [cam 1] looks good. Continue ...
[07/15/25 13:35:49] crowsnest: V4L2 Control: No parameters set for [cam 1]. Skipped.
[07/15/25 13:35:53] crowsnest: Starting ustreamer with Device /dev/video0 ...
[07/15/25 13:35:54] crowsnest:  ... Done!
[07/15/25 14:02:06] crowsnest: Shutdown or Killed by User!
[07/15/25 14:02:06] crowsnest: Please come again :)
[07/15/25 14:02:06] crowsnest: Goodbye...
[07/15/25 14:02:17] crowsnest: crowsnest - A webcam Service for multiple Cams and Stream Services.
[07/15/25 14:02:17] crowsnest: Version: v4.1.12-1-g9623b5f
[07/15/25 14:02:17] crowsnest: Prepare Startup ...
[07/15/25 14:02:17] crowsnest: INFO: Host information:
[07/15/25 14:02:17] crowsnest: Host Info: Distribution: Debian GNU/Linux 11 (bullseye)
[07/15/25 14:02:17] crowsnest: Host Info: Kernel: Linux 5.16.17-sun50iw9 aarch64
[07/15/25 14:02:17] crowsnest: Host Info: Available CPU Cores: 4
[07/15/25 14:02:17] crowsnest: Host Info: Available Memory: 1010632 kB
[07/15/25 14:02:17] crowsnest: Host Info: Diskspace (avail. / total): 21G / 29G
[07/15/25 14:02:17] crowsnest: INFO: Checking Dependencies
[07/15/25 14:02:18] crowsnest: Dependency: 'crudini' found in /usr/bin/crudini.
[07/15/25 14:02:18] crowsnest: Dependency: 'find' found in /usr/bin/find.
[07/15/25 14:02:18] crowsnest: Dependency: 'xargs' found in /usr/bin/xargs.
[07/15/25 14:02:18] crowsnest: Dependency: 'ustreamer' found in bin/ustreamer/src/ustreamer.bin.
[07/15/25 14:02:18] crowsnest: Version Control: ustreamer is up to date. (v6.31)
[07/15/25 14:02:18] crowsnest: INFO: Print Configfile: '/home/biqu/printer_data/config/crowsnest.conf'
[07/15/25 14:02:18] crowsnest:		[crowsnest]
[07/15/25 14:02:18] crowsnest:		log_path: ~/printer_data/logs/crowsnest.log
[07/15/25 14:02:18] crowsnest:		log_level: verbose
[07/15/25 14:02:18] crowsnest:		delete_log: false
[07/15/25 14:02:18] crowsnest:		no_proxy: false
[07/15/25 14:02:18] crowsnest:		
[07/15/25 14:02:18] crowsnest:		[cam 1]
[07/15/25 14:02:18] crowsnest:		mode: ustreamer
[07/15/25 14:02:18] crowsnest:		
[07/15/25 14:02:18] crowsnest:		enable_rtsp: false
[07/15/25 14:02:18] crowsnest:		rtsp_port: 8554
[07/15/25 14:02:18] crowsnest:		port: 8080
[07/15/25 14:02:18] crowsnest:		device: /dev/video0
[07/15/25 14:02:18] crowsnest:		resolution: 1280x720
[07/15/25 14:02:18] crowsnest:		max_fps: 30
[07/15/25 14:02:18] crowsnest: INFO: Detect available Devices
[07/15/25 14:02:18] crowsnest: INFO: Found 1 total available Device(s)
[07/15/25 14:02:18] crowsnest: INFO: Found 1 available v4l2 (UVC) camera(s)
[07/15/25 14:02:18] crowsnest: /dev/v4l/by-id/usb-HHW_microelectronics_Co.__Ltd._MGS1-video-index0 -> /dev/video0
[07/15/25 14:02:18] crowsnest: Supported Formats:
[07/15/25 14:02:18] crowsnest:		[0]: 'MJPG' (Motion-JPEG, compressed)
[07/15/25 14:02:18] crowsnest:		Size: Discrete 1280x720
[07/15/25 14:02:18] crowsnest:		Interval: Discrete 0.033s (30.000 fps)
[07/15/25 14:02:18] crowsnest:		Interval: Discrete 0.040s (25.000 fps)
[07/15/25 14:02:18] crowsnest:		Interval: Discrete 0.050s (20.000 fps)
[07/15/25 14:02:18] crowsnest:		Interval: Discrete 0.067s (15.000 fps)
[07/15/25 14:02:18] crowsnest:		Interval: Discrete 0.100s (10.000 fps)
[07/15/25 14:02:18] crowsnest:		Interval: Discrete 0.200s (5.000 fps)
[07/15/25 14:02:18] crowsnest:		Size: Discrete 800x480
[07/15/25 14:02:18] crowsnest:		Interval: Discrete 0.033s (30.000 fps)
[07/15/25 14:02:18] crowsnest:		Interval: Discrete 0.040s (25.000 fps)
[07/15/25 14:02:18] crowsnest:		Interval: Discrete 0.050s (20.000 fps)
[07/15/25 14:02:18] crowsnest:		Interval: Discrete 0.067s (15.000 fps)
[07/15/25 14:02:18] crowsnest:		Interval: Discrete 0.100s (10.000 fps)
[07/15/25 14:02:18] crowsnest:		Interval: Discrete 0.200s (5.000 fps)
[07/15/25 14:02:18] crowsnest:		Size: Discrete 672x456
[07/15/25 14:02:18] crowsnest:		Interval: Discrete 0.033s (30.000 fps)
[07/15/25 14:02:18] crowsnest:		Interval: Discrete 0.040s (25.000 fps)
[07/15/25 14:02:18] crowsnest:		Interval: Discrete 0.050s (20.000 fps)
[07/15/25 14:02:18] crowsnest:		Interval: Discrete 0.067s (15.000 fps)
[07/15/25 14:02:18] crowsnest:		Interval: Discrete 0.100s (10.000 fps)
[07/15/25 14:02:18] crowsnest:		Interval: Discrete 0.200s (5.000 fps)
[07/15/25 14:02:18] crowsnest:		Size: Discrete 640x480
[07/15/25 14:02:18] crowsnest:		Interval: Discrete 0.033s (30.000 fps)
[07/15/25 14:02:18] crowsnest:		Interval: Discrete 0.040s (25.000 fps)
[07/15/25 14:02:18] crowsnest:		Interval: Discrete 0.050s (20.000 fps)
[07/15/25 14:02:18] crowsnest:		Interval: Discrete 0.067s (15.000 fps)
[07/15/25 14:02:18] crowsnest:		Interval: Discrete 0.100s (10.000 fps)
[07/15/25 14:02:18] crowsnest:		Interval: Discrete 0.200s (5.000 fps)
[07/15/25 14:02:18] crowsnest:		Size: Discrete 320x240
[07/15/25 14:02:18] crowsnest:		Interval: Discrete 0.033s (30.000 fps)
[07/15/25 14:02:18] crowsnest:		Interval: Discrete 0.040s (25.000 fps)
[07/15/25 14:02:18] crowsnest:		Interval: Discrete 0.050s (20.000 fps)
[07/15/25 14:02:18] crowsnest:		Interval: Discrete 0.067s (15.000 fps)
[07/15/25 14:02:18] crowsnest:		Interval: Discrete 0.100s (10.000 fps)
[07/15/25 14:02:18] crowsnest:		Interval: Discrete 0.200s (5.000 fps)
[07/15/25 14:02:18] crowsnest:		[1]: 'YUYV' (YUYV 4:2:2)
[07/15/25 14:02:18] crowsnest:		Size: Discrete 1280x720
[07/15/25 14:02:18] crowsnest:		Interval: Discrete 0.100s (10.000 fps)
[07/15/25 14:02:18] crowsnest:		Size: Discrete 800x480
[07/15/25 14:02:18] crowsnest:		Interval: Discrete 0.040s (25.000 fps)
[07/15/25 14:02:18] crowsnest:		Size: Discrete 672x456
[07/15/25 14:02:18] crowsnest:		Interval: Discrete 0.033s (30.000 fps)
[07/15/25 14:02:18] crowsnest:		Size: Discrete 640x480
[07/15/25 14:02:18] crowsnest:		Interval: Discrete 0.033s (30.000 fps)
[07/15/25 14:02:18] crowsnest:		Size: Discrete 320x240
[07/15/25 14:02:18] crowsnest:		Interval: Discrete 0.033s (30.000 fps)
[07/15/25 14:02:18] crowsnest: Supported Controls:
[07/15/25 14:02:18] crowsnest:		
[07/15/25 14:02:18] crowsnest:		User Controls
[07/15/25 14:02:18] crowsnest:		
[07/15/25 14:02:18] crowsnest:		brightness 0x00980900 (int)    : min=-64 max=64 step=1 default=0 value=0
[07/15/25 14:02:18] crowsnest:		contrast 0x00980901 (int)    : min=0 max=64 step=1 default=32 value=32
[07/15/25 14:02:18] crowsnest:		saturation 0x00980902 (int)    : min=0 max=128 step=1 default=64 value=64
[07/15/25 14:02:18] crowsnest:		hue 0x00980903 (int)    : min=-40 max=40 step=1 default=0 value=0
[07/15/25 14:02:18] crowsnest:		white_balance_automatic 0x0098090c (bool)   : default=1 value=1
[07/15/25 14:02:18] crowsnest:		gamma 0x00980910 (int)    : min=72 max=500 step=1 default=100 value=100
[07/15/25 14:02:18] crowsnest:		gain 0x00980913 (int)    : min=0 max=100 step=1 default=0 value=0
[07/15/25 14:02:18] crowsnest:		power_line_frequency 0x00980918 (menu)   : min=0 max=2 default=2 value=2
[07/15/25 14:02:18] crowsnest:		0: Disabled
[07/15/25 14:02:18] crowsnest:		1: 50 Hz
[07/15/25 14:02:18] crowsnest:		2: 60 Hz
[07/15/25 14:02:18] crowsnest:		white_balance_temperature 0x0098091a (int)    : min=2800 max=6500 step=1 default=4600 value=4600 flags=inactive
[07/15/25 14:02:18] crowsnest:		sharpness 0x0098091b (int)    : min=0 max=6 step=1 default=3 value=3
[07/15/25 14:02:18] crowsnest:		backlight_compensation 0x0098091c (int)    : min=0 max=2 step=1 default=1 value=1
[07/15/25 14:02:18] crowsnest:		
[07/15/25 14:02:18] crowsnest:		Camera Controls
[07/15/25 14:02:18] crowsnest:		
[07/15/25 14:02:18] crowsnest:		auto_exposure 0x009a0901 (menu)   : min=0 max=3 default=3 value=3
[07/15/25 14:02:18] crowsnest:		1: Manual Mode
[07/15/25 14:02:18] crowsnest:		3: Aperture Priority Mode
[07/15/25 14:02:18] crowsnest:		exposure_time_absolute 0x009a0902 (int)    : min=1 max=5000 step=1 default=156 value=156 flags=inactive
[07/15/25 14:02:18] crowsnest:		exposure_dynamic_framerate 0x009a0903 (bool)   : default=0 value=1
[07/15/25 14:02:18] crowsnest: Try to start configured Cams / Services...
[07/15/25 14:02:23] crowsnest: INFO: Configuration of Section [cam 1] looks good. Continue ...
[07/15/25 14:02:25] crowsnest: V4L2 Control: No parameters set for [cam 1]. Skipped.
[07/15/25 14:02:29] crowsnest: Starting ustreamer with Device /dev/video0 ...
[07/15/25 14:02:30] crowsnest:  ... Done!
[07/15/25 14:17:10] crowsnest: crowsnest - A webcam Service for multiple Cams and Stream Services.
[07/15/25 14:17:10] crowsnest: Version: v4.1.12-1-g9623b5f
[07/15/25 14:17:10] crowsnest: Prepare Startup ...
[07/15/25 14:17:10] crowsnest: INFO: Host information:
[07/15/25 14:17:10] crowsnest: Host Info: Distribution: Debian GNU/Linux 11 (bullseye)
[07/15/25 14:17:10] crowsnest: Host Info: Kernel: Linux 5.16.17-sun50iw9 aarch64
[07/15/25 14:17:10] crowsnest: Host Info: Available CPU Cores: 4
[07/15/25 14:17:10] crowsnest: Host Info: Available Memory: 1010632 kB
[07/15/25 14:17:10] crowsnest: Host Info: Diskspace (avail. / total): 21G / 29G
[07/15/25 14:17:10] crowsnest: INFO: Checking Dependencies
[07/15/25 14:17:11] crowsnest: Dependency: 'crudini' found in /usr/bin/crudini.
[07/15/25 14:17:11] crowsnest: Dependency: 'find' found in /usr/bin/find.
[07/15/25 14:17:11] crowsnest: Dependency: 'xargs' found in /usr/bin/xargs.
[07/15/25 14:17:11] crowsnest: Dependency: 'ustreamer' found in bin/ustreamer/src/ustreamer.bin.
[07/15/25 14:17:11] crowsnest: Version Control: ustreamer is up to date. (v6.31)
[07/15/25 14:17:11] crowsnest: INFO: Print Configfile: '/home/biqu/printer_data/config/crowsnest.conf'
[07/15/25 14:17:11] crowsnest:		[crowsnest]
[07/15/25 14:17:11] crowsnest:		log_path: ~/printer_data/logs/crowsnest.log
[07/15/25 14:17:11] crowsnest:		log_level: verbose
[07/15/25 14:17:11] crowsnest:		delete_log: false
[07/15/25 14:17:11] crowsnest:		no_proxy: false
[07/15/25 14:17:11] crowsnest:		
[07/15/25 14:17:11] crowsnest:		[cam 1]
[07/15/25 14:17:11] crowsnest:		mode: ustreamer
[07/15/25 14:17:11] crowsnest:		
[07/15/25 14:17:11] crowsnest:		enable_rtsp: false
[07/15/25 14:17:11] crowsnest:		rtsp_port: 8554
[07/15/25 14:17:11] crowsnest:		port: 8080
[07/15/25 14:17:11] crowsnest:		device: /dev/video0
[07/15/25 14:17:11] crowsnest:		resolution: 1280x720
[07/15/25 14:17:11] crowsnest:		max_fps: 30
[07/15/25 14:17:11] crowsnest: INFO: Detect available Devices
[07/15/25 14:17:11] crowsnest: INFO: Found 1 total available Device(s)
[07/15/25 14:17:11] crowsnest: INFO: Found 1 available v4l2 (UVC) camera(s)
[07/15/25 14:17:11] crowsnest: /dev/v4l/by-id/usb-HHW_microelectronics_Co.__Ltd._MGS1-video-index0 -> /dev/video0
[07/15/25 14:17:11] crowsnest: Supported Formats:
[07/15/25 14:17:11] crowsnest:		[0]: 'MJPG' (Motion-JPEG, compressed)
[07/15/25 14:17:11] crowsnest:		Size: Discrete 1280x720
[07/15/25 14:17:11] crowsnest:		Interval: Discrete 0.033s (30.000 fps)
[07/15/25 14:17:11] crowsnest:		Interval: Discrete 0.040s (25.000 fps)
[07/15/25 14:17:11] crowsnest:		Interval: Discrete 0.050s (20.000 fps)
[07/15/25 14:17:11] crowsnest:		Interval: Discrete 0.067s (15.000 fps)
[07/15/25 14:17:11] crowsnest:		Interval: Discrete 0.100s (10.000 fps)
[07/15/25 14:17:11] crowsnest:		Interval: Discrete 0.200s (5.000 fps)
[07/15/25 14:17:11] crowsnest:		Size: Discrete 800x480
[07/15/25 14:17:11] crowsnest:		Interval: Discrete 0.033s (30.000 fps)
[07/15/25 14:17:11] crowsnest:		Interval: Discrete 0.040s (25.000 fps)
[07/15/25 14:17:11] crowsnest:		Interval: Discrete 0.050s (20.000 fps)
[07/15/25 14:17:11] crowsnest:		Interval: Discrete 0.067s (15.000 fps)
[07/15/25 14:17:11] crowsnest:		Interval: Discrete 0.100s (10.000 fps)
[07/15/25 14:17:11] crowsnest:		Interval: Discrete 0.200s (5.000 fps)
[07/15/25 14:17:11] crowsnest:		Size: Discrete 672x456
[07/15/25 14:17:11] crowsnest:		Interval: Discrete 0.033s (30.000 fps)
[07/15/25 14:17:11] crowsnest:		Interval: Discrete 0.040s (25.000 fps)
[07/15/25 14:17:11] crowsnest:		Interval: Discrete 0.050s (20.000 fps)
[07/15/25 14:17:11] crowsnest:		Interval: Discrete 0.067s (15.000 fps)
[07/15/25 14:17:11] crowsnest:		Interval: Discrete 0.100s (10.000 fps)
[07/15/25 14:17:11] crowsnest:		Interval: Discrete 0.200s (5.000 fps)
[07/15/25 14:17:11] crowsnest:		Size: Discrete 640x480
[07/15/25 14:17:11] crowsnest:		Interval: Discrete 0.033s (30.000 fps)
[07/15/25 14:17:11] crowsnest:		Interval: Discrete 0.040s (25.000 fps)
[07/15/25 14:17:11] crowsnest:		Interval: Discrete 0.050s (20.000 fps)
[07/15/25 14:17:11] crowsnest:		Interval: Discrete 0.067s (15.000 fps)
[07/15/25 14:17:11] crowsnest:		Interval: Discrete 0.100s (10.000 fps)
[07/15/25 14:17:11] crowsnest:		Interval: Discrete 0.200s (5.000 fps)
[07/15/25 14:17:11] crowsnest:		Size: Discrete 320x240
[07/15/25 14:17:11] crowsnest:		Interval: Discrete 0.033s (30.000 fps)
[07/15/25 14:17:11] crowsnest:		Interval: Discrete 0.040s (25.000 fps)
[07/15/25 14:17:11] crowsnest:		Interval: Discrete 0.050s (20.000 fps)
[07/15/25 14:17:11] crowsnest:		Interval: Discrete 0.067s (15.000 fps)
[07/15/25 14:17:11] crowsnest:		Interval: Discrete 0.100s (10.000 fps)
[07/15/25 14:17:11] crowsnest:		Interval: Discrete 0.200s (5.000 fps)
[07/15/25 14:17:11] crowsnest:		[1]: 'YUYV' (YUYV 4:2:2)
[07/15/25 14:17:11] crowsnest:		Size: Discrete 1280x720
[07/15/25 14:17:11] crowsnest:		Interval: Discrete 0.100s (10.000 fps)
[07/15/25 14:17:11] crowsnest:		Size: Discrete 800x480
[07/15/25 14:17:11] crowsnest:		Interval: Discrete 0.040s (25.000 fps)
[07/15/25 14:17:11] crowsnest:		Size: Discrete 672x456
[07/15/25 14:17:11] crowsnest:		Interval: Discrete 0.033s (30.000 fps)
[07/15/25 14:17:11] crowsnest:		Size: Discrete 640x480
[07/15/25 14:17:11] crowsnest:		Interval: Discrete 0.033s (30.000 fps)
[07/15/25 14:17:11] crowsnest:		Size: Discrete 320x240
[07/15/25 14:17:11] crowsnest:		Interval: Discrete 0.033s (30.000 fps)
[07/15/25 14:17:12] crowsnest: Supported Controls:
[07/15/25 14:17:12] crowsnest:		
[07/15/25 14:17:12] crowsnest:		User Controls
[07/15/25 14:17:12] crowsnest:		
[07/15/25 14:17:12] crowsnest:		brightness 0x00980900 (int)    : min=-64 max=64 step=1 default=0 value=0
[07/15/25 14:17:12] crowsnest:		contrast 0x00980901 (int)    : min=0 max=64 step=1 default=32 value=32
[07/15/25 14:17:12] crowsnest:		saturation 0x00980902 (int)    : min=0 max=128 step=1 default=64 value=64
[07/15/25 14:17:12] crowsnest:		hue 0x00980903 (int)    : min=-40 max=40 step=1 default=0 value=0
[07/15/25 14:17:12] crowsnest:		white_balance_automatic 0x0098090c (bool)   : default=1 value=1
[07/15/25 14:17:12] crowsnest:		gamma 0x00980910 (int)    : min=72 max=500 step=1 default=100 value=100
[07/15/25 14:17:12] crowsnest:		gain 0x00980913 (int)    : min=0 max=100 step=1 default=0 value=0
[07/15/25 14:17:12] crowsnest:		power_line_frequency 0x00980918 (menu)   : min=0 max=2 default=2 value=2
[07/15/25 14:17:12] crowsnest:		0: Disabled
[07/15/25 14:17:12] crowsnest:		1: 50 Hz
[07/15/25 14:17:12] crowsnest:		2: 60 Hz
[07/15/25 14:17:12] crowsnest:		white_balance_temperature 0x0098091a (int)    : min=2800 max=6500 step=1 default=4600 value=4600 flags=inactive
[07/15/25 14:17:12] crowsnest:		sharpness 0x0098091b (int)    : min=0 max=6 step=1 default=3 value=3
[07/15/25 14:17:12] crowsnest:		backlight_compensation 0x0098091c (int)    : min=0 max=2 step=1 default=1 value=1
[07/15/25 14:17:12] crowsnest:		
[07/15/25 14:17:12] crowsnest:		Camera Controls
[07/15/25 14:17:12] crowsnest:		
[07/15/25 14:17:12] crowsnest:		auto_exposure 0x009a0901 (menu)   : min=0 max=3 default=3 value=3
[07/15/25 14:17:12] crowsnest:		1: Manual Mode
[07/15/25 14:17:12] crowsnest:		3: Aperture Priority Mode
[07/15/25 14:17:12] crowsnest:		exposure_time_absolute 0x009a0902 (int)    : min=1 max=5000 step=1 default=156 value=156 flags=inactive
[07/15/25 14:17:12] crowsnest:		exposure_dynamic_framerate 0x009a0903 (bool)   : default=0 value=1
[07/15/25 14:17:12] crowsnest: Try to start configured Cams / Services...
[07/15/25 14:17:18] crowsnest: INFO: Configuration of Section [cam 1] looks good. Continue ...
[07/15/25 14:17:19] crowsnest: V4L2 Control: No parameters set for [cam 1]. Skipped.
[07/15/25 14:17:23] crowsnest: Starting ustreamer with Device /dev/video0 ...
[07/15/25 14:17:24] crowsnest:  ... Done!
[07/16/25 08:59:53] crowsnest: crowsnest - A webcam Service for multiple Cams and Stream Services.
[07/16/25 08:59:53] crowsnest: Version: v4.1.12-1-g9623b5f
[07/16/25 08:59:53] crowsnest: Prepare Startup ...
[07/16/25 08:59:53] crowsnest: INFO: Host information:
[07/16/25 08:59:53] crowsnest: Host Info: Distribution: Debian GNU/Linux 11 (bullseye)
[07/16/25 08:59:53] crowsnest: Host Info: Kernel: Linux 5.16.17-sun50iw9 aarch64
[07/16/25 08:59:53] crowsnest: Host Info: Available CPU Cores: 4
[07/16/25 08:59:53] crowsnest: Host Info: Available Memory: 1010632 kB
[07/16/25 08:59:53] crowsnest: Host Info: Diskspace (avail. / total): 21G / 29G
[07/16/25 08:59:53] crowsnest: INFO: Checking Dependencies
[07/16/25 08:59:54] crowsnest: Dependency: 'crudini' found in /usr/bin/crudini.
[07/16/25 08:59:54] crowsnest: Dependency: 'find' found in /usr/bin/find.
[07/16/25 08:59:54] crowsnest: Dependency: 'xargs' found in /usr/bin/xargs.
[07/16/25 08:59:54] crowsnest: Dependency: 'ustreamer' found in bin/ustreamer/src/ustreamer.bin.
[07/16/25 08:59:54] crowsnest: Version Control: ustreamer is up to date. (v6.31)
[07/16/25 08:59:54] crowsnest: INFO: Print Configfile: '/home/biqu/printer_data/config/crowsnest.conf'
[07/16/25 08:59:54] crowsnest:		[crowsnest]
[07/16/25 08:59:54] crowsnest:		log_path: ~/printer_data/logs/crowsnest.log
[07/16/25 08:59:54] crowsnest:		log_level: verbose
[07/16/25 08:59:54] crowsnest:		delete_log: false
[07/16/25 08:59:54] crowsnest:		no_proxy: false
[07/16/25 08:59:54] crowsnest:		
[07/16/25 08:59:54] crowsnest:		[cam 1]
[07/16/25 08:59:54] crowsnest:		mode: ustreamer
[07/16/25 08:59:54] crowsnest:		
[07/16/25 08:59:54] crowsnest:		enable_rtsp: false
[07/16/25 08:59:54] crowsnest:		rtsp_port: 8554
[07/16/25 08:59:54] crowsnest:		port: 8080
[07/16/25 08:59:54] crowsnest:		device: /dev/video0
[07/16/25 08:59:54] crowsnest:		resolution: 1280x720
[07/16/25 08:59:54] crowsnest:		max_fps: 30
[07/16/25 08:59:54] crowsnest: INFO: Detect available Devices
[07/16/25 08:59:54] crowsnest: INFO: Found 1 total available Device(s)
[07/16/25 08:59:54] crowsnest: INFO: Found 1 available v4l2 (UVC) camera(s)
[07/16/25 08:59:54] crowsnest: /dev/v4l/by-id/usb-HHW_microelectronics_Co.__Ltd._MGS1-video-index0 -> /dev/video0
[07/16/25 08:59:54] crowsnest: Supported Formats:
[07/16/25 08:59:54] crowsnest:		[0]: 'MJPG' (Motion-JPEG, compressed)
[07/16/25 08:59:54] crowsnest:		Size: Discrete 1280x720
[07/16/25 08:59:54] crowsnest:		Interval: Discrete 0.033s (30.000 fps)
[07/16/25 08:59:54] crowsnest:		Interval: Discrete 0.040s (25.000 fps)
[07/16/25 08:59:54] crowsnest:		Interval: Discrete 0.050s (20.000 fps)
[07/16/25 08:59:54] crowsnest:		Interval: Discrete 0.067s (15.000 fps)
[07/16/25 08:59:54] crowsnest:		Interval: Discrete 0.100s (10.000 fps)
[07/16/25 08:59:54] crowsnest:		Interval: Discrete 0.200s (5.000 fps)
[07/16/25 08:59:54] crowsnest:		Size: Discrete 800x480
[07/16/25 08:59:54] crowsnest:		Interval: Discrete 0.033s (30.000 fps)
[07/16/25 08:59:54] crowsnest:		Interval: Discrete 0.040s (25.000 fps)
[07/16/25 08:59:54] crowsnest:		Interval: Discrete 0.050s (20.000 fps)
[07/16/25 08:59:54] crowsnest:		Interval: Discrete 0.067s (15.000 fps)
[07/16/25 08:59:54] crowsnest:		Interval: Discrete 0.100s (10.000 fps)
[07/16/25 08:59:54] crowsnest:		Interval: Discrete 0.200s (5.000 fps)
[07/16/25 08:59:54] crowsnest:		Size: Discrete 672x456
[07/16/25 08:59:54] crowsnest:		Interval: Discrete 0.033s (30.000 fps)
[07/16/25 08:59:54] crowsnest:		Interval: Discrete 0.040s (25.000 fps)
[07/16/25 08:59:54] crowsnest:		Interval: Discrete 0.050s (20.000 fps)
[07/16/25 08:59:54] crowsnest:		Interval: Discrete 0.067s (15.000 fps)
[07/16/25 08:59:54] crowsnest:		Interval: Discrete 0.100s (10.000 fps)
[07/16/25 08:59:54] crowsnest:		Interval: Discrete 0.200s (5.000 fps)
[07/16/25 08:59:54] crowsnest:		Size: Discrete 640x480
[07/16/25 08:59:54] crowsnest:		Interval: Discrete 0.033s (30.000 fps)
[07/16/25 08:59:54] crowsnest:		Interval: Discrete 0.040s (25.000 fps)
[07/16/25 08:59:54] crowsnest:		Interval: Discrete 0.050s (20.000 fps)
[07/16/25 08:59:54] crowsnest:		Interval: Discrete 0.067s (15.000 fps)
[07/16/25 08:59:54] crowsnest:		Interval: Discrete 0.100s (10.000 fps)
[07/16/25 08:59:54] crowsnest:		Interval: Discrete 0.200s (5.000 fps)
[07/16/25 08:59:54] crowsnest:		Size: Discrete 320x240
[07/16/25 08:59:54] crowsnest:		Interval: Discrete 0.033s (30.000 fps)
[07/16/25 08:59:54] crowsnest:		Interval: Discrete 0.040s (25.000 fps)
[07/16/25 08:59:54] crowsnest:		Interval: Discrete 0.050s (20.000 fps)
[07/16/25 08:59:54] crowsnest:		Interval: Discrete 0.067s (15.000 fps)
[07/16/25 08:59:54] crowsnest:		Interval: Discrete 0.100s (10.000 fps)
[07/16/25 08:59:54] crowsnest:		Interval: Discrete 0.200s (5.000 fps)
[07/16/25 08:59:54] crowsnest:		[1]: 'YUYV' (YUYV 4:2:2)
[07/16/25 08:59:54] crowsnest:		Size: Discrete 1280x720
[07/16/25 08:59:54] crowsnest:		Interval: Discrete 0.100s (10.000 fps)
[07/16/25 08:59:54] crowsnest:		Size: Discrete 800x480
[07/16/25 08:59:54] crowsnest:		Interval: Discrete 0.040s (25.000 fps)
[07/16/25 08:59:54] crowsnest:		Size: Discrete 672x456
[07/16/25 08:59:54] crowsnest:		Interval: Discrete 0.033s (30.000 fps)
[07/16/25 08:59:54] crowsnest:		Size: Discrete 640x480
[07/16/25 08:59:54] crowsnest:		Interval: Discrete 0.033s (30.000 fps)
[07/16/25 08:59:54] crowsnest:		Size: Discrete 320x240
[07/16/25 08:59:54] crowsnest:		Interval: Discrete 0.033s (30.000 fps)
[07/16/25 08:59:54] crowsnest: Supported Controls:
[07/16/25 08:59:54] crowsnest:		
[07/16/25 08:59:54] crowsnest:		User Controls
[07/16/25 08:59:54] crowsnest:		
[07/16/25 08:59:54] crowsnest:		brightness 0x00980900 (int)    : min=-64 max=64 step=1 default=0 value=0
[07/16/25 08:59:54] crowsnest:		contrast 0x00980901 (int)    : min=0 max=64 step=1 default=32 value=32
[07/16/25 08:59:54] crowsnest:		saturation 0x00980902 (int)    : min=0 max=128 step=1 default=64 value=64
[07/16/25 08:59:54] crowsnest:		hue 0x00980903 (int)    : min=-40 max=40 step=1 default=0 value=0
[07/16/25 08:59:54] crowsnest:		white_balance_automatic 0x0098090c (bool)   : default=1 value=1
[07/16/25 08:59:54] crowsnest:		gamma 0x00980910 (int)    : min=72 max=500 step=1 default=100 value=100
[07/16/25 08:59:54] crowsnest:		gain 0x00980913 (int)    : min=0 max=100 step=1 default=0 value=0
[07/16/25 08:59:54] crowsnest:		power_line_frequency 0x00980918 (menu)   : min=0 max=2 default=2 value=2
[07/16/25 08:59:54] crowsnest:		0: Disabled
[07/16/25 08:59:54] crowsnest:		1: 50 Hz
[07/16/25 08:59:54] crowsnest:		2: 60 Hz
[07/16/25 08:59:54] crowsnest:		white_balance_temperature 0x0098091a (int)    : min=2800 max=6500 step=1 default=4600 value=4600 flags=inactive
[07/16/25 08:59:54] crowsnest:		sharpness 0x0098091b (int)    : min=0 max=6 step=1 default=3 value=3
[07/16/25 08:59:54] crowsnest:		backlight_compensation 0x0098091c (int)    : min=0 max=2 step=1 default=1 value=1
[07/16/25 08:59:54] crowsnest:		
[07/16/25 08:59:54] crowsnest:		Camera Controls
[07/16/25 08:59:54] crowsnest:		
[07/16/25 08:59:54] crowsnest:		auto_exposure 0x009a0901 (menu)   : min=0 max=3 default=3 value=3
[07/16/25 08:59:54] crowsnest:		1: Manual Mode
[07/16/25 08:59:54] crowsnest:		3: Aperture Priority Mode
[07/16/25 08:59:54] crowsnest:		exposure_time_absolute 0x009a0902 (int)    : min=1 max=5000 step=1 default=156 value=156 flags=inactive
[07/16/25 08:59:54] crowsnest:		exposure_dynamic_framerate 0x009a0903 (bool)   : default=0 value=1
[07/16/25 08:59:55] crowsnest: Try to start configured Cams / Services...
[07/16/25 09:00:00] crowsnest: INFO: Configuration of Section [cam 1] looks good. Continue ...
[07/16/25 09:00:02] crowsnest: V4L2 Control: No parameters set for [cam 1]. Skipped.
[07/16/25 09:00:24] crowsnest: Starting ustreamer with Device /dev/video0 ...
[07/16/25 09:00:26] crowsnest:  ... Done!
[07/16/25 09:17:10] crowsnest: crowsnest - A webcam Service for multiple Cams and Stream Services.
[07/16/25 09:17:10] crowsnest: Version: v4.1.12-1-g9623b5f
[07/16/25 09:17:10] crowsnest: Prepare Startup ...
[07/16/25 09:17:10] crowsnest: INFO: Host information:
[07/16/25 09:17:10] crowsnest: Host Info: Distribution: Debian GNU/Linux 11 (bullseye)
[07/16/25 09:17:10] crowsnest: Host Info: Kernel: Linux 5.16.17-sun50iw9 aarch64
[07/16/25 09:17:10] crowsnest: Host Info: Available CPU Cores: 4
[07/16/25 09:17:10] crowsnest: Host Info: Available Memory: 1010632 kB
[07/16/25 09:17:10] crowsnest: Host Info: Diskspace (avail. / total): 21G / 29G
[07/16/25 09:17:10] crowsnest: INFO: Checking Dependencies
[07/16/25 09:17:11] crowsnest: Dependency: 'crudini' found in /usr/bin/crudini.
[07/16/25 09:17:11] crowsnest: Dependency: 'find' found in /usr/bin/find.
[07/16/25 09:17:11] crowsnest: Dependency: 'xargs' found in /usr/bin/xargs.
[07/16/25 09:17:11] crowsnest: Dependency: 'ustreamer' found in bin/ustreamer/src/ustreamer.bin.
[07/16/25 09:17:11] crowsnest: Version Control: ustreamer is up to date. (v6.31)
[07/16/25 09:17:11] crowsnest: INFO: Print Configfile: '/home/biqu/printer_data/config/crowsnest.conf'
[07/16/25 09:17:11] crowsnest:		[crowsnest]
[07/16/25 09:17:11] crowsnest:		log_path: ~/printer_data/logs/crowsnest.log
[07/16/25 09:17:11] crowsnest:		log_level: verbose
[07/16/25 09:17:11] crowsnest:		delete_log: false
[07/16/25 09:17:11] crowsnest:		no_proxy: false
[07/16/25 09:17:11] crowsnest:		
[07/16/25 09:17:11] crowsnest:		[cam 1]
[07/16/25 09:17:11] crowsnest:		mode: ustreamer
[07/16/25 09:17:11] crowsnest:		
[07/16/25 09:17:11] crowsnest:		enable_rtsp: false
[07/16/25 09:17:11] crowsnest:		rtsp_port: 8554
[07/16/25 09:17:11] crowsnest:		port: 8080
[07/16/25 09:17:11] crowsnest:		device: /dev/video0
[07/16/25 09:17:11] crowsnest:		resolution: 1280x720
[07/16/25 09:17:11] crowsnest:		max_fps: 30
[07/16/25 09:17:11] crowsnest: INFO: Detect available Devices
[07/16/25 09:17:11] crowsnest: INFO: Found 1 total available Device(s)
[07/16/25 09:17:11] crowsnest: INFO: Found 1 available v4l2 (UVC) camera(s)
[07/16/25 09:17:11] crowsnest: /dev/v4l/by-id/usb-HHW_microelectronics_Co.__Ltd._MGS1-video-index0 -> /dev/video0
[07/16/25 09:17:11] crowsnest: Supported Formats:
[07/16/25 09:17:11] crowsnest:		[0]: 'MJPG' (Motion-JPEG, compressed)
[07/16/25 09:17:11] crowsnest:		Size: Discrete 1280x720
[07/16/25 09:17:11] crowsnest:		Interval: Discrete 0.033s (30.000 fps)
[07/16/25 09:17:11] crowsnest:		Interval: Discrete 0.040s (25.000 fps)
[07/16/25 09:17:11] crowsnest:		Interval: Discrete 0.050s (20.000 fps)
[07/16/25 09:17:11] crowsnest:		Interval: Discrete 0.067s (15.000 fps)
[07/16/25 09:17:11] crowsnest:		Interval: Discrete 0.100s (10.000 fps)
[07/16/25 09:17:11] crowsnest:		Interval: Discrete 0.200s (5.000 fps)
[07/16/25 09:17:11] crowsnest:		Size: Discrete 800x480
[07/16/25 09:17:11] crowsnest:		Interval: Discrete 0.033s (30.000 fps)
[07/16/25 09:17:11] crowsnest:		Interval: Discrete 0.040s (25.000 fps)
[07/16/25 09:17:11] crowsnest:		Interval: Discrete 0.050s (20.000 fps)
[07/16/25 09:17:11] crowsnest:		Interval: Discrete 0.067s (15.000 fps)
[07/16/25 09:17:11] crowsnest:		Interval: Discrete 0.100s (10.000 fps)
[07/16/25 09:17:11] crowsnest:		Interval: Discrete 0.200s (5.000 fps)
[07/16/25 09:17:11] crowsnest:		Size: Discrete 672x456
[07/16/25 09:17:11] crowsnest:		Interval: Discrete 0.033s (30.000 fps)
[07/16/25 09:17:11] crowsnest:		Interval: Discrete 0.040s (25.000 fps)
[07/16/25 09:17:11] crowsnest:		Interval: Discrete 0.050s (20.000 fps)
[07/16/25 09:17:11] crowsnest:		Interval: Discrete 0.067s (15.000 fps)
[07/16/25 09:17:11] crowsnest:		Interval: Discrete 0.100s (10.000 fps)
[07/16/25 09:17:11] crowsnest:		Interval: Discrete 0.200s (5.000 fps)
[07/16/25 09:17:11] crowsnest:		Size: Discrete 640x480
[07/16/25 09:17:11] crowsnest:		Interval: Discrete 0.033s (30.000 fps)
[07/16/25 09:17:11] crowsnest:		Interval: Discrete 0.040s (25.000 fps)
[07/16/25 09:17:11] crowsnest:		Interval: Discrete 0.050s (20.000 fps)
[07/16/25 09:17:11] crowsnest:		Interval: Discrete 0.067s (15.000 fps)
[07/16/25 09:17:11] crowsnest:		Interval: Discrete 0.100s (10.000 fps)
[07/16/25 09:17:11] crowsnest:		Interval: Discrete 0.200s (5.000 fps)
[07/16/25 09:17:11] crowsnest:		Size: Discrete 320x240
[07/16/25 09:17:11] crowsnest:		Interval: Discrete 0.033s (30.000 fps)
[07/16/25 09:17:11] crowsnest:		Interval: Discrete 0.040s (25.000 fps)
[07/16/25 09:17:11] crowsnest:		Interval: Discrete 0.050s (20.000 fps)
[07/16/25 09:17:11] crowsnest:		Interval: Discrete 0.067s (15.000 fps)
[07/16/25 09:17:11] crowsnest:		Interval: Discrete 0.100s (10.000 fps)
[07/16/25 09:17:11] crowsnest:		Interval: Discrete 0.200s (5.000 fps)
[07/16/25 09:17:11] crowsnest:		[1]: 'YUYV' (YUYV 4:2:2)
[07/16/25 09:17:11] crowsnest:		Size: Discrete 1280x720
[07/16/25 09:17:11] crowsnest:		Interval: Discrete 0.100s (10.000 fps)
[07/16/25 09:17:11] crowsnest:		Size: Discrete 800x480
[07/16/25 09:17:11] crowsnest:		Interval: Discrete 0.040s (25.000 fps)
[07/16/25 09:17:11] crowsnest:		Size: Discrete 672x456
[07/16/25 09:17:11] crowsnest:		Interval: Discrete 0.033s (30.000 fps)
[07/16/25 09:17:11] crowsnest:		Size: Discrete 640x480
[07/16/25 09:17:11] crowsnest:		Interval: Discrete 0.033s (30.000 fps)
[07/16/25 09:17:11] crowsnest:		Size: Discrete 320x240
[07/16/25 09:17:11] crowsnest:		Interval: Discrete 0.033s (30.000 fps)
[07/16/25 09:17:11] crowsnest: Supported Controls:
[07/16/25 09:17:11] crowsnest:		
[07/16/25 09:17:11] crowsnest:		User Controls
[07/16/25 09:17:11] crowsnest:		
[07/16/25 09:17:11] crowsnest:		brightness 0x00980900 (int)    : min=-64 max=64 step=1 default=0 value=0
[07/16/25 09:17:11] crowsnest:		contrast 0x00980901 (int)    : min=0 max=64 step=1 default=32 value=32
[07/16/25 09:17:11] crowsnest:		saturation 0x00980902 (int)    : min=0 max=128 step=1 default=64 value=64
[07/16/25 09:17:11] crowsnest:		hue 0x00980903 (int)    : min=-40 max=40 step=1 default=0 value=0
[07/16/25 09:17:11] crowsnest:		white_balance_automatic 0x0098090c (bool)   : default=1 value=1
[07/16/25 09:17:11] crowsnest:		gamma 0x00980910 (int)    : min=72 max=500 step=1 default=100 value=100
[07/16/25 09:17:11] crowsnest:		gain 0x00980913 (int)    : min=0 max=100 step=1 default=0 value=0
[07/16/25 09:17:11] crowsnest:		power_line_frequency 0x00980918 (menu)   : min=0 max=2 default=2 value=2
[07/16/25 09:17:11] crowsnest:		0: Disabled
[07/16/25 09:17:11] crowsnest:		1: 50 Hz
[07/16/25 09:17:11] crowsnest:		2: 60 Hz
[07/16/25 09:17:11] crowsnest:		white_balance_temperature 0x0098091a (int)    : min=2800 max=6500 step=1 default=4600 value=4600 flags=inactive
[07/16/25 09:17:11] crowsnest:		sharpness 0x0098091b (int)    : min=0 max=6 step=1 default=3 value=3
[07/16/25 09:17:11] crowsnest:		backlight_compensation 0x0098091c (int)    : min=0 max=2 step=1 default=1 value=1
[07/16/25 09:17:11] crowsnest:		
[07/16/25 09:17:11] crowsnest:		Camera Controls
[07/16/25 09:17:11] crowsnest:		
[07/16/25 09:17:11] crowsnest:		auto_exposure 0x009a0901 (menu)   : min=0 max=3 default=3 value=3
[07/16/25 09:17:11] crowsnest:		1: Manual Mode
[07/16/25 09:17:11] crowsnest:		3: Aperture Priority Mode
[07/16/25 09:17:11] crowsnest:		exposure_time_absolute 0x009a0902 (int)    : min=1 max=5000 step=1 default=156 value=156 flags=inactive
[07/16/25 09:17:11] crowsnest:		exposure_dynamic_framerate 0x009a0903 (bool)   : default=0 value=1
[07/16/25 09:17:11] crowsnest: Try to start configured Cams / Services...
[07/16/25 09:17:16] crowsnest: INFO: Configuration of Section [cam 1] looks good. Continue ...
[07/16/25 09:17:18] crowsnest: V4L2 Control: No parameters set for [cam 1]. Skipped.
[07/16/25 09:17:22] crowsnest: Starting ustreamer with Device /dev/video0 ...
[07/16/25 09:17:23] crowsnest:  ... Done!
[07/16/25 09:17:10] crowsnest: crowsnest - A webcam Service for multiple Cams and Stream Services.
[07/16/25 09:17:10] crowsnest: Version: v4.1.12-1-g9623b5f
[07/16/25 09:17:10] crowsnest: Prepare Startup ...
[07/16/25 09:17:10] crowsnest: INFO: Host information:
[07/16/25 09:17:10] crowsnest: Host Info: Distribution: Debian GNU/Linux 11 (bullseye)
[07/16/25 09:17:10] crowsnest: Host Info: Kernel: Linux 5.16.17-sun50iw9 aarch64
[07/16/25 09:17:10] crowsnest: Host Info: Available CPU Cores: 4
[07/16/25 09:17:10] crowsnest: Host Info: Available Memory: 1010632 kB
[07/16/25 09:17:10] crowsnest: Host Info: Diskspace (avail. / total): 21G / 29G
[07/16/25 09:17:10] crowsnest: INFO: Checking Dependencies
[07/16/25 09:17:11] crowsnest: Dependency: 'crudini' found in /usr/bin/crudini.
[07/16/25 09:17:11] crowsnest: Dependency: 'find' found in /usr/bin/find.
[07/16/25 09:17:11] crowsnest: Dependency: 'xargs' found in /usr/bin/xargs.
[07/16/25 09:17:11] crowsnest: Dependency: 'ustreamer' found in bin/ustreamer/src/ustreamer.bin.
[07/16/25 09:17:11] crowsnest: Version Control: ustreamer is up to date. (v6.31)
[07/16/25 09:17:11] crowsnest: INFO: Print Configfile: '/home/biqu/printer_data/config/crowsnest.conf'
[07/16/25 09:17:11] crowsnest:		[crowsnest]
[07/16/25 09:17:11] crowsnest:		log_path: ~/printer_data/logs/crowsnest.log
[07/16/25 09:17:11] crowsnest:		log_level: verbose
[07/16/25 09:17:11] crowsnest:		delete_log: false
[07/16/25 09:17:11] crowsnest:		no_proxy: false
[07/16/25 09:17:11] crowsnest:		
[07/16/25 09:17:11] crowsnest:		[cam 1]
[07/16/25 09:17:11] crowsnest:		mode: ustreamer
[07/16/25 09:17:11] crowsnest:		
[07/16/25 09:17:11] crowsnest:		enable_rtsp: false
[07/16/25 09:17:11] crowsnest:		rtsp_port: 8554
[07/16/25 09:17:11] crowsnest:		port: 8080
[07/16/25 09:17:11] crowsnest:		device: /dev/video0
[07/16/25 09:17:11] crowsnest:		resolution: 1280x720
[07/16/25 09:17:11] crowsnest:		max_fps: 30
[07/16/25 09:17:11] crowsnest: INFO: Detect available Devices
[07/16/25 09:17:11] crowsnest: INFO: Found 1 total available Device(s)
[07/16/25 09:17:11] crowsnest: INFO: Found 1 available v4l2 (UVC) camera(s)
[07/16/25 09:17:11] crowsnest: /dev/v4l/by-id/usb-HHW_microelectronics_Co.__Ltd._MGS1-video-index0 -> /dev/video0
[07/16/25 09:17:11] crowsnest: Supported Formats:
[07/16/25 09:17:11] crowsnest:		[0]: 'MJPG' (Motion-JPEG, compressed)
[07/16/25 09:17:11] crowsnest:		Size: Discrete 1280x720
[07/16/25 09:17:11] crowsnest:		Interval: Discrete 0.033s (30.000 fps)
[07/16/25 09:17:11] crowsnest:		Interval: Discrete 0.040s (25.000 fps)
[07/16/25 09:17:11] crowsnest:		Interval: Discrete 0.050s (20.000 fps)
[07/16/25 09:17:11] crowsnest:		Interval: Discrete 0.067s (15.000 fps)
[07/16/25 09:17:11] crowsnest:		Interval: Discrete 0.100s (10.000 fps)
[07/16/25 09:17:11] crowsnest:		Interval: Discrete 0.200s (5.000 fps)
[07/16/25 09:17:11] crowsnest:		Size: Discrete 800x480
[07/16/25 09:17:11] crowsnest:		Interval: Discrete 0.033s (30.000 fps)
[07/16/25 09:17:11] crowsnest:		Interval: Discrete 0.040s (25.000 fps)
[07/16/25 09:17:11] crowsnest:		Interval: Discrete 0.050s (20.000 fps)
[07/16/25 09:17:11] crowsnest:		Interval: Discrete 0.067s (15.000 fps)
[07/16/25 09:17:11] crowsnest:		Interval: Discrete 0.100s (10.000 fps)
[07/16/25 09:17:11] crowsnest:		Interval: Discrete 0.200s (5.000 fps)
[07/16/25 09:17:11] crowsnest:		Size: Discrete 672x456
[07/16/25 09:17:11] crowsnest:		Interval: Discrete 0.033s (30.000 fps)
[07/16/25 09:17:11] crowsnest:		Interval: Discrete 0.040s (25.000 fps)
[07/16/25 09:17:11] crowsnest:		Interval: Discrete 0.050s (20.000 fps)
[07/16/25 09:17:11] crowsnest:		Interval: Discrete 0.067s (15.000 fps)
[07/16/25 09:17:11] crowsnest:		Interval: Discrete 0.100s (10.000 fps)
[07/16/25 09:17:11] crowsnest:		Interval: Discrete 0.200s (5.000 fps)
[07/16/25 09:17:11] crowsnest:		Size: Discrete 640x480
[07/16/25 09:17:11] crowsnest:		Interval: Discrete 0.033s (30.000 fps)
[07/16/25 09:17:11] crowsnest:		Interval: Discrete 0.040s (25.000 fps)
[07/16/25 09:17:11] crowsnest:		Interval: Discrete 0.050s (20.000 fps)
[07/16/25 09:17:11] crowsnest:		Interval: Discrete 0.067s (15.000 fps)
[07/16/25 09:17:11] crowsnest:		Interval: Discrete 0.100s (10.000 fps)
[07/16/25 09:17:11] crowsnest:		Interval: Discrete 0.200s (5.000 fps)
[07/16/25 09:17:11] crowsnest:		Size: Discrete 320x240
[07/16/25 09:17:11] crowsnest:		Interval: Discrete 0.033s (30.000 fps)
[07/16/25 09:17:11] crowsnest:		Interval: Discrete 0.040s (25.000 fps)
[07/16/25 09:17:11] crowsnest:		Interval: Discrete 0.050s (20.000 fps)
[07/16/25 09:17:11] crowsnest:		Interval: Discrete 0.067s (15.000 fps)
[07/16/25 09:17:11] crowsnest:		Interval: Discrete 0.100s (10.000 fps)
[07/16/25 09:17:11] crowsnest:		Interval: Discrete 0.200s (5.000 fps)
[07/16/25 09:17:11] crowsnest:		[1]: 'YUYV' (YUYV 4:2:2)
[07/16/25 09:17:11] crowsnest:		Size: Discrete 1280x720
[07/16/25 09:17:11] crowsnest:		Interval: Discrete 0.100s (10.000 fps)
[07/16/25 09:17:11] crowsnest:		Size: Discrete 800x480
[07/16/25 09:17:11] crowsnest:		Interval: Discrete 0.040s (25.000 fps)
[07/16/25 09:17:11] crowsnest:		Size: Discrete 672x456
[07/16/25 09:17:11] crowsnest:		Interval: Discrete 0.033s (30.000 fps)
[07/16/25 09:17:11] crowsnest:		Size: Discrete 640x480
[07/16/25 09:17:11] crowsnest:		Interval: Discrete 0.033s (30.000 fps)
[07/16/25 09:17:11] crowsnest:		Size: Discrete 320x240
[07/16/25 09:17:11] crowsnest:		Interval: Discrete 0.033s (30.000 fps)
[07/16/25 09:17:12] crowsnest: Supported Controls:
[07/16/25 09:17:12] crowsnest:		
[07/16/25 09:17:12] crowsnest:		User Controls
[07/16/25 09:17:12] crowsnest:		
[07/16/25 09:17:12] crowsnest:		brightness 0x00980900 (int)    : min=-64 max=64 step=1 default=0 value=0
[07/16/25 09:17:12] crowsnest:		contrast 0x00980901 (int)    : min=0 max=64 step=1 default=32 value=32
[07/16/25 09:17:12] crowsnest:		saturation 0x00980902 (int)    : min=0 max=128 step=1 default=64 value=64
[07/16/25 09:17:12] crowsnest:		hue 0x00980903 (int)    : min=-40 max=40 step=1 default=0 value=0
[07/16/25 09:17:12] crowsnest:		white_balance_automatic 0x0098090c (bool)   : default=1 value=1
[07/16/25 09:17:12] crowsnest:		gamma 0x00980910 (int)    : min=72 max=500 step=1 default=100 value=100
[07/16/25 09:17:12] crowsnest:		gain 0x00980913 (int)    : min=0 max=100 step=1 default=0 value=0
[07/16/25 09:17:12] crowsnest:		power_line_frequency 0x00980918 (menu)   : min=0 max=2 default=2 value=2
[07/16/25 09:17:12] crowsnest:		0: Disabled
[07/16/25 09:17:12] crowsnest:		1: 50 Hz
[07/16/25 09:17:12] crowsnest:		2: 60 Hz
[07/16/25 09:17:12] crowsnest:		white_balance_temperature 0x0098091a (int)    : min=2800 max=6500 step=1 default=4600 value=4600 flags=inactive
[07/16/25 09:17:12] crowsnest:		sharpness 0x0098091b (int)    : min=0 max=6 step=1 default=3 value=3
[07/16/25 09:17:12] crowsnest:		backlight_compensation 0x0098091c (int)    : min=0 max=2 step=1 default=1 value=1
[07/16/25 09:17:12] crowsnest:		
[07/16/25 09:17:12] crowsnest:		Camera Controls
[07/16/25 09:17:12] crowsnest:		
[07/16/25 09:17:12] crowsnest:		auto_exposure 0x009a0901 (menu)   : min=0 max=3 default=3 value=3
[07/16/25 09:17:12] crowsnest:		1: Manual Mode
[07/16/25 09:17:12] crowsnest:		3: Aperture Priority Mode
[07/16/25 09:17:12] crowsnest:		exposure_time_absolute 0x009a0902 (int)    : min=1 max=5000 step=1 default=156 value=156 flags=inactive
[07/16/25 09:17:12] crowsnest:		exposure_dynamic_framerate 0x009a0903 (bool)   : default=0 value=1
[07/16/25 09:17:12] crowsnest: Try to start configured Cams / Services...
[07/16/25 09:17:17] crowsnest: INFO: Configuration of Section [cam 1] looks good. Continue ...
[07/16/25 09:17:19] crowsnest: V4L2 Control: No parameters set for [cam 1]. Skipped.
[07/16/25 09:17:23] crowsnest: Starting ustreamer with Device /dev/video0 ...
[07/16/25 09:17:24] crowsnest:  ... Done!
[07/16/25 09:17:10] crowsnest: crowsnest - A webcam Service for multiple Cams and Stream Services.
[07/16/25 09:17:10] crowsnest: Version: v4.1.12-1-g9623b5f
[07/16/25 09:17:10] crowsnest: Prepare Startup ...
[07/16/25 09:17:10] crowsnest: INFO: Host information:
[07/16/25 09:17:10] crowsnest: Host Info: Distribution: Debian GNU/Linux 11 (bullseye)
[07/16/25 09:17:10] crowsnest: Host Info: Kernel: Linux 5.16.17-sun50iw9 aarch64
[07/16/25 09:17:10] crowsnest: Host Info: Available CPU Cores: 4
[07/16/25 09:17:10] crowsnest: Host Info: Available Memory: 1010632 kB
[07/16/25 09:17:10] crowsnest: Host Info: Diskspace (avail. / total): 21G / 29G
[07/16/25 09:17:10] crowsnest: INFO: Checking Dependencies
[07/16/25 09:17:11] crowsnest: Dependency: 'crudini' found in /usr/bin/crudini.
[07/16/25 09:17:11] crowsnest: Dependency: 'find' found in /usr/bin/find.
[07/16/25 09:17:11] crowsnest: Dependency: 'xargs' found in /usr/bin/xargs.
[07/16/25 09:17:11] crowsnest: Dependency: 'ustreamer' found in bin/ustreamer/src/ustreamer.bin.
[07/16/25 09:17:11] crowsnest: Version Control: ustreamer is up to date. (v6.31)
[07/16/25 09:17:11] crowsnest: INFO: Print Configfile: '/home/biqu/printer_data/config/crowsnest.conf'
[07/16/25 09:17:11] crowsnest:		[crowsnest]
[07/16/25 09:17:11] crowsnest:		log_path: ~/printer_data/logs/crowsnest.log
[07/16/25 09:17:11] crowsnest:		log_level: verbose
[07/16/25 09:17:11] crowsnest:		delete_log: false
[07/16/25 09:17:11] crowsnest:		no_proxy: false
[07/16/25 09:17:11] crowsnest:		
[07/16/25 09:17:11] crowsnest:		[cam 1]
[07/16/25 09:17:11] crowsnest:		mode: ustreamer
[07/16/25 09:17:11] crowsnest:		
[07/16/25 09:17:11] crowsnest:		enable_rtsp: false
[07/16/25 09:17:11] crowsnest:		rtsp_port: 8554
[07/16/25 09:17:11] crowsnest:		port: 8080
[07/16/25 09:17:11] crowsnest:		device: /dev/video0
[07/16/25 09:17:11] crowsnest:		resolution: 1280x720
[07/16/25 09:17:11] crowsnest:		max_fps: 30
[07/16/25 09:17:11] crowsnest: INFO: Detect available Devices
[07/16/25 09:17:11] crowsnest: INFO: Found 1 total available Device(s)
[07/16/25 09:17:11] crowsnest: INFO: Found 1 available v4l2 (UVC) camera(s)
[07/16/25 09:17:11] crowsnest: /dev/v4l/by-id/usb-HHW_microelectronics_Co.__Ltd._MGS1-video-index0 -> /dev/video0
[07/16/25 09:17:11] crowsnest: Supported Formats:
[07/16/25 09:17:11] crowsnest:		[0]: 'MJPG' (Motion-JPEG, compressed)
[07/16/25 09:17:11] crowsnest:		Size: Discrete 1280x720
[07/16/25 09:17:11] crowsnest:		Interval: Discrete 0.033s (30.000 fps)
[07/16/25 09:17:11] crowsnest:		Interval: Discrete 0.040s (25.000 fps)
[07/16/25 09:17:11] crowsnest:		Interval: Discrete 0.050s (20.000 fps)
[07/16/25 09:17:11] crowsnest:		Interval: Discrete 0.067s (15.000 fps)
[07/16/25 09:17:11] crowsnest:		Interval: Discrete 0.100s (10.000 fps)
[07/16/25 09:17:11] crowsnest:		Interval: Discrete 0.200s (5.000 fps)
[07/16/25 09:17:11] crowsnest:		Size: Discrete 800x480
[07/16/25 09:17:11] crowsnest:		Interval: Discrete 0.033s (30.000 fps)
[07/16/25 09:17:11] crowsnest:		Interval: Discrete 0.040s (25.000 fps)
[07/16/25 09:17:11] crowsnest:		Interval: Discrete 0.050s (20.000 fps)
[07/16/25 09:17:11] crowsnest:		Interval: Discrete 0.067s (15.000 fps)
[07/16/25 09:17:11] crowsnest:		Interval: Discrete 0.100s (10.000 fps)
[07/16/25 09:17:11] crowsnest:		Interval: Discrete 0.200s (5.000 fps)
[07/16/25 09:17:11] crowsnest:		Size: Discrete 672x456
[07/16/25 09:17:11] crowsnest:		Interval: Discrete 0.033s (30.000 fps)
[07/16/25 09:17:11] crowsnest:		Interval: Discrete 0.040s (25.000 fps)
[07/16/25 09:17:11] crowsnest:		Interval: Discrete 0.050s (20.000 fps)
[07/16/25 09:17:11] crowsnest:		Interval: Discrete 0.067s (15.000 fps)
[07/16/25 09:17:11] crowsnest:		Interval: Discrete 0.100s (10.000 fps)
[07/16/25 09:17:11] crowsnest:		Interval: Discrete 0.200s (5.000 fps)
[07/16/25 09:17:11] crowsnest:		Size: Discrete 640x480
[07/16/25 09:17:11] crowsnest:		Interval: Discrete 0.033s (30.000 fps)
[07/16/25 09:17:11] crowsnest:		Interval: Discrete 0.040s (25.000 fps)
[07/16/25 09:17:11] crowsnest:		Interval: Discrete 0.050s (20.000 fps)
[07/16/25 09:17:11] crowsnest:		Interval: Discrete 0.067s (15.000 fps)
[07/16/25 09:17:11] crowsnest:		Interval: Discrete 0.100s (10.000 fps)
[07/16/25 09:17:11] crowsnest:		Interval: Discrete 0.200s (5.000 fps)
[07/16/25 09:17:11] crowsnest:		Size: Discrete 320x240
[07/16/25 09:17:11] crowsnest:		Interval: Discrete 0.033s (30.000 fps)
[07/16/25 09:17:11] crowsnest:		Interval: Discrete 0.040s (25.000 fps)
[07/16/25 09:17:11] crowsnest:		Interval: Discrete 0.050s (20.000 fps)
[07/16/25 09:17:11] crowsnest:		Interval: Discrete 0.067s (15.000 fps)
[07/16/25 09:17:11] crowsnest:		Interval: Discrete 0.100s (10.000 fps)
[07/16/25 09:17:11] crowsnest:		Interval: Discrete 0.200s (5.000 fps)
[07/16/25 09:17:11] crowsnest:		[1]: 'YUYV' (YUYV 4:2:2)
[07/16/25 09:17:11] crowsnest:		Size: Discrete 1280x720
[07/16/25 09:17:11] crowsnest:		Interval: Discrete 0.100s (10.000 fps)
[07/16/25 09:17:11] crowsnest:		Size: Discrete 800x480
[07/16/25 09:17:11] crowsnest:		Interval: Discrete 0.040s (25.000 fps)
[07/16/25 09:17:11] crowsnest:		Size: Discrete 672x456
[07/16/25 09:17:11] crowsnest:		Interval: Discrete 0.033s (30.000 fps)
[07/16/25 09:17:11] crowsnest:		Size: Discrete 640x480
[07/16/25 09:17:11] crowsnest:		Interval: Discrete 0.033s (30.000 fps)
[07/16/25 09:17:11] crowsnest:		Size: Discrete 320x240
[07/16/25 09:17:11] crowsnest:		Interval: Discrete 0.033s (30.000 fps)
[07/16/25 09:17:11] crowsnest: Supported Controls:
[07/16/25 09:17:11] crowsnest:		
[07/16/25 09:17:11] crowsnest:		User Controls
[07/16/25 09:17:11] crowsnest:		
[07/16/25 09:17:11] crowsnest:		brightness 0x00980900 (int)    : min=-64 max=64 step=1 default=0 value=0
[07/16/25 09:17:11] crowsnest:		contrast 0x00980901 (int)    : min=0 max=64 step=1 default=32 value=32
[07/16/25 09:17:11] crowsnest:		saturation 0x00980902 (int)    : min=0 max=128 step=1 default=64 value=64
[07/16/25 09:17:11] crowsnest:		hue 0x00980903 (int)    : min=-40 max=40 step=1 default=0 value=0
[07/16/25 09:17:11] crowsnest:		white_balance_automatic 0x0098090c (bool)   : default=1 value=1
[07/16/25 09:17:11] crowsnest:		gamma 0x00980910 (int)    : min=72 max=500 step=1 default=100 value=100
[07/16/25 09:17:11] crowsnest:		gain 0x00980913 (int)    : min=0 max=100 step=1 default=0 value=0
[07/16/25 09:17:11] crowsnest:		power_line_frequency 0x00980918 (menu)   : min=0 max=2 default=2 value=2
[07/16/25 09:17:11] crowsnest:		0: Disabled
[07/16/25 09:17:11] crowsnest:		1: 50 Hz
[07/16/25 09:17:11] crowsnest:		2: 60 Hz
[07/16/25 09:17:11] crowsnest:		white_balance_temperature 0x0098091a (int)    : min=2800 max=6500 step=1 default=4600 value=4600 flags=inactive
[07/16/25 09:17:11] crowsnest:		sharpness 0x0098091b (int)    : min=0 max=6 step=1 default=3 value=3
[07/16/25 09:17:11] crowsnest:		backlight_compensation 0x0098091c (int)    : min=0 max=2 step=1 default=1 value=1
[07/16/25 09:17:11] crowsnest:		
[07/16/25 09:17:11] crowsnest:		Camera Controls
[07/16/25 09:17:11] crowsnest:		
[07/16/25 09:17:11] crowsnest:		auto_exposure 0x009a0901 (menu)   : min=0 max=3 default=3 value=3
[07/16/25 09:17:11] crowsnest:		1: Manual Mode
[07/16/25 09:17:11] crowsnest:		3: Aperture Priority Mode
[07/16/25 09:17:11] crowsnest:		exposure_time_absolute 0x009a0902 (int)    : min=1 max=5000 step=1 default=156 value=156 flags=inactive
[07/16/25 09:17:11] crowsnest:		exposure_dynamic_framerate 0x009a0903 (bool)   : default=0 value=1
[07/16/25 09:17:11] crowsnest: Try to start configured Cams / Services...
[07/17/25 00:38:33] crowsnest: INFO: Configuration of Section [cam 1] looks good. Continue ...
[07/17/25 00:38:35] crowsnest: V4L2 Control: No parameters set for [cam 1]. Skipped.
[07/17/25 00:38:39] crowsnest: Starting ustreamer with Device /dev/video0 ...
[07/17/25 00:38:40] crowsnest:  ... Done!
[07/18/25 00:17:10] crowsnest: crowsnest - A webcam Service for multiple Cams and Stream Services.
[07/18/25 00:17:10] crowsnest: Version: v4.1.12-1-g9623b5f
[07/18/25 00:17:10] crowsnest: Prepare Startup ...
[07/18/25 00:17:10] crowsnest: INFO: Host information:
[07/18/25 00:17:10] crowsnest: Host Info: Distribution: Debian GNU/Linux 11 (bullseye)
[07/18/25 00:17:10] crowsnest: Host Info: Kernel: Linux 5.16.17-sun50iw9 aarch64
[07/18/25 00:17:10] crowsnest: Host Info: Available CPU Cores: 4
[07/18/25 00:17:10] crowsnest: Host Info: Available Memory: 1010632 kB
[07/18/25 00:17:10] crowsnest: Host Info: Diskspace (avail. / total): 21G / 29G
[07/18/25 00:17:10] crowsnest: INFO: Checking Dependencies
[07/18/25 00:17:11] crowsnest: Dependency: 'crudini' found in /usr/bin/crudini.
[07/18/25 00:17:11] crowsnest: Dependency: 'find' found in /usr/bin/find.
[07/18/25 00:17:11] crowsnest: Dependency: 'xargs' found in /usr/bin/xargs.
[07/18/25 00:17:11] crowsnest: Dependency: 'ustreamer' found in bin/ustreamer/src/ustreamer.bin.
[07/18/25 00:17:11] crowsnest: Version Control: ustreamer is up to date. (v6.31)
[07/18/25 00:17:11] crowsnest: INFO: Print Configfile: '/home/biqu/printer_data/config/crowsnest.conf'
[07/18/25 00:17:11] crowsnest:		[crowsnest]
[07/18/25 00:17:11] crowsnest:		log_path: ~/printer_data/logs/crowsnest.log
[07/18/25 00:17:11] crowsnest:		log_level: verbose
[07/18/25 00:17:11] crowsnest:		delete_log: false
[07/18/25 00:17:11] crowsnest:		no_proxy: false
[07/18/25 00:17:11] crowsnest:		
[07/18/25 00:17:11] crowsnest:		[cam 1]
[07/18/25 00:17:11] crowsnest:		mode: ustreamer
[07/18/25 00:17:11] crowsnest:		
[07/18/25 00:17:11] crowsnest:		enable_rtsp: false
[07/18/25 00:17:11] crowsnest:		rtsp_port: 8554
[07/18/25 00:17:11] crowsnest:		port: 8080
[07/18/25 00:17:11] crowsnest:		device: /dev/video0
[07/18/25 00:17:11] crowsnest:		resolution: 1280x720
[07/18/25 00:17:11] crowsnest:		max_fps: 30
[07/18/25 00:17:11] crowsnest: INFO: Detect available Devices
[07/18/25 00:17:11] crowsnest: INFO: Found 1 total available Device(s)
[07/18/25 00:17:11] crowsnest: INFO: Found 1 available v4l2 (UVC) camera(s)
[07/18/25 00:17:11] crowsnest: /dev/v4l/by-id/usb-HHW_microelectronics_Co.__Ltd._MGS1-video-index0 -> /dev/video0
[07/18/25 00:17:11] crowsnest: Supported Formats:
[07/18/25 00:17:11] crowsnest:		[0]: 'MJPG' (Motion-JPEG, compressed)
[07/18/25 00:17:11] crowsnest:		Size: Discrete 1280x720
[07/18/25 00:17:11] crowsnest:		Interval: Discrete 0.033s (30.000 fps)
[07/18/25 00:17:11] crowsnest:		Interval: Discrete 0.040s (25.000 fps)
[07/18/25 00:17:11] crowsnest:		Interval: Discrete 0.050s (20.000 fps)
[07/18/25 00:17:11] crowsnest:		Interval: Discrete 0.067s (15.000 fps)
[07/18/25 00:17:11] crowsnest:		Interval: Discrete 0.100s (10.000 fps)
[07/18/25 00:17:11] crowsnest:		Interval: Discrete 0.200s (5.000 fps)
[07/18/25 00:17:11] crowsnest:		Size: Discrete 800x480
[07/18/25 00:17:11] crowsnest:		Interval: Discrete 0.033s (30.000 fps)
[07/18/25 00:17:11] crowsnest:		Interval: Discrete 0.040s (25.000 fps)
[07/18/25 00:17:11] crowsnest:		Interval: Discrete 0.050s (20.000 fps)
[07/18/25 00:17:11] crowsnest:		Interval: Discrete 0.067s (15.000 fps)
[07/18/25 00:17:11] crowsnest:		Interval: Discrete 0.100s (10.000 fps)
[07/18/25 00:17:11] crowsnest:		Interval: Discrete 0.200s (5.000 fps)
[07/18/25 00:17:11] crowsnest:		Size: Discrete 672x456
[07/18/25 00:17:11] crowsnest:		Interval: Discrete 0.033s (30.000 fps)
[07/18/25 00:17:11] crowsnest:		Interval: Discrete 0.040s (25.000 fps)
[07/18/25 00:17:11] crowsnest:		Interval: Discrete 0.050s (20.000 fps)
[07/18/25 00:17:11] crowsnest:		Interval: Discrete 0.067s (15.000 fps)
[07/18/25 00:17:11] crowsnest:		Interval: Discrete 0.100s (10.000 fps)
[07/18/25 00:17:11] crowsnest:		Interval: Discrete 0.200s (5.000 fps)
[07/18/25 00:17:11] crowsnest:		Size: Discrete 640x480
[07/18/25 00:17:11] crowsnest:		Interval: Discrete 0.033s (30.000 fps)
[07/18/25 00:17:11] crowsnest:		Interval: Discrete 0.040s (25.000 fps)
[07/18/25 00:17:11] crowsnest:		Interval: Discrete 0.050s (20.000 fps)
[07/18/25 00:17:11] crowsnest:		Interval: Discrete 0.067s (15.000 fps)
[07/18/25 00:17:11] crowsnest:		Interval: Discrete 0.100s (10.000 fps)
[07/18/25 00:17:11] crowsnest:		Interval: Discrete 0.200s (5.000 fps)
[07/18/25 00:17:11] crowsnest:		Size: Discrete 320x240
[07/18/25 00:17:11] crowsnest:		Interval: Discrete 0.033s (30.000 fps)
[07/18/25 00:17:11] crowsnest:		Interval: Discrete 0.040s (25.000 fps)
[07/18/25 00:17:11] crowsnest:		Interval: Discrete 0.050s (20.000 fps)
[07/18/25 00:17:11] crowsnest:		Interval: Discrete 0.067s (15.000 fps)
[07/18/25 00:17:11] crowsnest:		Interval: Discrete 0.100s (10.000 fps)
[07/18/25 00:17:11] crowsnest:		Interval: Discrete 0.200s (5.000 fps)
[07/18/25 00:17:11] crowsnest:		[1]: 'YUYV' (YUYV 4:2:2)
[07/18/25 00:17:11] crowsnest:		Size: Discrete 1280x720
[07/18/25 00:17:11] crowsnest:		Interval: Discrete 0.100s (10.000 fps)
[07/18/25 00:17:11] crowsnest:		Size: Discrete 800x480
[07/18/25 00:17:11] crowsnest:		Interval: Discrete 0.040s (25.000 fps)
[07/18/25 00:17:11] crowsnest:		Size: Discrete 672x456
[07/18/25 00:17:11] crowsnest:		Interval: Discrete 0.033s (30.000 fps)
[07/18/25 00:17:11] crowsnest:		Size: Discrete 640x480
[07/18/25 00:17:11] crowsnest:		Interval: Discrete 0.033s (30.000 fps)
[07/18/25 00:17:11] crowsnest:		Size: Discrete 320x240
[07/18/25 00:17:11] crowsnest:		Interval: Discrete 0.033s (30.000 fps)
[07/18/25 00:17:11] crowsnest: Supported Controls:
[07/18/25 00:17:11] crowsnest:		
[07/18/25 00:17:11] crowsnest:		User Controls
[07/18/25 00:17:11] crowsnest:		
[07/18/25 00:17:11] crowsnest:		brightness 0x00980900 (int)    : min=-64 max=64 step=1 default=0 value=0
[07/18/25 00:17:11] crowsnest:		contrast 0x00980901 (int)    : min=0 max=64 step=1 default=32 value=32
[07/18/25 00:17:11] crowsnest:		saturation 0x00980902 (int)    : min=0 max=128 step=1 default=64 value=64
[07/18/25 00:17:11] crowsnest:		hue 0x00980903 (int)    : min=-40 max=40 step=1 default=0 value=0
[07/18/25 00:17:11] crowsnest:		white_balance_automatic 0x0098090c (bool)   : default=1 value=1
[07/18/25 00:17:11] crowsnest:		gamma 0x00980910 (int)    : min=72 max=500 step=1 default=100 value=100
[07/18/25 00:17:11] crowsnest:		gain 0x00980913 (int)    : min=0 max=100 step=1 default=0 value=0
[07/18/25 00:17:11] crowsnest:		power_line_frequency 0x00980918 (menu)   : min=0 max=2 default=2 value=2
[07/18/25 00:17:11] crowsnest:		0: Disabled
[07/18/25 00:17:11] crowsnest:		1: 50 Hz
[07/18/25 00:17:11] crowsnest:		2: 60 Hz
[07/18/25 00:17:11] crowsnest:		white_balance_temperature 0x0098091a (int)    : min=2800 max=6500 step=1 default=4600 value=4600 flags=inactive
[07/18/25 00:17:11] crowsnest:		sharpness 0x0098091b (int)    : min=0 max=6 step=1 default=3 value=3
[07/18/25 00:17:11] crowsnest:		backlight_compensation 0x0098091c (int)    : min=0 max=2 step=1 default=1 value=1
[07/18/25 00:17:11] crowsnest:		
[07/18/25 00:17:11] crowsnest:		Camera Controls
[07/18/25 00:17:11] crowsnest:		
[07/18/25 00:17:11] crowsnest:		auto_exposure 0x009a0901 (menu)   : min=0 max=3 default=3 value=3
[07/18/25 00:17:11] crowsnest:		1: Manual Mode
[07/18/25 00:17:11] crowsnest:		3: Aperture Priority Mode
[07/18/25 00:17:11] crowsnest:		exposure_time_absolute 0x009a0902 (int)    : min=1 max=5000 step=1 default=156 value=156 flags=inactive
[07/18/25 00:17:11] crowsnest:		exposure_dynamic_framerate 0x009a0903 (bool)   : default=0 value=1
[07/18/25 00:17:12] crowsnest: Try to start configured Cams / Services...
[07/18/25 00:17:17] crowsnest: INFO: Configuration of Section [cam 1] looks good. Continue ...
[07/18/25 00:17:18] crowsnest: V4L2 Control: No parameters set for [cam 1]. Skipped.
[07/18/25 00:17:23] crowsnest: Starting ustreamer with Device /dev/video0 ...
[07/18/25 00:17:24] crowsnest:  ... Done!
[07/18/25 00:17:10] crowsnest: crowsnest - A webcam Service for multiple Cams and Stream Services.
[07/18/25 00:17:10] crowsnest: Version: v4.1.12-1-g9623b5f
[07/18/25 00:17:10] crowsnest: Prepare Startup ...
[07/18/25 00:17:10] crowsnest: INFO: Host information:
[07/18/25 00:17:10] crowsnest: Host Info: Distribution: Debian GNU/Linux 11 (bullseye)
[07/18/25 00:17:10] crowsnest: Host Info: Kernel: Linux 5.16.17-sun50iw9 aarch64
[07/18/25 00:17:10] crowsnest: Host Info: Available CPU Cores: 4
[07/18/25 00:17:10] crowsnest: Host Info: Available Memory: 1010632 kB
[07/18/25 00:17:10] crowsnest: Host Info: Diskspace (avail. / total): 21G / 29G
[07/18/25 00:17:10] crowsnest: INFO: Checking Dependencies
[07/18/25 00:17:11] crowsnest: Dependency: 'crudini' found in /usr/bin/crudini.
[07/18/25 00:17:11] crowsnest: Dependency: 'find' found in /usr/bin/find.
[07/18/25 00:17:11] crowsnest: Dependency: 'xargs' found in /usr/bin/xargs.
[07/18/25 00:17:11] crowsnest: Dependency: 'ustreamer' found in bin/ustreamer/src/ustreamer.bin.
[07/18/25 00:17:11] crowsnest: Version Control: ustreamer is up to date. (v6.31)
[07/18/25 00:17:11] crowsnest: INFO: Print Configfile: '/home/biqu/printer_data/config/crowsnest.conf'
[07/18/25 00:17:11] crowsnest:		[crowsnest]
[07/18/25 00:17:11] crowsnest:		log_path: ~/printer_data/logs/crowsnest.log
[07/18/25 00:17:11] crowsnest:		log_level: verbose
[07/18/25 00:17:11] crowsnest:		delete_log: false
[07/18/25 00:17:11] crowsnest:		no_proxy: false
[07/18/25 00:17:11] crowsnest:		
[07/18/25 00:17:11] crowsnest:		[cam 1]
[07/18/25 00:17:11] crowsnest:		mode: ustreamer
[07/18/25 00:17:11] crowsnest:		
[07/18/25 00:17:11] crowsnest:		enable_rtsp: false
[07/18/25 00:17:11] crowsnest:		rtsp_port: 8554
[07/18/25 00:17:11] crowsnest:		port: 8080
[07/18/25 00:17:11] crowsnest:		device: /dev/video0
[07/18/25 00:17:11] crowsnest:		resolution: 1280x720
[07/18/25 00:17:11] crowsnest:		max_fps: 30
[07/18/25 00:17:11] crowsnest: INFO: Detect available Devices
[07/18/25 00:17:11] crowsnest: INFO: Found 1 total available Device(s)
[07/18/25 00:17:11] crowsnest: INFO: Found 1 available v4l2 (UVC) camera(s)
[07/18/25 00:17:11] crowsnest: /dev/v4l/by-id/usb-HHW_microelectronics_Co.__Ltd._MGS1-video-index0 -> /dev/video0
[07/18/25 00:17:11] crowsnest: Supported Formats:
[07/18/25 00:17:11] crowsnest:		[0]: 'MJPG' (Motion-JPEG, compressed)
[07/18/25 00:17:11] crowsnest:		Size: Discrete 1280x720
[07/18/25 00:17:11] crowsnest:		Interval: Discrete 0.033s (30.000 fps)
[07/18/25 00:17:11] crowsnest:		Interval: Discrete 0.040s (25.000 fps)
[07/18/25 00:17:11] crowsnest:		Interval: Discrete 0.050s (20.000 fps)
[07/18/25 00:17:11] crowsnest:		Interval: Discrete 0.067s (15.000 fps)
[07/18/25 00:17:11] crowsnest:		Interval: Discrete 0.100s (10.000 fps)
[07/18/25 00:17:11] crowsnest:		Interval: Discrete 0.200s (5.000 fps)
[07/18/25 00:17:11] crowsnest:		Size: Discrete 800x480
[07/18/25 00:17:11] crowsnest:		Interval: Discrete 0.033s (30.000 fps)
[07/18/25 00:17:11] crowsnest:		Interval: Discrete 0.040s (25.000 fps)
[07/18/25 00:17:11] crowsnest:		Interval: Discrete 0.050s (20.000 fps)
[07/18/25 00:17:11] crowsnest:		Interval: Discrete 0.067s (15.000 fps)
[07/18/25 00:17:11] crowsnest:		Interval: Discrete 0.100s (10.000 fps)
[07/18/25 00:17:11] crowsnest:		Interval: Discrete 0.200s (5.000 fps)
[07/18/25 00:17:11] crowsnest:		Size: Discrete 672x456
[07/18/25 00:17:11] crowsnest:		Interval: Discrete 0.033s (30.000 fps)
[07/18/25 00:17:11] crowsnest:		Interval: Discrete 0.040s (25.000 fps)
[07/18/25 00:17:11] crowsnest:		Interval: Discrete 0.050s (20.000 fps)
[07/18/25 00:17:11] crowsnest:		Interval: Discrete 0.067s (15.000 fps)
[07/18/25 00:17:11] crowsnest:		Interval: Discrete 0.100s (10.000 fps)
[07/18/25 00:17:11] crowsnest:		Interval: Discrete 0.200s (5.000 fps)
[07/18/25 00:17:11] crowsnest:		Size: Discrete 640x480
[07/18/25 00:17:11] crowsnest:		Interval: Discrete 0.033s (30.000 fps)
[07/18/25 00:17:11] crowsnest:		Interval: Discrete 0.040s (25.000 fps)
[07/18/25 00:17:11] crowsnest:		Interval: Discrete 0.050s (20.000 fps)
[07/18/25 00:17:11] crowsnest:		Interval: Discrete 0.067s (15.000 fps)
[07/18/25 00:17:11] crowsnest:		Interval: Discrete 0.100s (10.000 fps)
[07/18/25 00:17:11] crowsnest:		Interval: Discrete 0.200s (5.000 fps)
[07/18/25 00:17:11] crowsnest:		Size: Discrete 320x240
[07/18/25 00:17:11] crowsnest:		Interval: Discrete 0.033s (30.000 fps)
[07/18/25 00:17:11] crowsnest:		Interval: Discrete 0.040s (25.000 fps)
[07/18/25 00:17:11] crowsnest:		Interval: Discrete 0.050s (20.000 fps)
[07/18/25 00:17:11] crowsnest:		Interval: Discrete 0.067s (15.000 fps)
[07/18/25 00:17:11] crowsnest:		Interval: Discrete 0.100s (10.000 fps)
[07/18/25 00:17:11] crowsnest:		Interval: Discrete 0.200s (5.000 fps)
[07/18/25 00:17:11] crowsnest:		[1]: 'YUYV' (YUYV 4:2:2)
[07/18/25 00:17:11] crowsnest:		Size: Discrete 1280x720
[07/18/25 00:17:11] crowsnest:		Interval: Discrete 0.100s (10.000 fps)
[07/18/25 00:17:11] crowsnest:		Size: Discrete 800x480
[07/18/25 00:17:11] crowsnest:		Interval: Discrete 0.040s (25.000 fps)
[07/18/25 00:17:11] crowsnest:		Size: Discrete 672x456
[07/18/25 00:17:11] crowsnest:		Interval: Discrete 0.033s (30.000 fps)
[07/18/25 00:17:11] crowsnest:		Size: Discrete 640x480
[07/18/25 00:17:11] crowsnest:		Interval: Discrete 0.033s (30.000 fps)
[07/18/25 00:17:11] crowsnest:		Size: Discrete 320x240
[07/18/25 00:17:11] crowsnest:		Interval: Discrete 0.033s (30.000 fps)
[07/18/25 00:17:11] crowsnest: Supported Controls:
[07/18/25 00:17:11] crowsnest:		
[07/18/25 00:17:11] crowsnest:		User Controls
[07/18/25 00:17:11] crowsnest:		
[07/18/25 00:17:11] crowsnest:		brightness 0x00980900 (int)    : min=-64 max=64 step=1 default=0 value=0
[07/18/25 00:17:11] crowsnest:		contrast 0x00980901 (int)    : min=0 max=64 step=1 default=32 value=32
[07/18/25 00:17:11] crowsnest:		saturation 0x00980902 (int)    : min=0 max=128 step=1 default=64 value=64
[07/18/25 00:17:11] crowsnest:		hue 0x00980903 (int)    : min=-40 max=40 step=1 default=0 value=0
[07/18/25 00:17:11] crowsnest:		white_balance_automatic 0x0098090c (bool)   : default=1 value=1
[07/18/25 00:17:11] crowsnest:		gamma 0x00980910 (int)    : min=72 max=500 step=1 default=100 value=100
[07/18/25 00:17:11] crowsnest:		gain 0x00980913 (int)    : min=0 max=100 step=1 default=0 value=0
[07/18/25 00:17:11] crowsnest:		power_line_frequency 0x00980918 (menu)   : min=0 max=2 default=2 value=2
[07/18/25 00:17:11] crowsnest:		0: Disabled
[07/18/25 00:17:11] crowsnest:		1: 50 Hz
[07/18/25 00:17:11] crowsnest:		2: 60 Hz
[07/18/25 00:17:11] crowsnest:		white_balance_temperature 0x0098091a (int)    : min=2800 max=6500 step=1 default=4600 value=4600 flags=inactive
[07/18/25 00:17:11] crowsnest:		sharpness 0x0098091b (int)    : min=0 max=6 step=1 default=3 value=3
[07/18/25 00:17:11] crowsnest:		backlight_compensation 0x0098091c (int)    : min=0 max=2 step=1 default=1 value=1
[07/18/25 00:17:11] crowsnest:		
[07/18/25 00:17:11] crowsnest:		Camera Controls
[07/18/25 00:17:11] crowsnest:		
[07/18/25 00:17:11] crowsnest:		auto_exposure 0x009a0901 (menu)   : min=0 max=3 default=3 value=3
[07/18/25 00:17:11] crowsnest:		1: Manual Mode
[07/18/25 00:17:11] crowsnest:		3: Aperture Priority Mode
[07/18/25 00:17:11] crowsnest:		exposure_time_absolute 0x009a0902 (int)    : min=1 max=5000 step=1 default=156 value=156 flags=inactive
[07/18/25 00:17:11] crowsnest:		exposure_dynamic_framerate 0x009a0903 (bool)   : default=0 value=1
[07/18/25 00:17:12] crowsnest: Try to start configured Cams / Services...
[07/18/25 00:17:16] crowsnest: INFO: Configuration of Section [cam 1] looks good. Continue ...
[07/18/25 00:17:18] crowsnest: V4L2 Control: No parameters set for [cam 1]. Skipped.
[07/18/25 00:17:22] crowsnest: Starting ustreamer with Device /dev/video0 ...
[07/18/25 00:17:23] crowsnest:  ... Done!
[09/05/25 07:17:14] crowsnest: crowsnest - A webcam Service for multiple Cams and Stream Services.
[09/05/25 07:17:15] crowsnest: Version: v4.1.12-1-g9623b5f
[09/05/25 07:17:15] crowsnest: Prepare Startup ...
[09/05/25 07:17:15] crowsnest: INFO: Host information:
[09/05/25 07:17:15] crowsnest: Host Info: Distribution: Debian GNU/Linux 11 (bullseye)
[09/05/25 07:17:15] crowsnest: Host Info: Kernel: Linux 5.16.17-sun50iw9 aarch64
[09/05/25 07:17:15] crowsnest: Host Info: Available CPU Cores: 4
[09/05/25 07:17:15] crowsnest: Host Info: Available Memory: 1010632 kB
[09/05/25 07:17:15] crowsnest: Host Info: Diskspace (avail. / total): 21G / 29G
[09/05/25 07:17:15] crowsnest: INFO: Checking Dependencies
[09/05/25 07:17:15] crowsnest: Dependency: 'crudini' found in /usr/bin/crudini.
[09/05/25 07:17:15] crowsnest: Dependency: 'find' found in /usr/bin/find.
[09/05/25 07:17:15] crowsnest: Dependency: 'xargs' found in /usr/bin/xargs.
[09/05/25 07:17:15] crowsnest: Dependency: 'ustreamer' found in bin/ustreamer/src/ustreamer.bin.
[09/05/25 07:17:15] crowsnest: Version Control: ustreamer is up to date. (v6.31)
[09/05/25 07:17:15] crowsnest: INFO: Print Configfile: '/home/biqu/printer_data/config/crowsnest.conf'
[09/05/25 07:17:15] crowsnest:		[crowsnest]
[09/05/25 07:17:15] crowsnest:		log_path: ~/printer_data/logs/crowsnest.log
[09/05/25 07:17:15] crowsnest:		log_level: verbose
[09/05/25 07:17:15] crowsnest:		delete_log: false
[09/05/25 07:17:15] crowsnest:		no_proxy: false
[09/05/25 07:17:15] crowsnest:		
[09/05/25 07:17:15] crowsnest:		[cam 1]
[09/05/25 07:17:15] crowsnest:		mode: ustreamer
[09/05/25 07:17:15] crowsnest:		
[09/05/25 07:17:15] crowsnest:		enable_rtsp: false
[09/05/25 07:17:15] crowsnest:		rtsp_port: 8554
[09/05/25 07:17:15] crowsnest:		port: 8080
[09/05/25 07:17:15] crowsnest:		device: /dev/video0
[09/05/25 07:17:15] crowsnest:		resolution: 1280x720
[09/05/25 07:17:15] crowsnest:		max_fps: 30
[09/05/25 07:17:15] crowsnest: INFO: Detect available Devices
[09/05/25 07:17:16] crowsnest: INFO: Found 1 total available Device(s)
[09/05/25 07:17:16] crowsnest: INFO: Found 1 available v4l2 (UVC) camera(s)
[09/05/25 07:17:16] crowsnest: /dev/v4l/by-id/usb-HHW_microelectronics_Co.__Ltd._MGS1-video-index0 -> /dev/video0
[09/05/25 07:17:16] crowsnest: Supported Formats:
[09/05/25 07:17:16] crowsnest:		[0]: 'MJPG' (Motion-JPEG, compressed)
[09/05/25 07:17:16] crowsnest:		Size: Discrete 1280x720
[09/05/25 07:17:16] crowsnest:		Interval: Discrete 0.033s (30.000 fps)
[09/05/25 07:17:16] crowsnest:		Interval: Discrete 0.040s (25.000 fps)
[09/05/25 07:17:16] crowsnest:		Interval: Discrete 0.050s (20.000 fps)
[09/05/25 07:17:16] crowsnest:		Interval: Discrete 0.067s (15.000 fps)
[09/05/25 07:17:16] crowsnest:		Interval: Discrete 0.100s (10.000 fps)
[09/05/25 07:17:16] crowsnest:		Interval: Discrete 0.200s (5.000 fps)
[09/05/25 07:17:16] crowsnest:		Size: Discrete 800x480
[09/05/25 07:17:16] crowsnest:		Interval: Discrete 0.033s (30.000 fps)
[09/05/25 07:17:16] crowsnest:		Interval: Discrete 0.040s (25.000 fps)
[09/05/25 07:17:16] crowsnest:		Interval: Discrete 0.050s (20.000 fps)
[09/05/25 07:17:16] crowsnest:		Interval: Discrete 0.067s (15.000 fps)
[09/05/25 07:17:16] crowsnest:		Interval: Discrete 0.100s (10.000 fps)
[09/05/25 07:17:16] crowsnest:		Interval: Discrete 0.200s (5.000 fps)
[09/05/25 07:17:16] crowsnest:		Size: Discrete 672x456
[09/05/25 07:17:16] crowsnest:		Interval: Discrete 0.033s (30.000 fps)
[09/05/25 07:17:16] crowsnest:		Interval: Discrete 0.040s (25.000 fps)
[09/05/25 07:17:16] crowsnest:		Interval: Discrete 0.050s (20.000 fps)
[09/05/25 07:17:16] crowsnest:		Interval: Discrete 0.067s (15.000 fps)
[09/05/25 07:17:16] crowsnest:		Interval: Discrete 0.100s (10.000 fps)
[09/05/25 07:17:16] crowsnest:		Interval: Discrete 0.200s (5.000 fps)
[09/05/25 07:17:16] crowsnest:		Size: Discrete 640x480
[09/05/25 07:17:16] crowsnest:		Interval: Discrete 0.033s (30.000 fps)
[09/05/25 07:17:16] crowsnest:		Interval: Discrete 0.040s (25.000 fps)
[09/05/25 07:17:16] crowsnest:		Interval: Discrete 0.050s (20.000 fps)
[09/05/25 07:17:16] crowsnest:		Interval: Discrete 0.067s (15.000 fps)
[09/05/25 07:17:16] crowsnest:		Interval: Discrete 0.100s (10.000 fps)
[09/05/25 07:17:16] crowsnest:		Interval: Discrete 0.200s (5.000 fps)
[09/05/25 07:17:16] crowsnest:		Size: Discrete 320x240
[09/05/25 07:17:16] crowsnest:		Interval: Discrete 0.033s (30.000 fps)
[09/05/25 07:17:16] crowsnest:		Interval: Discrete 0.040s (25.000 fps)
[09/05/25 07:17:16] crowsnest:		Interval: Discrete 0.050s (20.000 fps)
[09/05/25 07:17:16] crowsnest:		Interval: Discrete 0.067s (15.000 fps)
[09/05/25 07:17:16] crowsnest:		Interval: Discrete 0.100s (10.000 fps)
[09/05/25 07:17:16] crowsnest:		Interval: Discrete 0.200s (5.000 fps)
[09/05/25 07:17:16] crowsnest:		[1]: 'YUYV' (YUYV 4:2:2)
[09/05/25 07:17:16] crowsnest:		Size: Discrete 1280x720
[09/05/25 07:17:16] crowsnest:		Interval: Discrete 0.100s (10.000 fps)
[09/05/25 07:17:16] crowsnest:		Size: Discrete 800x480
[09/05/25 07:17:16] crowsnest:		Interval: Discrete 0.040s (25.000 fps)
[09/05/25 07:17:16] crowsnest:		Size: Discrete 672x456
[09/05/25 07:17:16] crowsnest:		Interval: Discrete 0.033s (30.000 fps)
[09/05/25 07:17:16] crowsnest:		Size: Discrete 640x480
[09/05/25 07:17:16] crowsnest:		Interval: Discrete 0.033s (30.000 fps)
[09/05/25 07:17:16] crowsnest:		Size: Discrete 320x240
[09/05/25 07:17:16] crowsnest:		Interval: Discrete 0.033s (30.000 fps)
[09/05/25 07:17:16] crowsnest: Supported Controls:
[09/05/25 07:17:16] crowsnest:		
[09/05/25 07:17:16] crowsnest:		User Controls
[09/05/25 07:17:16] crowsnest:		
[09/05/25 07:17:16] crowsnest:		brightness 0x00980900 (int)    : min=-64 max=64 step=1 default=0 value=0
[09/05/25 07:17:16] crowsnest:		contrast 0x00980901 (int)    : min=0 max=64 step=1 default=32 value=32
[09/05/25 07:17:16] crowsnest:		saturation 0x00980902 (int)    : min=0 max=128 step=1 default=64 value=64
[09/05/25 07:17:16] crowsnest:		hue 0x00980903 (int)    : min=-40 max=40 step=1 default=0 value=0
[09/05/25 07:17:16] crowsnest:		white_balance_automatic 0x0098090c (bool)   : default=1 value=1
[09/05/25 07:17:16] crowsnest:		gamma 0x00980910 (int)    : min=72 max=500 step=1 default=100 value=100
[09/05/25 07:17:16] crowsnest:		gain 0x00980913 (int)    : min=0 max=100 step=1 default=0 value=0
[09/05/25 07:17:16] crowsnest:		power_line_frequency 0x00980918 (menu)   : min=0 max=2 default=2 value=2
[09/05/25 07:17:16] crowsnest:		0: Disabled
[09/05/25 07:17:16] crowsnest:		1: 50 Hz
[09/05/25 07:17:16] crowsnest:		2: 60 Hz
[09/05/25 07:17:16] crowsnest:		white_balance_temperature 0x0098091a (int)    : min=2800 max=6500 step=1 default=4600 value=4600 flags=inactive
[09/05/25 07:17:16] crowsnest:		sharpness 0x0098091b (int)    : min=0 max=6 step=1 default=3 value=3
[09/05/25 07:17:16] crowsnest:		backlight_compensation 0x0098091c (int)    : min=0 max=2 step=1 default=1 value=1
[09/05/25 07:17:16] crowsnest:		
[09/05/25 07:17:16] crowsnest:		Camera Controls
[09/05/25 07:17:16] crowsnest:		
[09/05/25 07:17:16] crowsnest:		auto_exposure 0x009a0901 (menu)   : min=0 max=3 default=3 value=3
[09/05/25 07:17:16] crowsnest:		1: Manual Mode
[09/05/25 07:17:16] crowsnest:		3: Aperture Priority Mode
[09/05/25 07:17:16] crowsnest:		exposure_time_absolute 0x009a0902 (int)    : min=1 max=5000 step=1 default=156 value=156 flags=inactive
[09/05/25 07:17:16] crowsnest:		exposure_dynamic_framerate 0x009a0903 (bool)   : default=0 value=1
[09/05/25 07:17:16] crowsnest: Try to start configured Cams / Services...
[09/05/25 07:17:21] crowsnest: INFO: Configuration of Section [cam 1] looks good. Continue ...
[09/05/25 07:17:22] crowsnest: V4L2 Control: No parameters set for [cam 1]. Skipped.
[09/05/25 07:17:27] crowsnest: Starting ustreamer with Device /dev/video0 ...
[09/05/25 07:17:28] crowsnest:  ... Done!
[12/15/25 09:17:10] crowsnest: crowsnest - A webcam Service for multiple Cams and Stream Services.
[12/15/25 09:17:10] crowsnest: Version: v4.1.12-1-g9623b5f
[12/15/25 09:17:10] crowsnest: Prepare Startup ...
[12/15/25 09:17:10] crowsnest: INFO: Host information:
[12/15/25 09:17:10] crowsnest: Host Info: Distribution: Debian GNU/Linux 11 (bullseye)
[12/15/25 09:17:10] crowsnest: Host Info: Kernel: Linux 5.16.17-sun50iw9 aarch64
[12/15/25 09:17:10] crowsnest: Host Info: Available CPU Cores: 4
[12/15/25 09:17:10] crowsnest: Host Info: Available Memory: 1010632 kB
[12/15/25 09:17:11] crowsnest: Host Info: Diskspace (avail. / total): 21G / 29G
[12/15/25 09:17:11] crowsnest: INFO: Checking Dependencies
[12/15/25 09:17:11] crowsnest: Dependency: 'crudini' found in /usr/bin/crudini.
[12/15/25 09:17:11] crowsnest: Dependency: 'find' found in /usr/bin/find.
[12/15/25 09:17:11] crowsnest: Dependency: 'xargs' found in /usr/bin/xargs.
[12/15/25 09:17:11] crowsnest: Dependency: 'ustreamer' found in bin/ustreamer/src/ustreamer.bin.
[12/15/25 09:17:11] crowsnest: Version Control: ustreamer is up to date. (v6.31)
[12/15/25 09:17:11] crowsnest: INFO: Print Configfile: '/home/biqu/printer_data/config/crowsnest.conf'
[12/15/25 09:17:11] crowsnest:		[crowsnest]
[12/15/25 09:17:11] crowsnest:		log_path: ~/printer_data/logs/crowsnest.log
[12/15/25 09:17:11] crowsnest:		log_level: verbose
[12/15/25 09:17:11] crowsnest:		delete_log: false
[12/15/25 09:17:11] crowsnest:		no_proxy: false
[12/15/25 09:17:11] crowsnest:		
[12/15/25 09:17:11] crowsnest:		[cam 1]
[12/15/25 09:17:11] crowsnest:		mode: ustreamer
[12/15/25 09:17:11] crowsnest:		
[12/15/25 09:17:11] crowsnest:		enable_rtsp: false
[12/15/25 09:17:11] crowsnest:		rtsp_port: 8554
[12/15/25 09:17:11] crowsnest:		port: 8080
[12/15/25 09:17:11] crowsnest:		device: /dev/video0
[12/15/25 09:17:11] crowsnest:		resolution: 1280x720
[12/15/25 09:17:11] crowsnest:		max_fps: 30
[12/15/25 09:17:11] crowsnest: INFO: Detect available Devices
[12/15/25 09:17:11] crowsnest: INFO: Found 1 total available Device(s)
[12/15/25 09:17:11] crowsnest: INFO: Found 1 available v4l2 (UVC) camera(s)
[12/15/25 09:17:11] crowsnest: /dev/v4l/by-id/usb-HHW_microelectronics_Co.__Ltd._MGS1-video-index0 -> /dev/video0
[12/15/25 09:17:11] crowsnest: Supported Formats:
[12/15/25 09:17:11] crowsnest:		[0]: 'MJPG' (Motion-JPEG, compressed)
[12/15/25 09:17:11] crowsnest:		Size: Discrete 1280x720
[12/15/25 09:17:11] crowsnest:		Interval: Discrete 0.033s (30.000 fps)
[12/15/25 09:17:11] crowsnest:		Interval: Discrete 0.040s (25.000 fps)
[12/15/25 09:17:11] crowsnest:		Interval: Discrete 0.050s (20.000 fps)
[12/15/25 09:17:11] crowsnest:		Interval: Discrete 0.067s (15.000 fps)
[12/15/25 09:17:11] crowsnest:		Interval: Discrete 0.100s (10.000 fps)
[12/15/25 09:17:11] crowsnest:		Interval: Discrete 0.200s (5.000 fps)
[12/15/25 09:17:11] crowsnest:		Size: Discrete 800x480
[12/15/25 09:17:11] crowsnest:		Interval: Discrete 0.033s (30.000 fps)
[12/15/25 09:17:11] crowsnest:		Interval: Discrete 0.040s (25.000 fps)
[12/15/25 09:17:11] crowsnest:		Interval: Discrete 0.050s (20.000 fps)
[12/15/25 09:17:11] crowsnest:		Interval: Discrete 0.067s (15.000 fps)
[12/15/25 09:17:11] crowsnest:		Interval: Discrete 0.100s (10.000 fps)
[12/15/25 09:17:11] crowsnest:		Interval: Discrete 0.200s (5.000 fps)
[12/15/25 09:17:11] crowsnest:		Size: Discrete 672x456
[12/15/25 09:17:11] crowsnest:		Interval: Discrete 0.033s (30.000 fps)
[12/15/25 09:17:11] crowsnest:		Interval: Discrete 0.040s (25.000 fps)
[12/15/25 09:17:11] crowsnest:		Interval: Discrete 0.050s (20.000 fps)
[12/15/25 09:17:11] crowsnest:		Interval: Discrete 0.067s (15.000 fps)
[12/15/25 09:17:11] crowsnest:		Interval: Discrete 0.100s (10.000 fps)
[12/15/25 09:17:11] crowsnest:		Interval: Discrete 0.200s (5.000 fps)
[12/15/25 09:17:11] crowsnest:		Size: Discrete 640x480
[12/15/25 09:17:11] crowsnest:		Interval: Discrete 0.033s (30.000 fps)
[12/15/25 09:17:11] crowsnest:		Interval: Discrete 0.040s (25.000 fps)
[12/15/25 09:17:11] crowsnest:		Interval: Discrete 0.050s (20.000 fps)
[12/15/25 09:17:11] crowsnest:		Interval: Discrete 0.067s (15.000 fps)
[12/15/25 09:17:11] crowsnest:		Interval: Discrete 0.100s (10.000 fps)
[12/15/25 09:17:11] crowsnest:		Interval: Discrete 0.200s (5.000 fps)
[12/15/25 09:17:11] crowsnest:		Size: Discrete 320x240
[12/15/25 09:17:11] crowsnest:		Interval: Discrete 0.033s (30.000 fps)
[12/15/25 09:17:11] crowsnest:		Interval: Discrete 0.040s (25.000 fps)
[12/15/25 09:17:11] crowsnest:		Interval: Discrete 0.050s (20.000 fps)
[12/15/25 09:17:11] crowsnest:		Interval: Discrete 0.067s (15.000 fps)
[12/15/25 09:17:11] crowsnest:		Interval: Discrete 0.100s (10.000 fps)
[12/15/25 09:17:11] crowsnest:		Interval: Discrete 0.200s (5.000 fps)
[12/15/25 09:17:11] crowsnest:		[1]: 'YUYV' (YUYV 4:2:2)
[12/15/25 09:17:11] crowsnest:		Size: Discrete 1280x720
[12/15/25 09:17:11] crowsnest:		Interval: Discrete 0.100s (10.000 fps)
[12/15/25 09:17:11] crowsnest:		Size: Discrete 800x480
[12/15/25 09:17:11] crowsnest:		Interval: Discrete 0.040s (25.000 fps)
[12/15/25 09:17:11] crowsnest:		Size: Discrete 672x456
[12/15/25 09:17:11] crowsnest:		Interval: Discrete 0.033s (30.000 fps)
[12/15/25 09:17:11] crowsnest:		Size: Discrete 640x480
[12/15/25 09:17:11] crowsnest:		Interval: Discrete 0.033s (30.000 fps)
[12/15/25 09:17:11] crowsnest:		Size: Discrete 320x240
[12/15/25 09:17:11] crowsnest:		Interval: Discrete 0.033s (30.000 fps)
[12/15/25 09:17:11] crowsnest: Supported Controls:
[12/15/25 09:17:11] crowsnest:		
[12/15/25 09:17:11] crowsnest:		User Controls
[12/15/25 09:17:11] crowsnest:		
[12/15/25 09:17:11] crowsnest:		brightness 0x00980900 (int)    : min=-64 max=64 step=1 default=0 value=0
[12/15/25 09:17:11] crowsnest:		contrast 0x00980901 (int)    : min=0 max=64 step=1 default=32 value=32
[12/15/25 09:17:11] crowsnest:		saturation 0x00980902 (int)    : min=0 max=128 step=1 default=64 value=64
[12/15/25 09:17:11] crowsnest:		hue 0x00980903 (int)    : min=-40 max=40 step=1 default=0 value=0
[12/15/25 09:17:11] crowsnest:		white_balance_automatic 0x0098090c (bool)   : default=1 value=1
[12/15/25 09:17:11] crowsnest:		gamma 0x00980910 (int)    : min=72 max=500 step=1 default=100 value=100
[12/15/25 09:17:11] crowsnest:		gain 0x00980913 (int)    : min=0 max=100 step=1 default=0 value=0
[12/15/25 09:17:11] crowsnest:		power_line_frequency 0x00980918 (menu)   : min=0 max=2 default=2 value=2
[12/15/25 09:17:11] crowsnest:		0: Disabled
[12/15/25 09:17:11] crowsnest:		1: 50 Hz
[12/15/25 09:17:11] crowsnest:		2: 60 Hz
[12/15/25 09:17:11] crowsnest:		white_balance_temperature 0x0098091a (int)    : min=2800 max=6500 step=1 default=4600 value=4600 flags=inactive
[12/15/25 09:17:11] crowsnest:		sharpness 0x0098091b (int)    : min=0 max=6 step=1 default=3 value=3
[12/15/25 09:17:11] crowsnest:		backlight_compensation 0x0098091c (int)    : min=0 max=2 step=1 default=1 value=1
[12/15/25 09:17:11] crowsnest:		
[12/15/25 09:17:11] crowsnest:		Camera Controls
[12/15/25 09:17:11] crowsnest:		
[12/15/25 09:17:11] crowsnest:		auto_exposure 0x009a0901 (menu)   : min=0 max=3 default=3 value=3
[12/15/25 09:17:11] crowsnest:		1: Manual Mode
[12/15/25 09:17:11] crowsnest:		3: Aperture Priority Mode
[12/15/25 09:17:11] crowsnest:		exposure_time_absolute 0x009a0902 (int)    : min=1 max=5000 step=1 default=156 value=156 flags=inactive
[12/15/25 09:17:11] crowsnest:		exposure_dynamic_framerate 0x009a0903 (bool)   : default=0 value=1
[12/15/25 09:17:12] crowsnest: Try to start configured Cams / Services...
[12/15/25 09:17:17] crowsnest: INFO: Configuration of Section [cam 1] looks good. Continue ...
[12/15/25 09:17:19] crowsnest: V4L2 Control: No parameters set for [cam 1]. Skipped.
[12/15/25 09:17:24] crowsnest: Starting ustreamer with Device /dev/video0 ...
[12/15/25 09:17:25] crowsnest:  ... Done!
[12/15/25 09:17:10] crowsnest: crowsnest - A webcam Service for multiple Cams and Stream Services.
[12/15/25 09:17:10] crowsnest: Version: v4.1.12-1-g9623b5f
[12/15/25 09:17:10] crowsnest: Prepare Startup ...
[12/15/25 09:17:10] crowsnest: INFO: Host information:
[12/15/25 09:17:10] crowsnest: Host Info: Distribution: Debian GNU/Linux 11 (bullseye)
[12/15/25 09:17:10] crowsnest: Host Info: Kernel: Linux 5.16.17-sun50iw9 aarch64
[12/15/25 09:17:11] crowsnest: Host Info: Available CPU Cores: 4
[12/15/25 09:17:11] crowsnest: Host Info: Available Memory: 1010632 kB
[12/15/25 09:17:11] crowsnest: Host Info: Diskspace (avail. / total): 21G / 29G
[12/15/25 09:17:11] crowsnest: INFO: Checking Dependencies
[12/15/25 09:17:11] crowsnest: Dependency: 'crudini' found in /usr/bin/crudini.
[12/15/25 09:17:11] crowsnest: Dependency: 'find' found in /usr/bin/find.
[12/15/25 09:17:11] crowsnest: Dependency: 'xargs' found in /usr/bin/xargs.
[12/15/25 09:17:11] crowsnest: Dependency: 'ustreamer' found in bin/ustreamer/src/ustreamer.bin.
[12/15/25 09:17:11] crowsnest: Version Control: ustreamer is up to date. (v6.31)
[12/15/25 09:17:11] crowsnest: INFO: Print Configfile: '/home/biqu/printer_data/config/crowsnest.conf'
[12/15/25 09:17:11] crowsnest:		[crowsnest]
[12/15/25 09:17:11] crowsnest:		log_path: ~/printer_data/logs/crowsnest.log
[12/15/25 09:17:11] crowsnest:		log_level: verbose
[12/15/25 09:17:11] crowsnest:		delete_log: false
[12/15/25 09:17:11] crowsnest:		no_proxy: false
[12/15/25 09:17:11] crowsnest:		
[12/15/25 09:17:11] crowsnest:		[cam 1]
[12/15/25 09:17:11] crowsnest:		mode: ustreamer
[12/15/25 09:17:11] crowsnest:		
[12/15/25 09:17:11] crowsnest:		enable_rtsp: false
[12/15/25 09:17:11] crowsnest:		rtsp_port: 8554
[12/15/25 09:17:11] crowsnest:		port: 8080
[12/15/25 09:17:11] crowsnest:		device: /dev/video0
[12/15/25 09:17:11] crowsnest:		resolution: 1280x720
[12/15/25 09:17:11] crowsnest:		max_fps: 30
[12/15/25 09:17:11] crowsnest: INFO: Detect available Devices
[12/15/25 09:17:11] crowsnest: INFO: Found 1 total available Device(s)
[12/15/25 09:17:11] crowsnest: INFO: Found 1 available v4l2 (UVC) camera(s)
[12/15/25 09:17:11] crowsnest: /dev/v4l/by-id/usb-HHW_microelectronics_Co.__Ltd._MGS1-video-index0 -> /dev/video0
[12/15/25 09:17:11] crowsnest: Supported Formats:
[12/15/25 09:17:11] crowsnest:		[0]: 'MJPG' (Motion-JPEG, compressed)
[12/15/25 09:17:11] crowsnest:		Size: Discrete 1280x720
[12/15/25 09:17:11] crowsnest:		Interval: Discrete 0.033s (30.000 fps)
[12/15/25 09:17:11] crowsnest:		Interval: Discrete 0.040s (25.000 fps)
[12/15/25 09:17:11] crowsnest:		Interval: Discrete 0.050s (20.000 fps)
[12/15/25 09:17:11] crowsnest:		Interval: Discrete 0.067s (15.000 fps)
[12/15/25 09:17:11] crowsnest:		Interval: Discrete 0.100s (10.000 fps)
[12/15/25 09:17:11] crowsnest:		Interval: Discrete 0.200s (5.000 fps)
[12/15/25 09:17:11] crowsnest:		Size: Discrete 800x480
[12/15/25 09:17:11] crowsnest:		Interval: Discrete 0.033s (30.000 fps)
[12/15/25 09:17:11] crowsnest:		Interval: Discrete 0.040s (25.000 fps)
[12/15/25 09:17:11] crowsnest:		Interval: Discrete 0.050s (20.000 fps)
[12/15/25 09:17:11] crowsnest:		Interval: Discrete 0.067s (15.000 fps)
[12/15/25 09:17:11] crowsnest:		Interval: Discrete 0.100s (10.000 fps)
[12/15/25 09:17:11] crowsnest:		Interval: Discrete 0.200s (5.000 fps)
[12/15/25 09:17:11] crowsnest:		Size: Discrete 672x456
[12/15/25 09:17:11] crowsnest:		Interval: Discrete 0.033s (30.000 fps)
[12/15/25 09:17:11] crowsnest:		Interval: Discrete 0.040s (25.000 fps)
[12/15/25 09:17:11] crowsnest:		Interval: Discrete 0.050s (20.000 fps)
[12/15/25 09:17:11] crowsnest:		Interval: Discrete 0.067s (15.000 fps)
[12/15/25 09:17:11] crowsnest:		Interval: Discrete 0.100s (10.000 fps)
[12/15/25 09:17:11] crowsnest:		Interval: Discrete 0.200s (5.000 fps)
[12/15/25 09:17:11] crowsnest:		Size: Discrete 640x480
[12/15/25 09:17:11] crowsnest:		Interval: Discrete 0.033s (30.000 fps)
[12/15/25 09:17:11] crowsnest:		Interval: Discrete 0.040s (25.000 fps)
[12/15/25 09:17:11] crowsnest:		Interval: Discrete 0.050s (20.000 fps)
[12/15/25 09:17:11] crowsnest:		Interval: Discrete 0.067s (15.000 fps)
[12/15/25 09:17:11] crowsnest:		Interval: Discrete 0.100s (10.000 fps)
[12/15/25 09:17:11] crowsnest:		Interval: Discrete 0.200s (5.000 fps)
[12/15/25 09:17:11] crowsnest:		Size: Discrete 320x240
[12/15/25 09:17:11] crowsnest:		Interval: Discrete 0.033s (30.000 fps)
[12/15/25 09:17:11] crowsnest:		Interval: Discrete 0.040s (25.000 fps)
[12/15/25 09:17:11] crowsnest:		Interval: Discrete 0.050s (20.000 fps)
[12/15/25 09:17:11] crowsnest:		Interval: Discrete 0.067s (15.000 fps)
[12/15/25 09:17:11] crowsnest:		Interval: Discrete 0.100s (10.000 fps)
[12/15/25 09:17:11] crowsnest:		Interval: Discrete 0.200s (5.000 fps)
[12/15/25 09:17:11] crowsnest:		[1]: 'YUYV' (YUYV 4:2:2)
[12/15/25 09:17:11] crowsnest:		Size: Discrete 1280x720
[12/15/25 09:17:11] crowsnest:		Interval: Discrete 0.100s (10.000 fps)
[12/15/25 09:17:11] crowsnest:		Size: Discrete 800x480
[12/15/25 09:17:11] crowsnest:		Interval: Discrete 0.040s (25.000 fps)
[12/15/25 09:17:11] crowsnest:		Size: Discrete 672x456
[12/15/25 09:17:11] crowsnest:		Interval: Discrete 0.033s (30.000 fps)
[12/15/25 09:17:11] crowsnest:		Size: Discrete 640x480
[12/15/25 09:17:11] crowsnest:		Interval: Discrete 0.033s (30.000 fps)
[12/15/25 09:17:11] crowsnest:		Size: Discrete 320x240
[12/15/25 09:17:11] crowsnest:		Interval: Discrete 0.033s (30.000 fps)
[12/15/25 09:17:12] crowsnest: Supported Controls:
[12/15/25 09:17:11] crowsnest:		
[12/15/25 09:17:11] crowsnest:		User Controls
[12/15/25 09:17:11] crowsnest:		
[12/15/25 09:17:11] crowsnest:		brightness 0x00980900 (int)    : min=-64 max=64 step=1 default=0 value=0
[12/15/25 09:17:11] crowsnest:		contrast 0x00980901 (int)    : min=0 max=64 step=1 default=32 value=32
[12/15/25 09:17:11] crowsnest:		saturation 0x00980902 (int)    : min=0 max=128 step=1 default=64 value=64
[12/15/25 09:17:11] crowsnest:		hue 0x00980903 (int)    : min=-40 max=40 step=1 default=0 value=0
[12/15/25 09:17:11] crowsnest:		white_balance_automatic 0x0098090c (bool)   : default=1 value=1
[12/15/25 09:17:11] crowsnest:		gamma 0x00980910 (int)    : min=72 max=500 step=1 default=100 value=100
[12/15/25 09:17:11] crowsnest:		gain 0x00980913 (int)    : min=0 max=100 step=1 default=0 value=0
[12/15/25 09:17:11] crowsnest:		power_line_frequency 0x00980918 (menu)   : min=0 max=2 default=2 value=2
[12/15/25 09:17:11] crowsnest:		0: Disabled
[12/15/25 09:17:11] crowsnest:		1: 50 Hz
[12/15/25 09:17:11] crowsnest:		2: 60 Hz
[12/15/25 09:17:11] crowsnest:		white_balance_temperature 0x0098091a (int)    : min=2800 max=6500 step=1 default=4600 value=4600 flags=inactive
[12/15/25 09:17:11] crowsnest:		sharpness 0x0098091b (int)    : min=0 max=6 step=1 default=3 value=3
[12/15/25 09:17:11] crowsnest:		backlight_compensation 0x0098091c (int)    : min=0 max=2 step=1 default=1 value=1
[12/15/25 09:17:11] crowsnest:		
[12/15/25 09:17:11] crowsnest:		Camera Controls
[12/15/25 09:17:11] crowsnest:		
[12/15/25 09:17:11] crowsnest:		auto_exposure 0x009a0901 (menu)   : min=0 max=3 default=3 value=3
[12/15/25 09:17:11] crowsnest:		1: Manual Mode
[12/15/25 09:17:11] crowsnest:		3: Aperture Priority Mode
[12/15/25 09:17:11] crowsnest:		exposure_time_absolute 0x009a0902 (int)    : min=1 max=5000 step=1 default=156 value=156 flags=inactive
[12/15/25 09:17:11] crowsnest:		exposure_dynamic_framerate 0x009a0903 (bool)   : default=0 value=1
[12/15/25 09:17:12] crowsnest: Try to start configured Cams / Services...
[12/15/25 09:17:18] crowsnest: INFO: Configuration of Section [cam 1] looks good. Continue ...
[12/15/25 09:17:19] crowsnest: V4L2 Control: No parameters set for [cam 1]. Skipped.
[12/15/25 09:17:24] crowsnest: Starting ustreamer with Device /dev/video0 ...
[12/15/25 09:17:25] crowsnest:  ... Done!
[12/15/25 10:17:35] crowsnest: crowsnest - A webcam Service for multiple Cams and Stream Services.
[12/15/25 10:17:35] crowsnest: Version: v4.1.12-1-g9623b5f
[12/15/25 10:17:35] crowsnest: Prepare Startup ...
[12/15/25 10:17:35] crowsnest: INFO: Host information:
[12/15/25 10:17:35] crowsnest: Host Info: Distribution: Debian GNU/Linux 11 (bullseye)
[12/15/25 10:17:36] crowsnest: Host Info: Kernel: Linux 5.16.17-sun50iw9 aarch64
[12/15/25 10:17:36] crowsnest: Host Info: Available CPU Cores: 4
[12/15/25 10:17:36] crowsnest: Host Info: Available Memory: 1010632 kB
[12/15/25 10:17:36] crowsnest: Host Info: Diskspace (avail. / total): 21G / 29G
[12/15/25 10:17:36] crowsnest: INFO: Checking Dependencies
[12/15/25 10:17:36] crowsnest: Dependency: 'crudini' found in /usr/bin/crudini.
[12/15/25 10:17:36] crowsnest: Dependency: 'find' found in /usr/bin/find.
[12/15/25 10:17:36] crowsnest: Dependency: 'xargs' found in /usr/bin/xargs.
[12/15/25 10:17:36] crowsnest: Dependency: 'ustreamer' found in bin/ustreamer/src/ustreamer.bin.
[12/15/25 10:17:36] crowsnest: Version Control: ustreamer is up to date. (v6.31)
[12/15/25 10:17:36] crowsnest: INFO: Print Configfile: '/home/biqu/printer_data/config/crowsnest.conf'
[12/15/25 10:17:36] crowsnest:		[crowsnest]
[12/15/25 10:17:36] crowsnest:		log_path: ~/printer_data/logs/crowsnest.log
[12/15/25 10:17:36] crowsnest:		log_level: verbose
[12/15/25 10:17:36] crowsnest:		delete_log: false
[12/15/25 10:17:36] crowsnest:		no_proxy: false
[12/15/25 10:17:36] crowsnest:		
[12/15/25 10:17:36] crowsnest:		[cam 1]
[12/15/25 10:17:36] crowsnest:		mode: ustreamer
[12/15/25 10:17:36] crowsnest:		
[12/15/25 10:17:36] crowsnest:		enable_rtsp: false
[12/15/25 10:17:36] crowsnest:		rtsp_port: 8554
[12/15/25 10:17:36] crowsnest:		port: 8080
[12/15/25 10:17:36] crowsnest:		device: /dev/video0
[12/15/25 10:17:36] crowsnest:		resolution: 1280x720
[12/15/25 10:17:36] crowsnest:		max_fps: 30
[12/15/25 10:17:36] crowsnest: INFO: Detect available Devices
[12/15/25 10:17:36] crowsnest: INFO: Found 1 total available Device(s)
[12/15/25 10:17:36] crowsnest: INFO: Found 1 available v4l2 (UVC) camera(s)
[12/15/25 10:17:36] crowsnest: /dev/v4l/by-id/usb-HHW_microelectronics_Co.__Ltd._MGS1-video-index0 -> /dev/video0
[12/15/25 10:17:36] crowsnest: Supported Formats:
[12/15/25 10:17:36] crowsnest:		[0]: 'MJPG' (Motion-JPEG, compressed)
[12/15/25 10:17:36] crowsnest:		Size: Discrete 1280x720
[12/15/25 10:17:36] crowsnest:		Interval: Discrete 0.033s (30.000 fps)
[12/15/25 10:17:36] crowsnest:		Interval: Discrete 0.040s (25.000 fps)
[12/15/25 10:17:36] crowsnest:		Interval: Discrete 0.050s (20.000 fps)
[12/15/25 10:17:36] crowsnest:		Interval: Discrete 0.067s (15.000 fps)
[12/15/25 10:17:36] crowsnest:		Interval: Discrete 0.100s (10.000 fps)
[12/15/25 10:17:36] crowsnest:		Interval: Discrete 0.200s (5.000 fps)
[12/15/25 10:17:36] crowsnest:		Size: Discrete 800x480
[12/15/25 10:17:36] crowsnest:		Interval: Discrete 0.033s (30.000 fps)
[12/15/25 10:17:36] crowsnest:		Interval: Discrete 0.040s (25.000 fps)
[12/15/25 10:17:36] crowsnest:		Interval: Discrete 0.050s (20.000 fps)
[12/15/25 10:17:36] crowsnest:		Interval: Discrete 0.067s (15.000 fps)
[12/15/25 10:17:36] crowsnest:		Interval: Discrete 0.100s (10.000 fps)
[12/15/25 10:17:36] crowsnest:		Interval: Discrete 0.200s (5.000 fps)
[12/15/25 10:17:36] crowsnest:		Size: Discrete 672x456
[12/15/25 10:17:36] crowsnest:		Interval: Discrete 0.033s (30.000 fps)
[12/15/25 10:17:36] crowsnest:		Interval: Discrete 0.040s (25.000 fps)
[12/15/25 10:17:36] crowsnest:		Interval: Discrete 0.050s (20.000 fps)
[12/15/25 10:17:36] crowsnest:		Interval: Discrete 0.067s (15.000 fps)
[12/15/25 10:17:36] crowsnest:		Interval: Discrete 0.100s (10.000 fps)
[12/15/25 10:17:36] crowsnest:		Interval: Discrete 0.200s (5.000 fps)
[12/15/25 10:17:36] crowsnest:		Size: Discrete 640x480
[12/15/25 10:17:36] crowsnest:		Interval: Discrete 0.033s (30.000 fps)
[12/15/25 10:17:36] crowsnest:		Interval: Discrete 0.040s (25.000 fps)
[12/15/25 10:17:36] crowsnest:		Interval: Discrete 0.050s (20.000 fps)
[12/15/25 10:17:36] crowsnest:		Interval: Discrete 0.067s (15.000 fps)
[12/15/25 10:17:36] crowsnest:		Interval: Discrete 0.100s (10.000 fps)
[12/15/25 10:17:36] crowsnest:		Interval: Discrete 0.200s (5.000 fps)
[12/15/25 10:17:36] crowsnest:		Size: Discrete 320x240
[12/15/25 10:17:36] crowsnest:		Interval: Discrete 0.033s (30.000 fps)
[12/15/25 10:17:36] crowsnest:		Interval: Discrete 0.040s (25.000 fps)
[12/15/25 10:17:36] crowsnest:		Interval: Discrete 0.050s (20.000 fps)
[12/15/25 10:17:36] crowsnest:		Interval: Discrete 0.067s (15.000 fps)
[12/15/25 10:17:36] crowsnest:		Interval: Discrete 0.100s (10.000 fps)
[12/15/25 10:17:36] crowsnest:		Interval: Discrete 0.200s (5.000 fps)
[12/15/25 10:17:36] crowsnest:		[1]: 'YUYV' (YUYV 4:2:2)
[12/15/25 10:17:36] crowsnest:		Size: Discrete 1280x720
[12/15/25 10:17:36] crowsnest:		Interval: Discrete 0.100s (10.000 fps)
[12/15/25 10:17:36] crowsnest:		Size: Discrete 800x480
[12/15/25 10:17:36] crowsnest:		Interval: Discrete 0.040s (25.000 fps)
[12/15/25 10:17:36] crowsnest:		Size: Discrete 672x456
[12/15/25 10:17:36] crowsnest:		Interval: Discrete 0.033s (30.000 fps)
[12/15/25 10:17:36] crowsnest:		Size: Discrete 640x480
[12/15/25 10:17:36] crowsnest:		Interval: Discrete 0.033s (30.000 fps)
[12/15/25 10:17:36] crowsnest:		Size: Discrete 320x240
[12/15/25 10:17:36] crowsnest:		Interval: Discrete 0.033s (30.000 fps)
[12/15/25 10:17:37] crowsnest: Supported Controls:
[12/15/25 10:17:37] crowsnest:		
[12/15/25 10:17:37] crowsnest:		User Controls
[12/15/25 10:17:37] crowsnest:		
[12/15/25 10:17:37] crowsnest:		brightness 0x00980900 (int)    : min=-64 max=64 step=1 default=0 value=0
[12/15/25 10:17:37] crowsnest:		contrast 0x00980901 (int)    : min=0 max=64 step=1 default=32 value=32
[12/15/25 10:17:37] crowsnest:		saturation 0x00980902 (int)    : min=0 max=128 step=1 default=64 value=64
[12/15/25 10:17:37] crowsnest:		hue 0x00980903 (int)    : min=-40 max=40 step=1 default=0 value=0
[12/15/25 10:17:37] crowsnest:		white_balance_automatic 0x0098090c (bool)   : default=1 value=1
[12/15/25 10:17:37] crowsnest:		gamma 0x00980910 (int)    : min=72 max=500 step=1 default=100 value=100
[12/15/25 10:17:37] crowsnest:		gain 0x00980913 (int)    : min=0 max=100 step=1 default=0 value=0
[12/15/25 10:17:37] crowsnest:		power_line_frequency 0x00980918 (menu)   : min=0 max=2 default=2 value=2
[12/15/25 10:17:37] crowsnest:		0: Disabled
[12/15/25 10:17:37] crowsnest:		1: 50 Hz
[12/15/25 10:17:37] crowsnest:		2: 60 Hz
[12/15/25 10:17:37] crowsnest:		white_balance_temperature 0x0098091a (int)    : min=2800 max=6500 step=1 default=4600 value=4600 flags=inactive
[12/15/25 10:17:37] crowsnest:		sharpness 0x0098091b (int)    : min=0 max=6 step=1 default=3 value=3
[12/15/25 10:17:37] crowsnest:		backlight_compensation 0x0098091c (int)    : min=0 max=2 step=1 default=1 value=1
[12/15/25 10:17:37] crowsnest:		
[12/15/25 10:17:37] crowsnest:		Camera Controls
[12/15/25 10:17:37] crowsnest:		
[12/15/25 10:17:37] crowsnest:		auto_exposure 0x009a0901 (menu)   : min=0 max=3 default=3 value=3
[12/15/25 10:17:37] crowsnest:		1: Manual Mode
[12/15/25 10:17:37] crowsnest:		3: Aperture Priority Mode
[12/15/25 10:17:37] crowsnest:		exposure_time_absolute 0x009a0902 (int)    : min=1 max=5000 step=1 default=156 value=156 flags=inactive
[12/15/25 10:17:37] crowsnest:		exposure_dynamic_framerate 0x009a0903 (bool)   : default=0 value=1
[12/15/25 10:17:37] crowsnest: Try to start configured Cams / Services...
[12/15/25 10:17:42] crowsnest: INFO: Configuration of Section [cam 1] looks good. Continue ...
[12/15/25 10:17:43] crowsnest: V4L2 Control: No parameters set for [cam 1]. Skipped.
[12/15/25 10:17:47] crowsnest: Starting ustreamer with Device /dev/video0 ...
[12/15/25 10:17:48] crowsnest:  ... Done!
[12/15/25 10:17:35] crowsnest: crowsnest - A webcam Service for multiple Cams and Stream Services.
[12/15/25 10:17:35] crowsnest: Version: v4.1.12-1-g9623b5f
[12/15/25 10:17:35] crowsnest: Prepare Startup ...
[12/15/25 10:17:36] crowsnest: INFO: Host information:
[12/15/25 10:17:36] crowsnest: Host Info: Distribution: Debian GNU/Linux 11 (bullseye)
[12/15/25 10:17:36] crowsnest: Host Info: Kernel: Linux 5.16.17-sun50iw9 aarch64
[12/15/25 10:17:36] crowsnest: Host Info: Available CPU Cores: 4
[12/15/25 10:17:36] crowsnest: Host Info: Available Memory: 1010632 kB
[12/15/25 10:17:36] crowsnest: Host Info: Diskspace (avail. / total): 21G / 29G
[12/15/25 10:17:36] crowsnest: INFO: Checking Dependencies
[12/15/25 10:17:36] crowsnest: Dependency: 'crudini' found in /usr/bin/crudini.
[12/15/25 10:17:36] crowsnest: Dependency: 'find' found in /usr/bin/find.
[12/15/25 10:17:36] crowsnest: Dependency: 'xargs' found in /usr/bin/xargs.
[12/15/25 10:17:36] crowsnest: Dependency: 'ustreamer' found in bin/ustreamer/src/ustreamer.bin.
[12/15/25 10:17:36] crowsnest: Version Control: ustreamer is up to date. (v6.31)
[12/15/25 10:17:36] crowsnest: INFO: Print Configfile: '/home/biqu/printer_data/config/crowsnest.conf'
[12/15/25 10:17:36] crowsnest:		[crowsnest]
[12/15/25 10:17:36] crowsnest:		log_path: ~/printer_data/logs/crowsnest.log
[12/15/25 10:17:36] crowsnest:		log_level: verbose
[12/15/25 10:17:36] crowsnest:		delete_log: false
[12/15/25 10:17:36] crowsnest:		no_proxy: false
[12/15/25 10:17:36] crowsnest:		
[12/15/25 10:17:36] crowsnest:		[cam 1]
[12/15/25 10:17:36] crowsnest:		mode: ustreamer
[12/15/25 10:17:36] crowsnest:		
[12/15/25 10:17:36] crowsnest:		enable_rtsp: false
[12/15/25 10:17:36] crowsnest:		rtsp_port: 8554
[12/15/25 10:17:36] crowsnest:		port: 8080
[12/15/25 10:17:36] crowsnest:		device: /dev/video0
[12/15/25 10:17:36] crowsnest:		resolution: 1280x720
[12/15/25 10:17:36] crowsnest:		max_fps: 30
[12/15/25 10:17:36] crowsnest: INFO: Detect available Devices
[12/15/25 10:17:36] crowsnest: INFO: Found 1 total available Device(s)
[12/15/25 10:17:36] crowsnest: INFO: Found 1 available v4l2 (UVC) camera(s)
[12/15/25 10:17:36] crowsnest: /dev/v4l/by-id/usb-HHW_microelectronics_Co.__Ltd._MGS1-video-index0 -> /dev/video0
[12/15/25 10:17:36] crowsnest: Supported Formats:
[12/15/25 10:17:36] crowsnest:		[0]: 'MJPG' (Motion-JPEG, compressed)
[12/15/25 10:17:36] crowsnest:		Size: Discrete 1280x720
[12/15/25 10:17:36] crowsnest:		Interval: Discrete 0.033s (30.000 fps)
[12/15/25 10:17:36] crowsnest:		Interval: Discrete 0.040s (25.000 fps)
[12/15/25 10:17:36] crowsnest:		Interval: Discrete 0.050s (20.000 fps)
[12/15/25 10:17:36] crowsnest:		Interval: Discrete 0.067s (15.000 fps)
[12/15/25 10:17:36] crowsnest:		Interval: Discrete 0.100s (10.000 fps)
[12/15/25 10:17:36] crowsnest:		Interval: Discrete 0.200s (5.000 fps)
[12/15/25 10:17:36] crowsnest:		Size: Discrete 800x480
[12/15/25 10:17:36] crowsnest:		Interval: Discrete 0.033s (30.000 fps)
[12/15/25 10:17:36] crowsnest:		Interval: Discrete 0.040s (25.000 fps)
[12/15/25 10:17:36] crowsnest:		Interval: Discrete 0.050s (20.000 fps)
[12/15/25 10:17:36] crowsnest:		Interval: Discrete 0.067s (15.000 fps)
[12/15/25 10:17:36] crowsnest:		Interval: Discrete 0.100s (10.000 fps)
[12/15/25 10:17:36] crowsnest:		Interval: Discrete 0.200s (5.000 fps)
[12/15/25 10:17:36] crowsnest:		Size: Discrete 672x456
[12/15/25 10:17:36] crowsnest:		Interval: Discrete 0.033s (30.000 fps)
[12/15/25 10:17:36] crowsnest:		Interval: Discrete 0.040s (25.000 fps)
[12/15/25 10:17:36] crowsnest:		Interval: Discrete 0.050s (20.000 fps)
[12/15/25 10:17:36] crowsnest:		Interval: Discrete 0.067s (15.000 fps)
[12/15/25 10:17:36] crowsnest:		Interval: Discrete 0.100s (10.000 fps)
[12/15/25 10:17:36] crowsnest:		Interval: Discrete 0.200s (5.000 fps)
[12/15/25 10:17:36] crowsnest:		Size: Discrete 640x480
[12/15/25 10:17:36] crowsnest:		Interval: Discrete 0.033s (30.000 fps)
[12/15/25 10:17:36] crowsnest:		Interval: Discrete 0.040s (25.000 fps)
[12/15/25 10:17:36] crowsnest:		Interval: Discrete 0.050s (20.000 fps)
[12/15/25 10:17:36] crowsnest:		Interval: Discrete 0.067s (15.000 fps)
[12/15/25 10:17:36] crowsnest:		Interval: Discrete 0.100s (10.000 fps)
[12/15/25 10:17:36] crowsnest:		Interval: Discrete 0.200s (5.000 fps)
[12/15/25 10:17:36] crowsnest:		Size: Discrete 320x240
[12/15/25 10:17:36] crowsnest:		Interval: Discrete 0.033s (30.000 fps)
[12/15/25 10:17:36] crowsnest:		Interval: Discrete 0.040s (25.000 fps)
[12/15/25 10:17:36] crowsnest:		Interval: Discrete 0.050s (20.000 fps)
[12/15/25 10:17:36] crowsnest:		Interval: Discrete 0.067s (15.000 fps)
[12/15/25 10:17:36] crowsnest:		Interval: Discrete 0.100s (10.000 fps)
[12/15/25 10:17:36] crowsnest:		Interval: Discrete 0.200s (5.000 fps)
[12/15/25 10:17:36] crowsnest:		[1]: 'YUYV' (YUYV 4:2:2)
[12/15/25 10:17:36] crowsnest:		Size: Discrete 1280x720
[12/15/25 10:17:36] crowsnest:		Interval: Discrete 0.100s (10.000 fps)
[12/15/25 10:17:36] crowsnest:		Size: Discrete 800x480
[12/15/25 10:17:36] crowsnest:		Interval: Discrete 0.040s (25.000 fps)
[12/15/25 10:17:36] crowsnest:		Size: Discrete 672x456
[12/15/25 10:17:36] crowsnest:		Interval: Discrete 0.033s (30.000 fps)
[12/15/25 10:17:36] crowsnest:		Size: Discrete 640x480
[12/15/25 10:17:36] crowsnest:		Interval: Discrete 0.033s (30.000 fps)
[12/15/25 10:17:36] crowsnest:		Size: Discrete 320x240
[12/15/25 10:17:36] crowsnest:		Interval: Discrete 0.033s (30.000 fps)
[12/15/25 10:17:36] crowsnest: Supported Controls:
[12/15/25 10:17:36] crowsnest:		
[12/15/25 10:17:36] crowsnest:		User Controls
[12/15/25 10:17:36] crowsnest:		
[12/15/25 10:17:36] crowsnest:		brightness 0x00980900 (int)    : min=-64 max=64 step=1 default=0 value=0
[12/15/25 10:17:36] crowsnest:		contrast 0x00980901 (int)    : min=0 max=64 step=1 default=32 value=32
[12/15/25 10:17:36] crowsnest:		saturation 0x00980902 (int)    : min=0 max=128 step=1 default=64 value=64
[12/15/25 10:17:36] crowsnest:		hue 0x00980903 (int)    : min=-40 max=40 step=1 default=0 value=0
[12/15/25 10:17:36] crowsnest:		white_balance_automatic 0x0098090c (bool)   : default=1 value=1
[12/15/25 10:17:36] crowsnest:		gamma 0x00980910 (int)    : min=72 max=500 step=1 default=100 value=100
[12/15/25 10:17:36] crowsnest:		gain 0x00980913 (int)    : min=0 max=100 step=1 default=0 value=0
[12/15/25 10:17:36] crowsnest:		power_line_frequency 0x00980918 (menu)   : min=0 max=2 default=2 value=2
[12/15/25 10:17:36] crowsnest:		0: Disabled
[12/15/25 10:17:36] crowsnest:		1: 50 Hz
[12/15/25 10:17:36] crowsnest:		2: 60 Hz
[12/15/25 10:17:36] crowsnest:		white_balance_temperature 0x0098091a (int)    : min=2800 max=6500 step=1 default=4600 value=4600 flags=inactive
[12/15/25 10:17:36] crowsnest:		sharpness 0x0098091b (int)    : min=0 max=6 step=1 default=3 value=3
[12/15/25 10:17:36] crowsnest:		backlight_compensation 0x0098091c (int)    : min=0 max=2 step=1 default=1 value=1
[12/15/25 10:17:36] crowsnest:		
[12/15/25 10:17:36] crowsnest:		Camera Controls
[12/15/25 10:17:36] crowsnest:		
[12/15/25 10:17:36] crowsnest:		auto_exposure 0x009a0901 (menu)   : min=0 max=3 default=3 value=3
[12/15/25 10:17:36] crowsnest:		1: Manual Mode
[12/15/25 10:17:36] crowsnest:		3: Aperture Priority Mode
[12/15/25 10:17:36] crowsnest:		exposure_time_absolute 0x009a0902 (int)    : min=1 max=5000 step=1 default=156 value=156 flags=inactive
[12/15/25 10:17:36] crowsnest:		exposure_dynamic_framerate 0x009a0903 (bool)   : default=0 value=1
[12/15/25 10:17:36] crowsnest: Try to start configured Cams / Services...
[12/15/25 10:17:41] crowsnest: INFO: Configuration of Section [cam 1] looks good. Continue ...
[12/15/25 10:17:42] crowsnest: V4L2 Control: No parameters set for [cam 1]. Skipped.
[12/15/25 10:17:46] crowsnest: Starting ustreamer with Device /dev/video0 ...
[12/15/25 10:17:47] crowsnest:  ... Done!
[12/16/25 09:17:10] crowsnest: crowsnest - A webcam Service for multiple Cams and Stream Services.
[12/16/25 09:17:10] crowsnest: Version: v4.1.12-1-g9623b5f
[12/16/25 09:17:10] crowsnest: Prepare Startup ...
[12/16/25 09:17:10] crowsnest: INFO: Host information:
[12/16/25 09:17:10] crowsnest: Host Info: Distribution: Debian GNU/Linux 11 (bullseye)
[12/16/25 09:17:10] crowsnest: Host Info: Kernel: Linux 5.16.17-sun50iw9 aarch64
[12/16/25 09:17:10] crowsnest: Host Info: Available CPU Cores: 4
[12/16/25 09:17:10] crowsnest: Host Info: Available Memory: 1010632 kB
[12/16/25 09:17:10] crowsnest: Host Info: Diskspace (avail. / total): 21G / 29G
[12/16/25 09:17:10] crowsnest: INFO: Checking Dependencies
[12/16/25 09:17:11] crowsnest: Dependency: 'crudini' found in /usr/bin/crudini.
[12/16/25 09:17:11] crowsnest: Dependency: 'find' found in /usr/bin/find.
[12/16/25 09:17:11] crowsnest: Dependency: 'xargs' found in /usr/bin/xargs.
[12/16/25 09:17:11] crowsnest: Dependency: 'ustreamer' found in bin/ustreamer/src/ustreamer.bin.
[12/16/25 09:17:11] crowsnest: Version Control: ustreamer is up to date. (v6.31)
[12/16/25 09:17:11] crowsnest: INFO: Print Configfile: '/home/biqu/printer_data/config/crowsnest.conf'
[12/16/25 09:17:11] crowsnest:		[crowsnest]
[12/16/25 09:17:11] crowsnest:		log_path: ~/printer_data/logs/crowsnest.log
[12/16/25 09:17:11] crowsnest:		log_level: verbose
[12/16/25 09:17:11] crowsnest:		delete_log: false
[12/16/25 09:17:11] crowsnest:		no_proxy: false
[12/16/25 09:17:11] crowsnest:		
[12/16/25 09:17:11] crowsnest:		[cam 1]
[12/16/25 09:17:11] crowsnest:		mode: ustreamer
[12/16/25 09:17:11] crowsnest:		
[12/16/25 09:17:11] crowsnest:		enable_rtsp: false
[12/16/25 09:17:11] crowsnest:		rtsp_port: 8554
[12/16/25 09:17:11] crowsnest:		port: 8080
[12/16/25 09:17:11] crowsnest:		device: /dev/video0
[12/16/25 09:17:11] crowsnest:		resolution: 1280x720
[12/16/25 09:17:11] crowsnest:		max_fps: 30
[12/16/25 09:17:11] crowsnest: INFO: Detect available Devices
[12/16/25 09:17:11] crowsnest: INFO: Found 1 total available Device(s)
[12/16/25 09:17:11] crowsnest: INFO: Found 1 available v4l2 (UVC) camera(s)
[12/16/25 09:17:11] crowsnest: /dev/v4l/by-id/usb-HHW_microelectronics_Co.__Ltd._MGS1-video-index0 -> /dev/video0
[12/16/25 09:17:11] crowsnest: Supported Formats:
[12/16/25 09:17:11] crowsnest:		[0]: 'MJPG' (Motion-JPEG, compressed)
[12/16/25 09:17:11] crowsnest:		Size: Discrete 1280x720
[12/16/25 09:17:11] crowsnest:		Interval: Discrete 0.033s (30.000 fps)
[12/16/25 09:17:11] crowsnest:		Interval: Discrete 0.040s (25.000 fps)
[12/16/25 09:17:11] crowsnest:		Interval: Discrete 0.050s (20.000 fps)
[12/16/25 09:17:11] crowsnest:		Interval: Discrete 0.067s (15.000 fps)
[12/16/25 09:17:11] crowsnest:		Interval: Discrete 0.100s (10.000 fps)
[12/16/25 09:17:11] crowsnest:		Interval: Discrete 0.200s (5.000 fps)
[12/16/25 09:17:11] crowsnest:		Size: Discrete 800x480
[12/16/25 09:17:11] crowsnest:		Interval: Discrete 0.033s (30.000 fps)
[12/16/25 09:17:11] crowsnest:		Interval: Discrete 0.040s (25.000 fps)
[12/16/25 09:17:11] crowsnest:		Interval: Discrete 0.050s (20.000 fps)
[12/16/25 09:17:11] crowsnest:		Interval: Discrete 0.067s (15.000 fps)
[12/16/25 09:17:11] crowsnest:		Interval: Discrete 0.100s (10.000 fps)
[12/16/25 09:17:11] crowsnest:		Interval: Discrete 0.200s (5.000 fps)
[12/16/25 09:17:11] crowsnest:		Size: Discrete 672x456
[12/16/25 09:17:11] crowsnest:		Interval: Discrete 0.033s (30.000 fps)
[12/16/25 09:17:11] crowsnest:		Interval: Discrete 0.040s (25.000 fps)
[12/16/25 09:17:11] crowsnest:		Interval: Discrete 0.050s (20.000 fps)
[12/16/25 09:17:11] crowsnest:		Interval: Discrete 0.067s (15.000 fps)
[12/16/25 09:17:11] crowsnest:		Interval: Discrete 0.100s (10.000 fps)
[12/16/25 09:17:11] crowsnest:		Interval: Discrete 0.200s (5.000 fps)
[12/16/25 09:17:11] crowsnest:		Size: Discrete 640x480
[12/16/25 09:17:11] crowsnest:		Interval: Discrete 0.033s (30.000 fps)
[12/16/25 09:17:11] crowsnest:		Interval: Discrete 0.040s (25.000 fps)
[12/16/25 09:17:11] crowsnest:		Interval: Discrete 0.050s (20.000 fps)
[12/16/25 09:17:11] crowsnest:		Interval: Discrete 0.067s (15.000 fps)
[12/16/25 09:17:11] crowsnest:		Interval: Discrete 0.100s (10.000 fps)
[12/16/25 09:17:11] crowsnest:		Interval: Discrete 0.200s (5.000 fps)
[12/16/25 09:17:11] crowsnest:		Size: Discrete 320x240
[12/16/25 09:17:11] crowsnest:		Interval: Discrete 0.033s (30.000 fps)
[12/16/25 09:17:11] crowsnest:		Interval: Discrete 0.040s (25.000 fps)
[12/16/25 09:17:11] crowsnest:		Interval: Discrete 0.050s (20.000 fps)
[12/16/25 09:17:11] crowsnest:		Interval: Discrete 0.067s (15.000 fps)
[12/16/25 09:17:11] crowsnest:		Interval: Discrete 0.100s (10.000 fps)
[12/16/25 09:17:11] crowsnest:		Interval: Discrete 0.200s (5.000 fps)
[12/16/25 09:17:11] crowsnest:		[1]: 'YUYV' (YUYV 4:2:2)
[12/16/25 09:17:11] crowsnest:		Size: Discrete 1280x720
[12/16/25 09:17:11] crowsnest:		Interval: Discrete 0.100s (10.000 fps)
[12/16/25 09:17:11] crowsnest:		Size: Discrete 800x480
[12/16/25 09:17:11] crowsnest:		Interval: Discrete 0.040s (25.000 fps)
[12/16/25 09:17:11] crowsnest:		Size: Discrete 672x456
[12/16/25 09:17:11] crowsnest:		Interval: Discrete 0.033s (30.000 fps)
[12/16/25 09:17:11] crowsnest:		Size: Discrete 640x480
[12/16/25 09:17:11] crowsnest:		Interval: Discrete 0.033s (30.000 fps)
[12/16/25 09:17:11] crowsnest:		Size: Discrete 320x240
[12/16/25 09:17:11] crowsnest:		Interval: Discrete 0.033s (30.000 fps)
[12/16/25 09:17:11] crowsnest: Supported Controls:
[12/16/25 09:17:11] crowsnest:		
[12/16/25 09:17:11] crowsnest:		User Controls
[12/16/25 09:17:11] crowsnest:		
[12/16/25 09:17:11] crowsnest:		brightness 0x00980900 (int)    : min=-64 max=64 step=1 default=0 value=0
[12/16/25 09:17:11] crowsnest:		contrast 0x00980901 (int)    : min=0 max=64 step=1 default=32 value=32
[12/16/25 09:17:11] crowsnest:		saturation 0x00980902 (int)    : min=0 max=128 step=1 default=64 value=64
[12/16/25 09:17:11] crowsnest:		hue 0x00980903 (int)    : min=-40 max=40 step=1 default=0 value=0
[12/16/25 09:17:11] crowsnest:		white_balance_automatic 0x0098090c (bool)   : default=1 value=1
[12/16/25 09:17:11] crowsnest:		gamma 0x00980910 (int)    : min=72 max=500 step=1 default=100 value=100
[12/16/25 09:17:11] crowsnest:		gain 0x00980913 (int)    : min=0 max=100 step=1 default=0 value=0
[12/16/25 09:17:11] crowsnest:		power_line_frequency 0x00980918 (menu)   : min=0 max=2 default=2 value=2
[12/16/25 09:17:11] crowsnest:		0: Disabled
[12/16/25 09:17:11] crowsnest:		1: 50 Hz
[12/16/25 09:17:11] crowsnest:		2: 60 Hz
[12/16/25 09:17:11] crowsnest:		white_balance_temperature 0x0098091a (int)    : min=2800 max=6500 step=1 default=4600 value=4600 flags=inactive
[12/16/25 09:17:11] crowsnest:		sharpness 0x0098091b (int)    : min=0 max=6 step=1 default=3 value=3
[12/16/25 09:17:11] crowsnest:		backlight_compensation 0x0098091c (int)    : min=0 max=2 step=1 default=1 value=1
[12/16/25 09:17:11] crowsnest:		
[12/16/25 09:17:11] crowsnest:		Camera Controls
[12/16/25 09:17:11] crowsnest:		
[12/16/25 09:17:11] crowsnest:		auto_exposure 0x009a0901 (menu)   : min=0 max=3 default=3 value=3
[12/16/25 09:17:11] crowsnest:		1: Manual Mode
[12/16/25 09:17:11] crowsnest:		3: Aperture Priority Mode
[12/16/25 09:17:11] crowsnest:		exposure_time_absolute 0x009a0902 (int)    : min=1 max=5000 step=1 default=156 value=156 flags=inactive
[12/16/25 09:17:11] crowsnest:		exposure_dynamic_framerate 0x009a0903 (bool)   : default=0 value=1
[12/16/25 09:17:11] crowsnest: Try to start configured Cams / Services...
[12/16/25 09:17:17] crowsnest: INFO: Configuration of Section [cam 1] looks good. Continue ...
[12/16/25 09:17:19] crowsnest: V4L2 Control: No parameters set for [cam 1]. Skipped.
[12/16/25 09:17:24] crowsnest: Starting ustreamer with Device /dev/video0 ...
[12/16/25 09:17:25] crowsnest:  ... Done!
[12/16/25 09:17:11] crowsnest: crowsnest - A webcam Service for multiple Cams and Stream Services.
[12/16/25 09:17:11] crowsnest: Version: v4.1.12-1-g9623b5f
[12/16/25 09:17:11] crowsnest: Prepare Startup ...
[12/16/25 09:17:11] crowsnest: INFO: Host information:
[12/16/25 09:17:11] crowsnest: Host Info: Distribution: Debian GNU/Linux 11 (bullseye)
[12/16/25 09:17:11] crowsnest: Host Info: Kernel: Linux 5.16.17-sun50iw9 aarch64
[12/16/25 09:17:11] crowsnest: Host Info: Available CPU Cores: 4
[12/16/25 09:17:11] crowsnest: Host Info: Available Memory: 1010632 kB
[12/16/25 09:17:11] crowsnest: Host Info: Diskspace (avail. / total): 21G / 29G
[12/16/25 09:17:11] crowsnest: INFO: Checking Dependencies
[12/16/25 09:17:12] crowsnest: Dependency: 'crudini' found in /usr/bin/crudini.
[12/16/25 09:17:12] crowsnest: Dependency: 'find' found in /usr/bin/find.
[12/16/25 09:17:12] crowsnest: Dependency: 'xargs' found in /usr/bin/xargs.
[12/16/25 09:17:12] crowsnest: Dependency: 'ustreamer' found in bin/ustreamer/src/ustreamer.bin.
[12/16/25 09:17:12] crowsnest: Version Control: ustreamer is up to date. (v6.31)
[12/16/25 09:17:12] crowsnest: INFO: Print Configfile: '/home/biqu/printer_data/config/crowsnest.conf'
[12/16/25 09:17:12] crowsnest:		[crowsnest]
[12/16/25 09:17:12] crowsnest:		log_path: ~/printer_data/logs/crowsnest.log
[12/16/25 09:17:12] crowsnest:		log_level: verbose
[12/16/25 09:17:12] crowsnest:		delete_log: false
[12/16/25 09:17:12] crowsnest:		no_proxy: false
[12/16/25 09:17:12] crowsnest:		
[12/16/25 09:17:12] crowsnest:		[cam 1]
[12/16/25 09:17:12] crowsnest:		mode: ustreamer
[12/16/25 09:17:12] crowsnest:		
[12/16/25 09:17:12] crowsnest:		enable_rtsp: false
[12/16/25 09:17:12] crowsnest:		rtsp_port: 8554
[12/16/25 09:17:12] crowsnest:		port: 8080
[12/16/25 09:17:12] crowsnest:		device: /dev/video0
[12/16/25 09:17:12] crowsnest:		resolution: 1280x720
[12/16/25 09:17:12] crowsnest:		max_fps: 30
[12/16/25 09:17:12] crowsnest: INFO: Detect available Devices
[12/16/25 09:17:12] crowsnest: INFO: Found 1 total available Device(s)
[12/16/25 09:17:12] crowsnest: INFO: Found 1 available v4l2 (UVC) camera(s)
[12/16/25 09:17:12] crowsnest: /dev/v4l/by-id/usb-HHW_microelectronics_Co.__Ltd._MGS1-video-index0 -> /dev/video0
[12/16/25 09:17:12] crowsnest: Supported Formats:
[12/16/25 09:17:12] crowsnest:		[0]: 'MJPG' (Motion-JPEG, compressed)
[12/16/25 09:17:12] crowsnest:		Size: Discrete 1280x720
[12/16/25 09:17:12] crowsnest:		Interval: Discrete 0.033s (30.000 fps)
[12/16/25 09:17:12] crowsnest:		Interval: Discrete 0.040s (25.000 fps)
[12/16/25 09:17:12] crowsnest:		Interval: Discrete 0.050s (20.000 fps)
[12/16/25 09:17:12] crowsnest:		Interval: Discrete 0.067s (15.000 fps)
[12/16/25 09:17:12] crowsnest:		Interval: Discrete 0.100s (10.000 fps)
[12/16/25 09:17:12] crowsnest:		Interval: Discrete 0.200s (5.000 fps)
[12/16/25 09:17:12] crowsnest:		Size: Discrete 800x480
[12/16/25 09:17:12] crowsnest:		Interval: Discrete 0.033s (30.000 fps)
[12/16/25 09:17:12] crowsnest:		Interval: Discrete 0.040s (25.000 fps)
[12/16/25 09:17:12] crowsnest:		Interval: Discrete 0.050s (20.000 fps)
[12/16/25 09:17:12] crowsnest:		Interval: Discrete 0.067s (15.000 fps)
[12/16/25 09:17:12] crowsnest:		Interval: Discrete 0.100s (10.000 fps)
[12/16/25 09:17:12] crowsnest:		Interval: Discrete 0.200s (5.000 fps)
[12/16/25 09:17:12] crowsnest:		Size: Discrete 672x456
[12/16/25 09:17:12] crowsnest:		Interval: Discrete 0.033s (30.000 fps)
[12/16/25 09:17:12] crowsnest:		Interval: Discrete 0.040s (25.000 fps)
[12/16/25 09:17:12] crowsnest:		Interval: Discrete 0.050s (20.000 fps)
[12/16/25 09:17:12] crowsnest:		Interval: Discrete 0.067s (15.000 fps)
[12/16/25 09:17:12] crowsnest:		Interval: Discrete 0.100s (10.000 fps)
[12/16/25 09:17:12] crowsnest:		Interval: Discrete 0.200s (5.000 fps)
[12/16/25 09:17:12] crowsnest:		Size: Discrete 640x480
[12/16/25 09:17:12] crowsnest:		Interval: Discrete 0.033s (30.000 fps)
[12/16/25 09:17:12] crowsnest:		Interval: Discrete 0.040s (25.000 fps)
[12/16/25 09:17:12] crowsnest:		Interval: Discrete 0.050s (20.000 fps)
[12/16/25 09:17:12] crowsnest:		Interval: Discrete 0.067s (15.000 fps)
[12/16/25 09:17:12] crowsnest:		Interval: Discrete 0.100s (10.000 fps)
[12/16/25 09:17:12] crowsnest:		Interval: Discrete 0.200s (5.000 fps)
[12/16/25 09:17:12] crowsnest:		Size: Discrete 320x240
[12/16/25 09:17:12] crowsnest:		Interval: Discrete 0.033s (30.000 fps)
[12/16/25 09:17:12] crowsnest:		Interval: Discrete 0.040s (25.000 fps)
[12/16/25 09:17:12] crowsnest:		Interval: Discrete 0.050s (20.000 fps)
[12/16/25 09:17:12] crowsnest:		Interval: Discrete 0.067s (15.000 fps)
[12/16/25 09:17:12] crowsnest:		Interval: Discrete 0.100s (10.000 fps)
[12/16/25 09:17:12] crowsnest:		Interval: Discrete 0.200s (5.000 fps)
[12/16/25 09:17:12] crowsnest:		[1]: 'YUYV' (YUYV 4:2:2)
[12/16/25 09:17:12] crowsnest:		Size: Discrete 1280x720
[12/16/25 09:17:12] crowsnest:		Interval: Discrete 0.100s (10.000 fps)
[12/16/25 09:17:12] crowsnest:		Size: Discrete 800x480
[12/16/25 09:17:12] crowsnest:		Interval: Discrete 0.040s (25.000 fps)
[12/16/25 09:17:12] crowsnest:		Size: Discrete 672x456
[12/16/25 09:17:12] crowsnest:		Interval: Discrete 0.033s (30.000 fps)
[12/16/25 09:17:12] crowsnest:		Size: Discrete 640x480
[12/16/25 09:17:12] crowsnest:		Interval: Discrete 0.033s (30.000 fps)
[12/16/25 09:17:12] crowsnest:		Size: Discrete 320x240
[12/16/25 09:17:12] crowsnest:		Interval: Discrete 0.033s (30.000 fps)
[12/16/25 09:17:12] crowsnest: Supported Controls:
[12/16/25 09:17:12] crowsnest:		
[12/16/25 09:17:12] crowsnest:		User Controls
[12/16/25 09:17:12] crowsnest:		
[12/16/25 09:17:12] crowsnest:		brightness 0x00980900 (int)    : min=-64 max=64 step=1 default=0 value=0
[12/16/25 09:17:12] crowsnest:		contrast 0x00980901 (int)    : min=0 max=64 step=1 default=32 value=32
[12/16/25 09:17:12] crowsnest:		saturation 0x00980902 (int)    : min=0 max=128 step=1 default=64 value=64
[12/16/25 09:17:12] crowsnest:		hue 0x00980903 (int)    : min=-40 max=40 step=1 default=0 value=0
[12/16/25 09:17:12] crowsnest:		white_balance_automatic 0x0098090c (bool)   : default=1 value=1
[12/16/25 09:17:12] crowsnest:		gamma 0x00980910 (int)    : min=72 max=500 step=1 default=100 value=100
[12/16/25 09:17:12] crowsnest:		gain 0x00980913 (int)    : min=0 max=100 step=1 default=0 value=0
[12/16/25 09:17:12] crowsnest:		power_line_frequency 0x00980918 (menu)   : min=0 max=2 default=2 value=2
[12/16/25 09:17:12] crowsnest:		0: Disabled
[12/16/25 09:17:12] crowsnest:		1: 50 Hz
[12/16/25 09:17:12] crowsnest:		2: 60 Hz
[12/16/25 09:17:12] crowsnest:		white_balance_temperature 0x0098091a (int)    : min=2800 max=6500 step=1 default=4600 value=4600 flags=inactive
[12/16/25 09:17:12] crowsnest:		sharpness 0x0098091b (int)    : min=0 max=6 step=1 default=3 value=3
[12/16/25 09:17:12] crowsnest:		backlight_compensation 0x0098091c (int)    : min=0 max=2 step=1 default=1 value=1
[12/16/25 09:17:12] crowsnest:		
[12/16/25 09:17:12] crowsnest:		Camera Controls
[12/16/25 09:17:12] crowsnest:		
[12/16/25 09:17:12] crowsnest:		auto_exposure 0x009a0901 (menu)   : min=0 max=3 default=3 value=3
[12/16/25 09:17:12] crowsnest:		1: Manual Mode
[12/16/25 09:17:12] crowsnest:		3: Aperture Priority Mode
[12/16/25 09:17:12] crowsnest:		exposure_time_absolute 0x009a0902 (int)    : min=1 max=5000 step=1 default=156 value=156 flags=inactive
[12/16/25 09:17:12] crowsnest:		exposure_dynamic_framerate 0x009a0903 (bool)   : default=0 value=1
[12/16/25 09:17:12] crowsnest: Try to start configured Cams / Services...
[12/16/25 09:17:18] crowsnest: INFO: Configuration of Section [cam 1] looks good. Continue ...
[12/16/25 09:17:20] crowsnest: V4L2 Control: No parameters set for [cam 1]. Skipped.
[12/16/25 09:17:24] crowsnest: Starting ustreamer with Device /dev/video0 ...
[12/16/25 09:17:26] crowsnest:  ... Done!
[12/16/25 11:17:14] crowsnest: crowsnest - A webcam Service for multiple Cams and Stream Services.
[12/16/25 11:17:14] crowsnest: Version: v4.1.12-1-g9623b5f
[12/16/25 11:17:14] crowsnest: Prepare Startup ...
[12/16/25 11:17:14] crowsnest: INFO: Host information:
[12/16/25 11:17:14] crowsnest: Host Info: Distribution: Debian GNU/Linux 11 (bullseye)
[12/16/25 11:17:14] crowsnest: Host Info: Kernel: Linux 5.16.17-sun50iw9 aarch64
[12/16/25 11:17:14] crowsnest: Host Info: Available CPU Cores: 4
[12/16/25 11:17:14] crowsnest: Host Info: Available Memory: 1010632 kB
[12/16/25 11:17:14] crowsnest: Host Info: Diskspace (avail. / total): 21G / 29G
[12/16/25 11:17:14] crowsnest: INFO: Checking Dependencies
[12/16/25 11:17:15] crowsnest: Dependency: 'crudini' found in /usr/bin/crudini.
[12/16/25 11:17:15] crowsnest: Dependency: 'find' found in /usr/bin/find.
[12/16/25 11:17:15] crowsnest: Dependency: 'xargs' found in /usr/bin/xargs.
[12/16/25 11:17:15] crowsnest: Dependency: 'ustreamer' found in bin/ustreamer/src/ustreamer.bin.
[12/16/25 11:17:15] crowsnest: Version Control: ustreamer is up to date. (v6.31)
[12/16/25 11:17:15] crowsnest: INFO: Print Configfile: '/home/biqu/printer_data/config/crowsnest.conf'
[12/16/25 11:17:15] crowsnest:		[crowsnest]
[12/16/25 11:17:15] crowsnest:		log_path: ~/printer_data/logs/crowsnest.log
[12/16/25 11:17:15] crowsnest:		log_level: verbose
[12/16/25 11:17:15] crowsnest:		delete_log: false
[12/16/25 11:17:15] crowsnest:		no_proxy: false
[12/16/25 11:17:15] crowsnest:		
[12/16/25 11:17:15] crowsnest:		[cam 1]
[12/16/25 11:17:15] crowsnest:		mode: ustreamer
[12/16/25 11:17:15] crowsnest:		
[12/16/25 11:17:15] crowsnest:		enable_rtsp: false
[12/16/25 11:17:15] crowsnest:		rtsp_port: 8554
[12/16/25 11:17:15] crowsnest:		port: 8080
[12/16/25 11:17:15] crowsnest:		device: /dev/video0
[12/16/25 11:17:15] crowsnest:		resolution: 1280x720
[12/16/25 11:17:15] crowsnest:		max_fps: 30
[12/16/25 11:17:15] crowsnest: INFO: Detect available Devices
[12/16/25 11:17:15] crowsnest: INFO: Found 1 total available Device(s)
[12/16/25 11:17:15] crowsnest: INFO: Found 1 available v4l2 (UVC) camera(s)
[12/16/25 11:17:15] crowsnest: /dev/v4l/by-id/usb-HHW_microelectronics_Co.__Ltd._MGS1-video-index0 -> /dev/video0
[12/16/25 11:17:15] crowsnest: Supported Formats:
[12/16/25 11:17:15] crowsnest:		[0]: 'MJPG' (Motion-JPEG, compressed)
[12/16/25 11:17:15] crowsnest:		Size: Discrete 1280x720
[12/16/25 11:17:15] crowsnest:		Interval: Discrete 0.033s (30.000 fps)
[12/16/25 11:17:15] crowsnest:		Interval: Discrete 0.040s (25.000 fps)
[12/16/25 11:17:15] crowsnest:		Interval: Discrete 0.050s (20.000 fps)
[12/16/25 11:17:15] crowsnest:		Interval: Discrete 0.067s (15.000 fps)
[12/16/25 11:17:15] crowsnest:		Interval: Discrete 0.100s (10.000 fps)
[12/16/25 11:17:15] crowsnest:		Interval: Discrete 0.200s (5.000 fps)
[12/16/25 11:17:15] crowsnest:		Size: Discrete 800x480
[12/16/25 11:17:15] crowsnest:		Interval: Discrete 0.033s (30.000 fps)
[12/16/25 11:17:15] crowsnest:		Interval: Discrete 0.040s (25.000 fps)
[12/16/25 11:17:15] crowsnest:		Interval: Discrete 0.050s (20.000 fps)
[12/16/25 11:17:15] crowsnest:		Interval: Discrete 0.067s (15.000 fps)
[12/16/25 11:17:15] crowsnest:		Interval: Discrete 0.100s (10.000 fps)
[12/16/25 11:17:15] crowsnest:		Interval: Discrete 0.200s (5.000 fps)
[12/16/25 11:17:15] crowsnest:		Size: Discrete 672x456
[12/16/25 11:17:15] crowsnest:		Interval: Discrete 0.033s (30.000 fps)
[12/16/25 11:17:15] crowsnest:		Interval: Discrete 0.040s (25.000 fps)
[12/16/25 11:17:15] crowsnest:		Interval: Discrete 0.050s (20.000 fps)
[12/16/25 11:17:15] crowsnest:		Interval: Discrete 0.067s (15.000 fps)
[12/16/25 11:17:15] crowsnest:		Interval: Discrete 0.100s (10.000 fps)
[12/16/25 11:17:15] crowsnest:		Interval: Discrete 0.200s (5.000 fps)
[12/16/25 11:17:15] crowsnest:		Size: Discrete 640x480
[12/16/25 11:17:15] crowsnest:		Interval: Discrete 0.033s (30.000 fps)
[12/16/25 11:17:15] crowsnest:		Interval: Discrete 0.040s (25.000 fps)
[12/16/25 11:17:15] crowsnest:		Interval: Discrete 0.050s (20.000 fps)
[12/16/25 11:17:15] crowsnest:		Interval: Discrete 0.067s (15.000 fps)
[12/16/25 11:17:15] crowsnest:		Interval: Discrete 0.100s (10.000 fps)
[12/16/25 11:17:15] crowsnest:		Interval: Discrete 0.200s (5.000 fps)
[12/16/25 11:17:15] crowsnest:		Size: Discrete 320x240
[12/16/25 11:17:15] crowsnest:		Interval: Discrete 0.033s (30.000 fps)
[12/16/25 11:17:15] crowsnest:		Interval: Discrete 0.040s (25.000 fps)
[12/16/25 11:17:15] crowsnest:		Interval: Discrete 0.050s (20.000 fps)
[12/16/25 11:17:15] crowsnest:		Interval: Discrete 0.067s (15.000 fps)
[12/16/25 11:17:15] crowsnest:		Interval: Discrete 0.100s (10.000 fps)
[12/16/25 11:17:15] crowsnest:		Interval: Discrete 0.200s (5.000 fps)
[12/16/25 11:17:15] crowsnest:		[1]: 'YUYV' (YUYV 4:2:2)
[12/16/25 11:17:15] crowsnest:		Size: Discrete 1280x720
[12/16/25 11:17:15] crowsnest:		Interval: Discrete 0.100s (10.000 fps)
[12/16/25 11:17:15] crowsnest:		Size: Discrete 800x480
[12/16/25 11:17:15] crowsnest:		Interval: Discrete 0.040s (25.000 fps)
[12/16/25 11:17:15] crowsnest:		Size: Discrete 672x456
[12/16/25 11:17:15] crowsnest:		Interval: Discrete 0.033s (30.000 fps)
[12/16/25 11:17:15] crowsnest:		Size: Discrete 640x480
[12/16/25 11:17:15] crowsnest:		Interval: Discrete 0.033s (30.000 fps)
[12/16/25 11:17:15] crowsnest:		Size: Discrete 320x240
[12/16/25 11:17:15] crowsnest:		Interval: Discrete 0.033s (30.000 fps)
[12/16/25 11:17:15] crowsnest: Supported Controls:
[12/16/25 11:17:15] crowsnest:		
[12/16/25 11:17:15] crowsnest:		User Controls
[12/16/25 11:17:15] crowsnest:		
[12/16/25 11:17:15] crowsnest:		brightness 0x00980900 (int)    : min=-64 max=64 step=1 default=0 value=0
[12/16/25 11:17:15] crowsnest:		contrast 0x00980901 (int)    : min=0 max=64 step=1 default=32 value=32
[12/16/25 11:17:15] crowsnest:		saturation 0x00980902 (int)    : min=0 max=128 step=1 default=64 value=64
[12/16/25 11:17:15] crowsnest:		hue 0x00980903 (int)    : min=-40 max=40 step=1 default=0 value=0
[12/16/25 11:17:15] crowsnest:		white_balance_automatic 0x0098090c (bool)   : default=1 value=1
[12/16/25 11:17:15] crowsnest:		gamma 0x00980910 (int)    : min=72 max=500 step=1 default=100 value=100
[12/16/25 11:17:15] crowsnest:		gain 0x00980913 (int)    : min=0 max=100 step=1 default=0 value=0
[12/16/25 11:17:15] crowsnest:		power_line_frequency 0x00980918 (menu)   : min=0 max=2 default=2 value=2
[12/16/25 11:17:15] crowsnest:		0: Disabled
[12/16/25 11:17:15] crowsnest:		1: 50 Hz
[12/16/25 11:17:15] crowsnest:		2: 60 Hz
[12/16/25 11:17:15] crowsnest:		white_balance_temperature 0x0098091a (int)    : min=2800 max=6500 step=1 default=4600 value=4600 flags=inactive
[12/16/25 11:17:15] crowsnest:		sharpness 0x0098091b (int)    : min=0 max=6 step=1 default=3 value=3
[12/16/25 11:17:15] crowsnest:		backlight_compensation 0x0098091c (int)    : min=0 max=2 step=1 default=1 value=1
[12/16/25 11:17:15] crowsnest:		
[12/16/25 11:17:15] crowsnest:		Camera Controls
[12/16/25 11:17:15] crowsnest:		
[12/16/25 11:17:15] crowsnest:		auto_exposure 0x009a0901 (menu)   : min=0 max=3 default=3 value=3
[12/16/25 11:17:15] crowsnest:		1: Manual Mode
[12/16/25 11:17:15] crowsnest:		3: Aperture Priority Mode
[12/16/25 11:17:15] crowsnest:		exposure_time_absolute 0x009a0902 (int)    : min=1 max=5000 step=1 default=156 value=156 flags=inactive
[12/16/25 11:17:15] crowsnest:		exposure_dynamic_framerate 0x009a0903 (bool)   : default=0 value=1
[12/16/25 11:17:15] crowsnest: Try to start configured Cams / Services...
[12/16/25 11:17:20] crowsnest: INFO: Configuration of Section [cam 1] looks good. Continue ...
[12/16/25 11:17:22] crowsnest: V4L2 Control: No parameters set for [cam 1]. Skipped.
[12/16/25 11:17:26] crowsnest: Starting ustreamer with Device /dev/video0 ...
[12/16/25 11:17:27] crowsnest:  ... Done!
[12/16/25 11:17:14] crowsnest: crowsnest - A webcam Service for multiple Cams and Stream Services.
[12/16/25 11:17:14] crowsnest: Version: v4.1.12-1-g9623b5f
[12/16/25 11:17:14] crowsnest: Prepare Startup ...
[12/16/25 11:17:15] crowsnest: INFO: Host information:
[12/16/25 11:17:15] crowsnest: Host Info: Distribution: Debian GNU/Linux 11 (bullseye)
[12/16/25 11:17:15] crowsnest: Host Info: Kernel: Linux 5.16.17-sun50iw9 aarch64
[12/16/25 11:17:15] crowsnest: Host Info: Available CPU Cores: 4
[12/16/25 11:17:15] crowsnest: Host Info: Available Memory: 1010632 kB
[12/16/25 11:17:15] crowsnest: Host Info: Diskspace (avail. / total): 21G / 29G
[12/16/25 11:17:15] crowsnest: INFO: Checking Dependencies
[12/16/25 11:17:15] crowsnest: Dependency: 'crudini' found in /usr/bin/crudini.
[12/16/25 11:17:15] crowsnest: Dependency: 'find' found in /usr/bin/find.
[12/16/25 11:17:15] crowsnest: Dependency: 'xargs' found in /usr/bin/xargs.
[12/16/25 11:17:15] crowsnest: Dependency: 'ustreamer' found in bin/ustreamer/src/ustreamer.bin.
[12/16/25 11:17:15] crowsnest: Version Control: ustreamer is up to date. (v6.31)
[12/16/25 11:17:15] crowsnest: INFO: Print Configfile: '/home/biqu/printer_data/config/crowsnest.conf'
[12/16/25 11:17:15] crowsnest:		[crowsnest]
[12/16/25 11:17:15] crowsnest:		log_path: ~/printer_data/logs/crowsnest.log
[12/16/25 11:17:15] crowsnest:		log_level: verbose
[12/16/25 11:17:15] crowsnest:		delete_log: false
[12/16/25 11:17:15] crowsnest:		no_proxy: false
[12/16/25 11:17:15] crowsnest:		
[12/16/25 11:17:15] crowsnest:		[cam 1]
[12/16/25 11:17:15] crowsnest:		mode: ustreamer
[12/16/25 11:17:15] crowsnest:		
[12/16/25 11:17:15] crowsnest:		enable_rtsp: false
[12/16/25 11:17:15] crowsnest:		rtsp_port: 8554
[12/16/25 11:17:15] crowsnest:		port: 8080
[12/16/25 11:17:15] crowsnest:		device: /dev/video0
[12/16/25 11:17:15] crowsnest:		resolution: 1280x720
[12/16/25 11:17:15] crowsnest:		max_fps: 30
[12/16/25 11:17:15] crowsnest: INFO: Detect available Devices
[12/16/25 11:17:15] crowsnest: INFO: Found 1 total available Device(s)
[12/16/25 11:17:15] crowsnest: INFO: Found 1 available v4l2 (UVC) camera(s)
[12/16/25 11:17:16] crowsnest: /dev/v4l/by-id/usb-HHW_microelectronics_Co.__Ltd._MGS1-video-index0 -> /dev/video0
[12/16/25 11:17:16] crowsnest: Supported Formats:
[12/16/25 11:17:16] crowsnest:		[0]: 'MJPG' (Motion-JPEG, compressed)
[12/16/25 11:17:16] crowsnest:		Size: Discrete 1280x720
[12/16/25 11:17:16] crowsnest:		Interval: Discrete 0.033s (30.000 fps)
[12/16/25 11:17:16] crowsnest:		Interval: Discrete 0.040s (25.000 fps)
[12/16/25 11:17:16] crowsnest:		Interval: Discrete 0.050s (20.000 fps)
[12/16/25 11:17:16] crowsnest:		Interval: Discrete 0.067s (15.000 fps)
[12/16/25 11:17:16] crowsnest:		Interval: Discrete 0.100s (10.000 fps)
[12/16/25 11:17:16] crowsnest:		Interval: Discrete 0.200s (5.000 fps)
[12/16/25 11:17:16] crowsnest:		Size: Discrete 800x480
[12/16/25 11:17:16] crowsnest:		Interval: Discrete 0.033s (30.000 fps)
[12/16/25 11:17:16] crowsnest:		Interval: Discrete 0.040s (25.000 fps)
[12/16/25 11:17:16] crowsnest:		Interval: Discrete 0.050s (20.000 fps)
[12/16/25 11:17:16] crowsnest:		Interval: Discrete 0.067s (15.000 fps)
[12/16/25 11:17:16] crowsnest:		Interval: Discrete 0.100s (10.000 fps)
[12/16/25 11:17:16] crowsnest:		Interval: Discrete 0.200s (5.000 fps)
[12/16/25 11:17:16] crowsnest:		Size: Discrete 672x456
[12/16/25 11:17:16] crowsnest:		Interval: Discrete 0.033s (30.000 fps)
[12/16/25 11:17:16] crowsnest:		Interval: Discrete 0.040s (25.000 fps)
[12/16/25 11:17:16] crowsnest:		Interval: Discrete 0.050s (20.000 fps)
[12/16/25 11:17:16] crowsnest:		Interval: Discrete 0.067s (15.000 fps)
[12/16/25 11:17:16] crowsnest:		Interval: Discrete 0.100s (10.000 fps)
[12/16/25 11:17:16] crowsnest:		Interval: Discrete 0.200s (5.000 fps)
[12/16/25 11:17:16] crowsnest:		Size: Discrete 640x480
[12/16/25 11:17:16] crowsnest:		Interval: Discrete 0.033s (30.000 fps)
[12/16/25 11:17:16] crowsnest:		Interval: Discrete 0.040s (25.000 fps)
[12/16/25 11:17:16] crowsnest:		Interval: Discrete 0.050s (20.000 fps)
[12/16/25 11:17:16] crowsnest:		Interval: Discrete 0.067s (15.000 fps)
[12/16/25 11:17:16] crowsnest:		Interval: Discrete 0.100s (10.000 fps)
[12/16/25 11:17:16] crowsnest:		Interval: Discrete 0.200s (5.000 fps)
[12/16/25 11:17:16] crowsnest:		Size: Discrete 320x240
[12/16/25 11:17:16] crowsnest:		Interval: Discrete 0.033s (30.000 fps)
[12/16/25 11:17:16] crowsnest:		Interval: Discrete 0.040s (25.000 fps)
[12/16/25 11:17:16] crowsnest:		Interval: Discrete 0.050s (20.000 fps)
[12/16/25 11:17:16] crowsnest:		Interval: Discrete 0.067s (15.000 fps)
[12/16/25 11:17:16] crowsnest:		Interval: Discrete 0.100s (10.000 fps)
[12/16/25 11:17:16] crowsnest:		Interval: Discrete 0.200s (5.000 fps)
[12/16/25 11:17:16] crowsnest:		[1]: 'YUYV' (YUYV 4:2:2)
[12/16/25 11:17:16] crowsnest:		Size: Discrete 1280x720
[12/16/25 11:17:16] crowsnest:		Interval: Discrete 0.100s (10.000 fps)
[12/16/25 11:17:16] crowsnest:		Size: Discrete 800x480
[12/16/25 11:17:16] crowsnest:		Interval: Discrete 0.040s (25.000 fps)
[12/16/25 11:17:16] crowsnest:		Size: Discrete 672x456
[12/16/25 11:17:16] crowsnest:		Interval: Discrete 0.033s (30.000 fps)
[12/16/25 11:17:16] crowsnest:		Size: Discrete 640x480
[12/16/25 11:17:16] crowsnest:		Interval: Discrete 0.033s (30.000 fps)
[12/16/25 11:17:16] crowsnest:		Size: Discrete 320x240
[12/16/25 11:17:16] crowsnest:		Interval: Discrete 0.033s (30.000 fps)
[12/16/25 11:17:16] crowsnest: Supported Controls:
[12/16/25 11:17:16] crowsnest:		
[12/16/25 11:17:16] crowsnest:		User Controls
[12/16/25 11:17:16] crowsnest:		
[12/16/25 11:17:16] crowsnest:		brightness 0x00980900 (int)    : min=-64 max=64 step=1 default=0 value=0
[12/16/25 11:17:16] crowsnest:		contrast 0x00980901 (int)    : min=0 max=64 step=1 default=32 value=32
[12/16/25 11:17:16] crowsnest:		saturation 0x00980902 (int)    : min=0 max=128 step=1 default=64 value=64
[12/16/25 11:17:16] crowsnest:		hue 0x00980903 (int)    : min=-40 max=40 step=1 default=0 value=0
[12/16/25 11:17:16] crowsnest:		white_balance_automatic 0x0098090c (bool)   : default=1 value=1
[12/16/25 11:17:16] crowsnest:		gamma 0x00980910 (int)    : min=72 max=500 step=1 default=100 value=100
[12/16/25 11:17:16] crowsnest:		gain 0x00980913 (int)    : min=0 max=100 step=1 default=0 value=0
[12/16/25 11:17:16] crowsnest:		power_line_frequency 0x00980918 (menu)   : min=0 max=2 default=2 value=2
[12/16/25 11:17:16] crowsnest:		0: Disabled
[12/16/25 11:17:16] crowsnest:		1: 50 Hz
[12/16/25 11:17:16] crowsnest:		2: 60 Hz
[12/16/25 11:17:16] crowsnest:		white_balance_temperature 0x0098091a (int)    : min=2800 max=6500 step=1 default=4600 value=4600 flags=inactive
[12/16/25 11:17:16] crowsnest:		sharpness 0x0098091b (int)    : min=0 max=6 step=1 default=3 value=3
[12/16/25 11:17:16] crowsnest:		backlight_compensation 0x0098091c (int)    : min=0 max=2 step=1 default=1 value=1
[12/16/25 11:17:16] crowsnest:		
[12/16/25 11:17:16] crowsnest:		Camera Controls
[12/16/25 11:17:16] crowsnest:		
[12/16/25 11:17:16] crowsnest:		auto_exposure 0x009a0901 (menu)   : min=0 max=3 default=3 value=3
[12/16/25 11:17:16] crowsnest:		1: Manual Mode
[12/16/25 11:17:16] crowsnest:		3: Aperture Priority Mode
[12/16/25 11:17:16] crowsnest:		exposure_time_absolute 0x009a0902 (int)    : min=1 max=5000 step=1 default=156 value=156 flags=inactive
[12/16/25 11:17:16] crowsnest:		exposure_dynamic_framerate 0x009a0903 (bool)   : default=0 value=1
[12/16/25 11:17:16] crowsnest: Try to start configured Cams / Services...
[12/16/25 11:17:20] crowsnest: INFO: Configuration of Section [cam 1] looks good. Continue ...
[12/16/25 11:17:22] crowsnest: V4L2 Control: No parameters set for [cam 1]. Skipped.
[12/16/25 11:17:26] crowsnest: Starting ustreamer with Device /dev/video0 ...
[12/16/25 11:17:27] crowsnest:  ... Done!
[12/16/25 11:17:10] crowsnest: crowsnest - A webcam Service for multiple Cams and Stream Services.
[12/16/25 11:17:10] crowsnest: Version: v4.1.12-1-g9623b5f
[12/16/25 11:17:10] crowsnest: Prepare Startup ...
[12/16/25 11:17:10] crowsnest: INFO: Host information:
[12/16/25 11:17:10] crowsnest: Host Info: Distribution: Debian GNU/Linux 11 (bullseye)
[12/16/25 11:17:10] crowsnest: Host Info: Kernel: Linux 5.16.17-sun50iw9 aarch64
[12/16/25 11:17:10] crowsnest: Host Info: Available CPU Cores: 4
[12/16/25 11:17:10] crowsnest: Host Info: Available Memory: 1010632 kB
[12/16/25 11:17:11] crowsnest: Host Info: Diskspace (avail. / total): 21G / 29G
[12/16/25 11:17:11] crowsnest: INFO: Checking Dependencies
[12/16/25 11:17:11] crowsnest: Dependency: 'crudini' found in /usr/bin/crudini.
[12/16/25 11:17:11] crowsnest: Dependency: 'find' found in /usr/bin/find.
[12/16/25 11:17:11] crowsnest: Dependency: 'xargs' found in /usr/bin/xargs.
[12/16/25 11:17:11] crowsnest: Dependency: 'ustreamer' found in bin/ustreamer/src/ustreamer.bin.
[12/16/25 11:17:11] crowsnest: Version Control: ustreamer is up to date. (v6.31)
[12/16/25 11:17:11] crowsnest: INFO: Print Configfile: '/home/biqu/printer_data/config/crowsnest.conf'
[12/16/25 11:17:11] crowsnest:		[crowsnest]
[12/16/25 11:17:11] crowsnest:		log_path: ~/printer_data/logs/crowsnest.log
[12/16/25 11:17:11] crowsnest:		log_level: verbose
[12/16/25 11:17:11] crowsnest:		delete_log: false
[12/16/25 11:17:11] crowsnest:		no_proxy: false
[12/16/25 11:17:11] crowsnest:		
[12/16/25 11:17:11] crowsnest:		[cam 1]
[12/16/25 11:17:11] crowsnest:		mode: ustreamer
[12/16/25 11:17:11] crowsnest:		
[12/16/25 11:17:11] crowsnest:		enable_rtsp: false
[12/16/25 11:17:11] crowsnest:		rtsp_port: 8554
[12/16/25 11:17:11] crowsnest:		port: 8080
[12/16/25 11:17:11] crowsnest:		device: /dev/video0
[12/16/25 11:17:11] crowsnest:		resolution: 1280x720
[12/16/25 11:17:11] crowsnest:		max_fps: 30
[12/16/25 11:17:11] crowsnest: INFO: Detect available Devices
[12/16/25 11:17:11] crowsnest: INFO: Found 1 total available Device(s)
[12/16/25 11:17:11] crowsnest: INFO: Found 1 available v4l2 (UVC) camera(s)
[12/16/25 11:17:11] crowsnest: /dev/v4l/by-id/usb-HHW_microelectronics_Co.__Ltd._MGS1-video-index0 -> /dev/video0
[12/16/25 11:17:11] crowsnest: Supported Formats:
[12/16/25 11:17:11] crowsnest:		[0]: 'MJPG' (Motion-JPEG, compressed)
[12/16/25 11:17:11] crowsnest:		Size: Discrete 1280x720
[12/16/25 11:17:11] crowsnest:		Interval: Discrete 0.033s (30.000 fps)
[12/16/25 11:17:11] crowsnest:		Interval: Discrete 0.040s (25.000 fps)
[12/16/25 11:17:11] crowsnest:		Interval: Discrete 0.050s (20.000 fps)
[12/16/25 11:17:11] crowsnest:		Interval: Discrete 0.067s (15.000 fps)
[12/16/25 11:17:11] crowsnest:		Interval: Discrete 0.100s (10.000 fps)
[12/16/25 11:17:11] crowsnest:		Interval: Discrete 0.200s (5.000 fps)
[12/16/25 11:17:11] crowsnest:		Size: Discrete 800x480
[12/16/25 11:17:11] crowsnest:		Interval: Discrete 0.033s (30.000 fps)
[12/16/25 11:17:11] crowsnest:		Interval: Discrete 0.040s (25.000 fps)
[12/16/25 11:17:11] crowsnest:		Interval: Discrete 0.050s (20.000 fps)
[12/16/25 11:17:11] crowsnest:		Interval: Discrete 0.067s (15.000 fps)
[12/16/25 11:17:11] crowsnest:		Interval: Discrete 0.100s (10.000 fps)
[12/16/25 11:17:11] crowsnest:		Interval: Discrete 0.200s (5.000 fps)
[12/16/25 11:17:11] crowsnest:		Size: Discrete 672x456
[12/16/25 11:17:11] crowsnest:		Interval: Discrete 0.033s (30.000 fps)
[12/16/25 11:17:11] crowsnest:		Interval: Discrete 0.040s (25.000 fps)
[12/16/25 11:17:11] crowsnest:		Interval: Discrete 0.050s (20.000 fps)
[12/16/25 11:17:11] crowsnest:		Interval: Discrete 0.067s (15.000 fps)
[12/16/25 11:17:11] crowsnest:		Interval: Discrete 0.100s (10.000 fps)
[12/16/25 11:17:11] crowsnest:		Interval: Discrete 0.200s (5.000 fps)
[12/16/25 11:17:11] crowsnest:		Size: Discrete 640x480
[12/16/25 11:17:11] crowsnest:		Interval: Discrete 0.033s (30.000 fps)
[12/16/25 11:17:11] crowsnest:		Interval: Discrete 0.040s (25.000 fps)
[12/16/25 11:17:11] crowsnest:		Interval: Discrete 0.050s (20.000 fps)
[12/16/25 11:17:11] crowsnest:		Interval: Discrete 0.067s (15.000 fps)
[12/16/25 11:17:11] crowsnest:		Interval: Discrete 0.100s (10.000 fps)
[12/16/25 11:17:11] crowsnest:		Interval: Discrete 0.200s (5.000 fps)
[12/16/25 11:17:11] crowsnest:		Size: Discrete 320x240
[12/16/25 11:17:11] crowsnest:		Interval: Discrete 0.033s (30.000 fps)
[12/16/25 11:17:11] crowsnest:		Interval: Discrete 0.040s (25.000 fps)
[12/16/25 11:17:11] crowsnest:		Interval: Discrete 0.050s (20.000 fps)
[12/16/25 11:17:11] crowsnest:		Interval: Discrete 0.067s (15.000 fps)
[12/16/25 11:17:11] crowsnest:		Interval: Discrete 0.100s (10.000 fps)
[12/16/25 11:17:11] crowsnest:		Interval: Discrete 0.200s (5.000 fps)
[12/16/25 11:17:11] crowsnest:		[1]: 'YUYV' (YUYV 4:2:2)
[12/16/25 11:17:11] crowsnest:		Size: Discrete 1280x720
[12/16/25 11:17:11] crowsnest:		Interval: Discrete 0.100s (10.000 fps)
[12/16/25 11:17:11] crowsnest:		Size: Discrete 800x480
[12/16/25 11:17:11] crowsnest:		Interval: Discrete 0.040s (25.000 fps)
[12/16/25 11:17:11] crowsnest:		Size: Discrete 672x456
[12/16/25 11:17:11] crowsnest:		Interval: Discrete 0.033s (30.000 fps)
[12/16/25 11:17:11] crowsnest:		Size: Discrete 640x480
[12/16/25 11:17:11] crowsnest:		Interval: Discrete 0.033s (30.000 fps)
[12/16/25 11:17:11] crowsnest:		Size: Discrete 320x240
[12/16/25 11:17:11] crowsnest:		Interval: Discrete 0.033s (30.000 fps)
[12/16/25 11:17:12] crowsnest: Supported Controls:
[12/16/25 11:17:12] crowsnest:		
[12/16/25 11:17:12] crowsnest:		User Controls
[12/16/25 11:17:12] crowsnest:		
[12/16/25 11:17:12] crowsnest:		brightness 0x00980900 (int)    : min=-64 max=64 step=1 default=0 value=0
[12/16/25 11:17:12] crowsnest:		contrast 0x00980901 (int)    : min=0 max=64 step=1 default=32 value=32
[12/16/25 11:17:12] crowsnest:		saturation 0x00980902 (int)    : min=0 max=128 step=1 default=64 value=64
[12/16/25 11:17:12] crowsnest:		hue 0x00980903 (int)    : min=-40 max=40 step=1 default=0 value=0
[12/16/25 11:17:12] crowsnest:		white_balance_automatic 0x0098090c (bool)   : default=1 value=1
[12/16/25 11:17:12] crowsnest:		gamma 0x00980910 (int)    : min=72 max=500 step=1 default=100 value=100
[12/16/25 11:17:12] crowsnest:		gain 0x00980913 (int)    : min=0 max=100 step=1 default=0 value=0
[12/16/25 11:17:12] crowsnest:		power_line_frequency 0x00980918 (menu)   : min=0 max=2 default=2 value=2
[12/16/25 11:17:12] crowsnest:		0: Disabled
[12/16/25 11:17:12] crowsnest:		1: 50 Hz
[12/16/25 11:17:12] crowsnest:		2: 60 Hz
[12/16/25 11:17:12] crowsnest:		white_balance_temperature 0x0098091a (int)    : min=2800 max=6500 step=1 default=4600 value=4600 flags=inactive
[12/16/25 11:17:12] crowsnest:		sharpness 0x0098091b (int)    : min=0 max=6 step=1 default=3 value=3
[12/16/25 11:17:12] crowsnest:		backlight_compensation 0x0098091c (int)    : min=0 max=2 step=1 default=1 value=1
[12/16/25 11:17:12] crowsnest:		
[12/16/25 11:17:12] crowsnest:		Camera Controls
[12/16/25 11:17:12] crowsnest:		
[12/16/25 11:17:12] crowsnest:		auto_exposure 0x009a0901 (menu)   : min=0 max=3 default=3 value=3
[12/16/25 11:17:12] crowsnest:		1: Manual Mode
[12/16/25 11:17:12] crowsnest:		3: Aperture Priority Mode
[12/16/25 11:17:12] crowsnest:		exposure_time_absolute 0x009a0902 (int)    : min=1 max=5000 step=1 default=156 value=156 flags=inactive
[12/16/25 11:17:12] crowsnest:		exposure_dynamic_framerate 0x009a0903 (bool)   : default=0 value=1
[12/16/25 11:17:12] crowsnest: Try to start configured Cams / Services...
[12/16/25 11:17:17] crowsnest: INFO: Configuration of Section [cam 1] looks good. Continue ...
[12/16/25 11:17:19] crowsnest: V4L2 Control: No parameters set for [cam 1]. Skipped.
[12/16/25 11:17:23] crowsnest: Starting ustreamer with Device /dev/video0 ...
[12/16/25 11:17:24] crowsnest:  ... Done!
[12/16/25 11:17:10] crowsnest: crowsnest - A webcam Service for multiple Cams and Stream Services.
[12/16/25 11:17:10] crowsnest: Version: v4.1.12-1-g9623b5f
[12/16/25 11:17:10] crowsnest: Prepare Startup ...
[12/16/25 11:17:10] crowsnest: INFO: Host information:
[12/16/25 11:17:10] crowsnest: Host Info: Distribution: Debian GNU/Linux 11 (bullseye)
[12/16/25 11:17:10] crowsnest: Host Info: Kernel: Linux 5.16.17-sun50iw9 aarch64
[12/16/25 11:17:10] crowsnest: Host Info: Available CPU Cores: 4
[12/16/25 11:17:10] crowsnest: Host Info: Available Memory: 1010632 kB
[12/16/25 11:17:10] crowsnest: Host Info: Diskspace (avail. / total): 21G / 29G
[12/16/25 11:17:10] crowsnest: INFO: Checking Dependencies
[12/16/25 11:17:11] crowsnest: Dependency: 'crudini' found in /usr/bin/crudini.
[12/16/25 11:17:11] crowsnest: Dependency: 'find' found in /usr/bin/find.
[12/16/25 11:17:11] crowsnest: Dependency: 'xargs' found in /usr/bin/xargs.
[12/16/25 11:17:11] crowsnest: Dependency: 'ustreamer' found in bin/ustreamer/src/ustreamer.bin.
[12/16/25 11:17:11] crowsnest: Version Control: ustreamer is up to date. (v6.31)
[12/16/25 11:17:11] crowsnest: INFO: Print Configfile: '/home/biqu/printer_data/config/crowsnest.conf'
[12/16/25 11:17:11] crowsnest:		[crowsnest]
[12/16/25 11:17:11] crowsnest:		log_path: ~/printer_data/logs/crowsnest.log
[12/16/25 11:17:11] crowsnest:		log_level: verbose
[12/16/25 11:17:11] crowsnest:		delete_log: false
[12/16/25 11:17:11] crowsnest:		no_proxy: false
[12/16/25 11:17:11] crowsnest:		
[12/16/25 11:17:11] crowsnest:		[cam 1]
[12/16/25 11:17:11] crowsnest:		mode: ustreamer
[12/16/25 11:17:11] crowsnest:		
[12/16/25 11:17:11] crowsnest:		enable_rtsp: false
[12/16/25 11:17:11] crowsnest:		rtsp_port: 8554
[12/16/25 11:17:11] crowsnest:		port: 8080
[12/16/25 11:17:11] crowsnest:		device: /dev/video0
[12/16/25 11:17:11] crowsnest:		resolution: 1280x720
[12/16/25 11:17:11] crowsnest:		max_fps: 30
[12/16/25 11:17:11] crowsnest: INFO: Detect available Devices
[12/16/25 11:17:11] crowsnest: INFO: Found 1 total available Device(s)
[12/16/25 11:17:11] crowsnest: INFO: Found 1 available v4l2 (UVC) camera(s)
[12/16/25 11:17:11] crowsnest: /dev/v4l/by-id/usb-HHW_microelectronics_Co.__Ltd._MGS1-video-index0 -> /dev/video0
[12/16/25 11:17:11] crowsnest: Supported Formats:
[12/16/25 11:17:11] crowsnest:		[0]: 'MJPG' (Motion-JPEG, compressed)
[12/16/25 11:17:11] crowsnest:		Size: Discrete 1280x720
[12/16/25 11:17:11] crowsnest:		Interval: Discrete 0.033s (30.000 fps)
[12/16/25 11:17:11] crowsnest:		Interval: Discrete 0.040s (25.000 fps)
[12/16/25 11:17:11] crowsnest:		Interval: Discrete 0.050s (20.000 fps)
[12/16/25 11:17:11] crowsnest:		Interval: Discrete 0.067s (15.000 fps)
[12/16/25 11:17:11] crowsnest:		Interval: Discrete 0.100s (10.000 fps)
[12/16/25 11:17:11] crowsnest:		Interval: Discrete 0.200s (5.000 fps)
[12/16/25 11:17:11] crowsnest:		Size: Discrete 800x480
[12/16/25 11:17:11] crowsnest:		Interval: Discrete 0.033s (30.000 fps)
[12/16/25 11:17:11] crowsnest:		Interval: Discrete 0.040s (25.000 fps)
[12/16/25 11:17:11] crowsnest:		Interval: Discrete 0.050s (20.000 fps)
[12/16/25 11:17:11] crowsnest:		Interval: Discrete 0.067s (15.000 fps)
[12/16/25 11:17:11] crowsnest:		Interval: Discrete 0.100s (10.000 fps)
[12/16/25 11:17:11] crowsnest:		Interval: Discrete 0.200s (5.000 fps)
[12/16/25 11:17:11] crowsnest:		Size: Discrete 672x456
[12/16/25 11:17:11] crowsnest:		Interval: Discrete 0.033s (30.000 fps)
[12/16/25 11:17:11] crowsnest:		Interval: Discrete 0.040s (25.000 fps)
[12/16/25 11:17:11] crowsnest:		Interval: Discrete 0.050s (20.000 fps)
[12/16/25 11:17:11] crowsnest:		Interval: Discrete 0.067s (15.000 fps)
[12/16/25 11:17:11] crowsnest:		Interval: Discrete 0.100s (10.000 fps)
[12/16/25 11:17:11] crowsnest:		Interval: Discrete 0.200s (5.000 fps)
[12/16/25 11:17:11] crowsnest:		Size: Discrete 640x480
[12/16/25 11:17:11] crowsnest:		Interval: Discrete 0.033s (30.000 fps)
[12/16/25 11:17:11] crowsnest:		Interval: Discrete 0.040s (25.000 fps)
[12/16/25 11:17:11] crowsnest:		Interval: Discrete 0.050s (20.000 fps)
[12/16/25 11:17:11] crowsnest:		Interval: Discrete 0.067s (15.000 fps)
[12/16/25 11:17:11] crowsnest:		Interval: Discrete 0.100s (10.000 fps)
[12/16/25 11:17:11] crowsnest:		Interval: Discrete 0.200s (5.000 fps)
[12/16/25 11:17:11] crowsnest:		Size: Discrete 320x240
[12/16/25 11:17:11] crowsnest:		Interval: Discrete 0.033s (30.000 fps)
[12/16/25 11:17:11] crowsnest:		Interval: Discrete 0.040s (25.000 fps)
[12/16/25 11:17:11] crowsnest:		Interval: Discrete 0.050s (20.000 fps)
[12/16/25 11:17:11] crowsnest:		Interval: Discrete 0.067s (15.000 fps)
[12/16/25 11:17:11] crowsnest:		Interval: Discrete 0.100s (10.000 fps)
[12/16/25 11:17:11] crowsnest:		Interval: Discrete 0.200s (5.000 fps)
[12/16/25 11:17:11] crowsnest:		[1]: 'YUYV' (YUYV 4:2:2)
[12/16/25 11:17:11] crowsnest:		Size: Discrete 1280x720
[12/16/25 11:17:11] crowsnest:		Interval: Discrete 0.100s (10.000 fps)
[12/16/25 11:17:11] crowsnest:		Size: Discrete 800x480
[12/16/25 11:17:11] crowsnest:		Interval: Discrete 0.040s (25.000 fps)
[12/16/25 11:17:11] crowsnest:		Size: Discrete 672x456
[12/16/25 11:17:11] crowsnest:		Interval: Discrete 0.033s (30.000 fps)
[12/16/25 11:17:11] crowsnest:		Size: Discrete 640x480
[12/16/25 11:17:11] crowsnest:		Interval: Discrete 0.033s (30.000 fps)
[12/16/25 11:17:11] crowsnest:		Size: Discrete 320x240
[12/16/25 11:17:11] crowsnest:		Interval: Discrete 0.033s (30.000 fps)
[12/16/25 11:17:12] crowsnest: Supported Controls:
[12/16/25 11:17:12] crowsnest:		
[12/16/25 11:17:12] crowsnest:		User Controls
[12/16/25 11:17:12] crowsnest:		
[12/16/25 11:17:12] crowsnest:		brightness 0x00980900 (int)    : min=-64 max=64 step=1 default=0 value=0
[12/16/25 11:17:12] crowsnest:		contrast 0x00980901 (int)    : min=0 max=64 step=1 default=32 value=32
[12/16/25 11:17:12] crowsnest:		saturation 0x00980902 (int)    : min=0 max=128 step=1 default=64 value=64
[12/16/25 11:17:12] crowsnest:		hue 0x00980903 (int)    : min=-40 max=40 step=1 default=0 value=0
[12/16/25 11:17:12] crowsnest:		white_balance_automatic 0x0098090c (bool)   : default=1 value=1
[12/16/25 11:17:12] crowsnest:		gamma 0x00980910 (int)    : min=72 max=500 step=1 default=100 value=100
[12/16/25 11:17:12] crowsnest:		gain 0x00980913 (int)    : min=0 max=100 step=1 default=0 value=0
[12/16/25 11:17:12] crowsnest:		power_line_frequency 0x00980918 (menu)   : min=0 max=2 default=2 value=2
[12/16/25 11:17:12] crowsnest:		0: Disabled
[12/16/25 11:17:12] crowsnest:		1: 50 Hz
[12/16/25 11:17:12] crowsnest:		2: 60 Hz
[12/16/25 11:17:12] crowsnest:		white_balance_temperature 0x0098091a (int)    : min=2800 max=6500 step=1 default=4600 value=4600 flags=inactive
[12/16/25 11:17:12] crowsnest:		sharpness 0x0098091b (int)    : min=0 max=6 step=1 default=3 value=3
[12/16/25 11:17:12] crowsnest:		backlight_compensation 0x0098091c (int)    : min=0 max=2 step=1 default=1 value=1
[12/16/25 11:17:12] crowsnest:		
[12/16/25 11:17:12] crowsnest:		Camera Controls
[12/16/25 11:17:12] crowsnest:		
[12/16/25 11:17:12] crowsnest:		auto_exposure 0x009a0901 (menu)   : min=0 max=3 default=3 value=3
[12/16/25 11:17:12] crowsnest:		1: Manual Mode
[12/16/25 11:17:12] crowsnest:		3: Aperture Priority Mode
[12/16/25 11:17:12] crowsnest:		exposure_time_absolute 0x009a0902 (int)    : min=1 max=5000 step=1 default=156 value=156 flags=inactive
[12/16/25 11:17:12] crowsnest:		exposure_dynamic_framerate 0x009a0903 (bool)   : default=0 value=1
[12/16/25 11:17:12] crowsnest: Try to start configured Cams / Services...
[12/16/25 11:17:17] crowsnest: INFO: Configuration of Section [cam 1] looks good. Continue ...
[12/16/25 11:17:18] crowsnest: V4L2 Control: No parameters set for [cam 1]. Skipped.
[12/16/25 11:17:22] crowsnest: Starting ustreamer with Device /dev/video0 ...
[12/16/25 11:17:23] crowsnest:  ... Done!
[12/16/25 11:17:10] crowsnest: crowsnest - A webcam Service for multiple Cams and Stream Services.
[12/16/25 11:17:10] crowsnest: Version: v4.1.12-1-g9623b5f
[12/16/25 11:17:11] crowsnest: Prepare Startup ...
[12/16/25 11:17:11] crowsnest: INFO: Host information:
[12/16/25 11:17:11] crowsnest: Host Info: Distribution: Debian GNU/Linux 11 (bullseye)
[12/16/25 11:17:11] crowsnest: Host Info: Kernel: Linux 5.16.17-sun50iw9 aarch64
[12/16/25 11:17:11] crowsnest: Host Info: Available CPU Cores: 4
[12/16/25 11:17:11] crowsnest: Host Info: Available Memory: 1010632 kB
[12/16/25 11:17:11] crowsnest: Host Info: Diskspace (avail. / total): 21G / 29G
[12/16/25 11:17:11] crowsnest: INFO: Checking Dependencies
[12/16/25 11:17:11] crowsnest: Dependency: 'crudini' found in /usr/bin/crudini.
[12/16/25 11:17:11] crowsnest: Dependency: 'find' found in /usr/bin/find.
[12/16/25 11:17:11] crowsnest: Dependency: 'xargs' found in /usr/bin/xargs.
[12/16/25 11:17:11] crowsnest: Dependency: 'ustreamer' found in bin/ustreamer/src/ustreamer.bin.
[12/16/25 11:17:11] crowsnest: Version Control: ustreamer is up to date. (v6.31)
[12/16/25 11:17:11] crowsnest: INFO: Print Configfile: '/home/biqu/printer_data/config/crowsnest.conf'
[12/16/25 11:17:11] crowsnest:		[crowsnest]
[12/16/25 11:17:11] crowsnest:		log_path: ~/printer_data/logs/crowsnest.log
[12/16/25 11:17:11] crowsnest:		log_level: verbose
[12/16/25 11:17:11] crowsnest:		delete_log: false
[12/16/25 11:17:11] crowsnest:		no_proxy: false
[12/16/25 11:17:11] crowsnest:		
[12/16/25 11:17:11] crowsnest:		[cam 1]
[12/16/25 11:17:11] crowsnest:		mode: ustreamer
[12/16/25 11:17:11] crowsnest:		
[12/16/25 11:17:11] crowsnest:		enable_rtsp: false
[12/16/25 11:17:11] crowsnest:		rtsp_port: 8554
[12/16/25 11:17:11] crowsnest:		port: 8080
[12/16/25 11:17:11] crowsnest:		device: /dev/video0
[12/16/25 11:17:11] crowsnest:		resolution: 1280x720
[12/16/25 11:17:11] crowsnest:		max_fps: 30
[12/16/25 11:17:11] crowsnest: INFO: Detect available Devices
[12/16/25 11:17:11] crowsnest: INFO: Found 1 total available Device(s)
[12/16/25 11:17:11] crowsnest: INFO: Found 1 available v4l2 (UVC) camera(s)
[12/16/25 11:17:11] crowsnest: /dev/v4l/by-id/usb-HHW_microelectronics_Co.__Ltd._MGS1-video-index0 -> /dev/video0
[12/16/25 11:17:11] crowsnest: Supported Formats:
[12/16/25 11:17:11] crowsnest:		[0]: 'MJPG' (Motion-JPEG, compressed)
[12/16/25 11:17:11] crowsnest:		Size: Discrete 1280x720
[12/16/25 11:17:11] crowsnest:		Interval: Discrete 0.033s (30.000 fps)
[12/16/25 11:17:11] crowsnest:		Interval: Discrete 0.040s (25.000 fps)
[12/16/25 11:17:11] crowsnest:		Interval: Discrete 0.050s (20.000 fps)
[12/16/25 11:17:11] crowsnest:		Interval: Discrete 0.067s (15.000 fps)
[12/16/25 11:17:11] crowsnest:		Interval: Discrete 0.100s (10.000 fps)
[12/16/25 11:17:11] crowsnest:		Interval: Discrete 0.200s (5.000 fps)
[12/16/25 11:17:11] crowsnest:		Size: Discrete 800x480
[12/16/25 11:17:11] crowsnest:		Interval: Discrete 0.033s (30.000 fps)
[12/16/25 11:17:11] crowsnest:		Interval: Discrete 0.040s (25.000 fps)
[12/16/25 11:17:11] crowsnest:		Interval: Discrete 0.050s (20.000 fps)
[12/16/25 11:17:11] crowsnest:		Interval: Discrete 0.067s (15.000 fps)
[12/16/25 11:17:11] crowsnest:		Interval: Discrete 0.100s (10.000 fps)
[12/16/25 11:17:11] crowsnest:		Interval: Discrete 0.200s (5.000 fps)
[12/16/25 11:17:11] crowsnest:		Size: Discrete 672x456
[12/16/25 11:17:11] crowsnest:		Interval: Discrete 0.033s (30.000 fps)
[12/16/25 11:17:11] crowsnest:		Interval: Discrete 0.040s (25.000 fps)
[12/16/25 11:17:11] crowsnest:		Interval: Discrete 0.050s (20.000 fps)
[12/16/25 11:17:11] crowsnest:		Interval: Discrete 0.067s (15.000 fps)
[12/16/25 11:17:11] crowsnest:		Interval: Discrete 0.100s (10.000 fps)
[12/16/25 11:17:11] crowsnest:		Interval: Discrete 0.200s (5.000 fps)
[12/16/25 11:17:11] crowsnest:		Size: Discrete 640x480
[12/16/25 11:17:11] crowsnest:		Interval: Discrete 0.033s (30.000 fps)
[12/16/25 11:17:11] crowsnest:		Interval: Discrete 0.040s (25.000 fps)
[12/16/25 11:17:11] crowsnest:		Interval: Discrete 0.050s (20.000 fps)
[12/16/25 11:17:11] crowsnest:		Interval: Discrete 0.067s (15.000 fps)
[12/16/25 11:17:11] crowsnest:		Interval: Discrete 0.100s (10.000 fps)
[12/16/25 11:17:11] crowsnest:		Interval: Discrete 0.200s (5.000 fps)
[12/16/25 11:17:11] crowsnest:		Size: Discrete 320x240
[12/16/25 11:17:11] crowsnest:		Interval: Discrete 0.033s (30.000 fps)
[12/16/25 11:17:11] crowsnest:		Interval: Discrete 0.040s (25.000 fps)
[12/16/25 11:17:11] crowsnest:		Interval: Discrete 0.050s (20.000 fps)
[12/16/25 11:17:11] crowsnest:		Interval: Discrete 0.067s (15.000 fps)
[12/16/25 11:17:11] crowsnest:		Interval: Discrete 0.100s (10.000 fps)
[12/16/25 11:17:11] crowsnest:		Interval: Discrete 0.200s (5.000 fps)
[12/16/25 11:17:11] crowsnest:		[1]: 'YUYV' (YUYV 4:2:2)
[12/16/25 11:17:11] crowsnest:		Size: Discrete 1280x720
[12/16/25 11:17:11] crowsnest:		Interval: Discrete 0.100s (10.000 fps)
[12/16/25 11:17:11] crowsnest:		Size: Discrete 800x480
[12/16/25 11:17:11] crowsnest:		Interval: Discrete 0.040s (25.000 fps)
[12/16/25 11:17:11] crowsnest:		Size: Discrete 672x456
[12/16/25 11:17:11] crowsnest:		Interval: Discrete 0.033s (30.000 fps)
[12/16/25 11:17:11] crowsnest:		Size: Discrete 640x480
[12/16/25 11:17:11] crowsnest:		Interval: Discrete 0.033s (30.000 fps)
[12/16/25 11:17:11] crowsnest:		Size: Discrete 320x240
[12/16/25 11:17:11] crowsnest:		Interval: Discrete 0.033s (30.000 fps)
[12/16/25 11:17:12] crowsnest: Supported Controls:
[12/16/25 11:17:12] crowsnest:		
[12/16/25 11:17:12] crowsnest:		User Controls
[12/16/25 11:17:12] crowsnest:		
[12/16/25 11:17:12] crowsnest:		brightness 0x00980900 (int)    : min=-64 max=64 step=1 default=0 value=0
[12/16/25 11:17:12] crowsnest:		contrast 0x00980901 (int)    : min=0 max=64 step=1 default=32 value=32
[12/16/25 11:17:12] crowsnest:		saturation 0x00980902 (int)    : min=0 max=128 step=1 default=64 value=64
[12/16/25 11:17:12] crowsnest:		hue 0x00980903 (int)    : min=-40 max=40 step=1 default=0 value=0
[12/16/25 11:17:12] crowsnest:		white_balance_automatic 0x0098090c (bool)   : default=1 value=1
[12/16/25 11:17:12] crowsnest:		gamma 0x00980910 (int)    : min=72 max=500 step=1 default=100 value=100
[12/16/25 11:17:12] crowsnest:		gain 0x00980913 (int)    : min=0 max=100 step=1 default=0 value=0
[12/16/25 11:17:12] crowsnest:		power_line_frequency 0x00980918 (menu)   : min=0 max=2 default=2 value=2
[12/16/25 11:17:12] crowsnest:		0: Disabled
[12/16/25 11:17:12] crowsnest:		1: 50 Hz
[12/16/25 11:17:12] crowsnest:		2: 60 Hz
[12/16/25 11:17:12] crowsnest:		white_balance_temperature 0x0098091a (int)    : min=2800 max=6500 step=1 default=4600 value=4600 flags=inactive
[12/16/25 11:17:12] crowsnest:		sharpness 0x0098091b (int)    : min=0 max=6 step=1 default=3 value=3
[12/16/25 11:17:12] crowsnest:		backlight_compensation 0x0098091c (int)    : min=0 max=2 step=1 default=1 value=1
[12/16/25 11:17:12] crowsnest:		
[12/16/25 11:17:12] crowsnest:		Camera Controls
[12/16/25 11:17:12] crowsnest:		
[12/16/25 11:17:12] crowsnest:		auto_exposure 0x009a0901 (menu)   : min=0 max=3 default=3 value=3
[12/16/25 11:17:12] crowsnest:		1: Manual Mode
[12/16/25 11:17:12] crowsnest:		3: Aperture Priority Mode
[12/16/25 11:17:12] crowsnest:		exposure_time_absolute 0x009a0902 (int)    : min=1 max=5000 step=1 default=156 value=156 flags=inactive
[12/16/25 11:17:12] crowsnest:		exposure_dynamic_framerate 0x009a0903 (bool)   : default=0 value=1
[12/16/25 11:17:12] crowsnest: Try to start configured Cams / Services...
[12/16/25 11:17:17] crowsnest: INFO: Configuration of Section [cam 1] looks good. Continue ...
[12/16/25 11:17:19] crowsnest: V4L2 Control: No parameters set for [cam 1]. Skipped.
[12/16/25 11:17:23] crowsnest: Starting ustreamer with Device /dev/video0 ...
[12/16/25 11:17:25] crowsnest:  ... Done!
[12/16/25 19:14:29] crowsnest: WATCHDOG: Lost Device: '/dev/video0'
[12/16/25 20:10:52] crowsnest: WATCHDOG: Device '/dev/video0' returned.
[12/16/25 21:17:10] crowsnest: crowsnest - A webcam Service for multiple Cams and Stream Services.
[12/16/25 21:17:10] crowsnest: Version: v4.1.12-1-g9623b5f
[12/16/25 21:17:10] crowsnest: Prepare Startup ...
[12/16/25 21:17:10] crowsnest: INFO: Host information:
[12/16/25 21:17:10] crowsnest: Host Info: Distribution: Debian GNU/Linux 11 (bullseye)
[12/16/25 21:17:10] crowsnest: Host Info: Kernel: Linux 5.16.17-sun50iw9 aarch64
[12/16/25 21:17:10] crowsnest: Host Info: Available CPU Cores: 4
[12/16/25 21:17:10] crowsnest: Host Info: Available Memory: 1010632 kB
[12/16/25 21:17:10] crowsnest: Host Info: Diskspace (avail. / total): 21G / 29G
[12/16/25 21:17:10] crowsnest: INFO: Checking Dependencies
[12/16/25 21:17:11] crowsnest: Dependency: 'crudini' found in /usr/bin/crudini.
[12/16/25 21:17:11] crowsnest: Dependency: 'find' found in /usr/bin/find.
[12/16/25 21:17:11] crowsnest: Dependency: 'xargs' found in /usr/bin/xargs.
[12/16/25 21:17:11] crowsnest: Dependency: 'ustreamer' found in bin/ustreamer/src/ustreamer.bin.
[12/16/25 21:17:11] crowsnest: Version Control: ustreamer is up to date. (v6.31)
[12/16/25 21:17:11] crowsnest: INFO: Print Configfile: '/home/biqu/printer_data/config/crowsnest.conf'
[12/16/25 21:17:11] crowsnest:		[crowsnest]
[12/16/25 21:17:11] crowsnest:		log_path: ~/printer_data/logs/crowsnest.log
[12/16/25 21:17:11] crowsnest:		log_level: verbose
[12/16/25 21:17:11] crowsnest:		delete_log: false
[12/16/25 21:17:11] crowsnest:		no_proxy: false
[12/16/25 21:17:11] crowsnest:		
[12/16/25 21:17:11] crowsnest:		[cam 1]
[12/16/25 21:17:11] crowsnest:		mode: ustreamer
[12/16/25 21:17:11] crowsnest:		
[12/16/25 21:17:11] crowsnest:		enable_rtsp: false
[12/16/25 21:17:11] crowsnest:		rtsp_port: 8554
[12/16/25 21:17:11] crowsnest:		port: 8080
[12/16/25 21:17:11] crowsnest:		device: /dev/video0
[12/16/25 21:17:11] crowsnest:		resolution: 1280x720
[12/16/25 21:17:11] crowsnest:		max_fps: 30
[12/16/25 21:17:11] crowsnest: INFO: Detect available Devices
[12/16/25 21:17:11] crowsnest: INFO: Found 1 total available Device(s)
[12/16/25 21:17:11] crowsnest: INFO: Found 1 available v4l2 (UVC) camera(s)
[12/16/25 21:17:12] crowsnest: /dev/v4l/by-id/usb-HHW_microelectronics_Co.__Ltd._MGS1-video-index0 -> /dev/video0
[12/16/25 21:17:12] crowsnest: Supported Formats:
[12/16/25 21:17:12] crowsnest:		[0]: 'MJPG' (Motion-JPEG, compressed)
[12/16/25 21:17:12] crowsnest:		Size: Discrete 1280x720
[12/16/25 21:17:12] crowsnest:		Interval: Discrete 0.033s (30.000 fps)
[12/16/25 21:17:12] crowsnest:		Interval: Discrete 0.040s (25.000 fps)
[12/16/25 21:17:12] crowsnest:		Interval: Discrete 0.050s (20.000 fps)
[12/16/25 21:17:12] crowsnest:		Interval: Discrete 0.067s (15.000 fps)
[12/16/25 21:17:12] crowsnest:		Interval: Discrete 0.100s (10.000 fps)
[12/16/25 21:17:12] crowsnest:		Interval: Discrete 0.200s (5.000 fps)
[12/16/25 21:17:12] crowsnest:		Size: Discrete 800x480
[12/16/25 21:17:12] crowsnest:		Interval: Discrete 0.033s (30.000 fps)
[12/16/25 21:17:12] crowsnest:		Interval: Discrete 0.040s (25.000 fps)
[12/16/25 21:17:12] crowsnest:		Interval: Discrete 0.050s (20.000 fps)
[12/16/25 21:17:12] crowsnest:		Interval: Discrete 0.067s (15.000 fps)
[12/16/25 21:17:12] crowsnest:		Interval: Discrete 0.100s (10.000 fps)
[12/16/25 21:17:12] crowsnest:		Interval: Discrete 0.200s (5.000 fps)
[12/16/25 21:17:12] crowsnest:		Size: Discrete 672x456
[12/16/25 21:17:12] crowsnest:		Interval: Discrete 0.033s (30.000 fps)
[12/16/25 21:17:12] crowsnest:		Interval: Discrete 0.040s (25.000 fps)
[12/16/25 21:17:12] crowsnest:		Interval: Discrete 0.050s (20.000 fps)
[12/16/25 21:17:12] crowsnest:		Interval: Discrete 0.067s (15.000 fps)
[12/16/25 21:17:12] crowsnest:		Interval: Discrete 0.100s (10.000 fps)
[12/16/25 21:17:12] crowsnest:		Interval: Discrete 0.200s (5.000 fps)
[12/16/25 21:17:12] crowsnest:		Size: Discrete 640x480
[12/16/25 21:17:12] crowsnest:		Interval: Discrete 0.033s (30.000 fps)
[12/16/25 21:17:12] crowsnest:		Interval: Discrete 0.040s (25.000 fps)
[12/16/25 21:17:12] crowsnest:		Interval: Discrete 0.050s (20.000 fps)
[12/16/25 21:17:12] crowsnest:		Interval: Discrete 0.067s (15.000 fps)
[12/16/25 21:17:12] crowsnest:		Interval: Discrete 0.100s (10.000 fps)
[12/16/25 21:17:12] crowsnest:		Interval: Discrete 0.200s (5.000 fps)
[12/16/25 21:17:12] crowsnest:		Size: Discrete 320x240
[12/16/25 21:17:12] crowsnest:		Interval: Discrete 0.033s (30.000 fps)
[12/16/25 21:17:12] crowsnest:		Interval: Discrete 0.040s (25.000 fps)
[12/16/25 21:17:12] crowsnest:		Interval: Discrete 0.050s (20.000 fps)
[12/16/25 21:17:12] crowsnest:		Interval: Discrete 0.067s (15.000 fps)
[12/16/25 21:17:12] crowsnest:		Interval: Discrete 0.100s (10.000 fps)
[12/16/25 21:17:12] crowsnest:		Interval: Discrete 0.200s (5.000 fps)
[12/16/25 21:17:12] crowsnest:		[1]: 'YUYV' (YUYV 4:2:2)
[12/16/25 21:17:12] crowsnest:		Size: Discrete 1280x720
[12/16/25 21:17:12] crowsnest:		Interval: Discrete 0.100s (10.000 fps)
[12/16/25 21:17:12] crowsnest:		Size: Discrete 800x480
[12/16/25 21:17:12] crowsnest:		Interval: Discrete 0.040s (25.000 fps)
[12/16/25 21:17:12] crowsnest:		Size: Discrete 672x456
[12/16/25 21:17:12] crowsnest:		Interval: Discrete 0.033s (30.000 fps)
[12/16/25 21:17:12] crowsnest:		Size: Discrete 640x480
[12/16/25 21:17:12] crowsnest:		Interval: Discrete 0.033s (30.000 fps)
[12/16/25 21:17:12] crowsnest:		Size: Discrete 320x240
[12/16/25 21:17:12] crowsnest:		Interval: Discrete 0.033s (30.000 fps)
[12/16/25 21:17:12] crowsnest: Supported Controls:
[12/16/25 21:17:12] crowsnest:		
[12/16/25 21:17:12] crowsnest:		User Controls
[12/16/25 21:17:12] crowsnest:		
[12/16/25 21:17:12] crowsnest:		brightness 0x00980900 (int)    : min=-64 max=64 step=1 default=0 value=0
[12/16/25 21:17:12] crowsnest:		contrast 0x00980901 (int)    : min=0 max=64 step=1 default=32 value=32
[12/16/25 21:17:12] crowsnest:		saturation 0x00980902 (int)    : min=0 max=128 step=1 default=64 value=64
[12/16/25 21:17:12] crowsnest:		hue 0x00980903 (int)    : min=-40 max=40 step=1 default=0 value=0
[12/16/25 21:17:12] crowsnest:		white_balance_automatic 0x0098090c (bool)   : default=1 value=1
[12/16/25 21:17:12] crowsnest:		gamma 0x00980910 (int)    : min=72 max=500 step=1 default=100 value=100
[12/16/25 21:17:12] crowsnest:		gain 0x00980913 (int)    : min=0 max=100 step=1 default=0 value=0
[12/16/25 21:17:12] crowsnest:		power_line_frequency 0x00980918 (menu)   : min=0 max=2 default=2 value=2
[12/16/25 21:17:12] crowsnest:		0: Disabled
[12/16/25 21:17:12] crowsnest:		1: 50 Hz
[12/16/25 21:17:12] crowsnest:		2: 60 Hz
[12/16/25 21:17:12] crowsnest:		white_balance_temperature 0x0098091a (int)    : min=2800 max=6500 step=1 default=4600 value=4600 flags=inactive
[12/16/25 21:17:12] crowsnest:		sharpness 0x0098091b (int)    : min=0 max=6 step=1 default=3 value=3
[12/16/25 21:17:12] crowsnest:		backlight_compensation 0x0098091c (int)    : min=0 max=2 step=1 default=1 value=1
[12/16/25 21:17:12] crowsnest:		
[12/16/25 21:17:12] crowsnest:		Camera Controls
[12/16/25 21:17:12] crowsnest:		
[12/16/25 21:17:12] crowsnest:		auto_exposure 0x009a0901 (menu)   : min=0 max=3 default=3 value=3
[12/16/25 21:17:12] crowsnest:		1: Manual Mode
[12/16/25 21:17:12] crowsnest:		3: Aperture Priority Mode
[12/16/25 21:17:12] crowsnest:		exposure_time_absolute 0x009a0902 (int)    : min=1 max=5000 step=1 default=156 value=156 flags=inactive
[12/16/25 21:17:12] crowsnest:		exposure_dynamic_framerate 0x009a0903 (bool)   : default=0 value=1
[12/16/25 21:17:12] crowsnest: Try to start configured Cams / Services...
[12/16/25 21:17:17] crowsnest: INFO: Configuration of Section [cam 1] looks good. Continue ...
[12/16/25 21:17:19] crowsnest: V4L2 Control: No parameters set for [cam 1]. Skipped.
[12/16/25 21:17:23] crowsnest: Starting ustreamer with Device /dev/video0 ...
[12/16/25 21:17:24] crowsnest:  ... Done!
[12/17/25 00:17:10] crowsnest: crowsnest - A webcam Service for multiple Cams and Stream Services.
[12/17/25 00:17:10] crowsnest: Version: v4.1.12-1-g9623b5f
[12/17/25 00:17:10] crowsnest: Prepare Startup ...
[12/17/25 00:17:10] crowsnest: INFO: Host information:
[12/17/25 00:17:10] crowsnest: Host Info: Distribution: Debian GNU/Linux 11 (bullseye)
[12/17/25 00:17:10] crowsnest: Host Info: Kernel: Linux 5.16.17-sun50iw9 aarch64
[12/17/25 00:17:10] crowsnest: Host Info: Available CPU Cores: 4
[12/17/25 00:17:11] crowsnest: Host Info: Available Memory: 1010632 kB
[12/17/25 00:17:11] crowsnest: Host Info: Diskspace (avail. / total): 21G / 29G
[12/17/25 00:17:11] crowsnest: INFO: Checking Dependencies
[12/17/25 00:17:11] crowsnest: Dependency: 'crudini' found in /usr/bin/crudini.
[12/17/25 00:17:11] crowsnest: Dependency: 'find' found in /usr/bin/find.
[12/17/25 00:17:11] crowsnest: Dependency: 'xargs' found in /usr/bin/xargs.
[12/17/25 00:17:11] crowsnest: Dependency: 'ustreamer' found in bin/ustreamer/src/ustreamer.bin.
[12/17/25 00:17:11] crowsnest: Version Control: ustreamer is up to date. (v6.31)
[12/17/25 00:17:11] crowsnest: INFO: Print Configfile: '/home/biqu/printer_data/config/crowsnest.conf'
[12/17/25 00:17:11] crowsnest:		[crowsnest]
[12/17/25 00:17:11] crowsnest:		log_path: ~/printer_data/logs/crowsnest.log
[12/17/25 00:17:11] crowsnest:		log_level: verbose
[12/17/25 00:17:11] crowsnest:		delete_log: false
[12/17/25 00:17:11] crowsnest:		no_proxy: false
[12/17/25 00:17:11] crowsnest:		
[12/17/25 00:17:11] crowsnest:		[cam 1]
[12/17/25 00:17:11] crowsnest:		mode: ustreamer
[12/17/25 00:17:11] crowsnest:		
[12/17/25 00:17:11] crowsnest:		enable_rtsp: false
[12/17/25 00:17:11] crowsnest:		rtsp_port: 8554
[12/17/25 00:17:11] crowsnest:		port: 8080
[12/17/25 00:17:11] crowsnest:		device: /dev/video0
[12/17/25 00:17:11] crowsnest:		resolution: 1280x720
[12/17/25 00:17:11] crowsnest:		max_fps: 30
[12/17/25 00:17:11] crowsnest: INFO: Detect available Devices
[12/17/25 00:17:11] crowsnest: INFO: Found 1 total available Device(s)
[12/17/25 00:17:11] crowsnest: INFO: Found 1 available v4l2 (UVC) camera(s)
[12/17/25 00:17:11] crowsnest: /dev/v4l/by-id/usb-HHW_microelectronics_Co.__Ltd._MGS1-video-index0 -> /dev/video0
[12/17/25 00:17:11] crowsnest: Supported Formats:
[12/17/25 00:17:11] crowsnest:		[0]: 'MJPG' (Motion-JPEG, compressed)
[12/17/25 00:17:11] crowsnest:		Size: Discrete 1280x720
[12/17/25 00:17:11] crowsnest:		Interval: Discrete 0.033s (30.000 fps)
[12/17/25 00:17:11] crowsnest:		Interval: Discrete 0.040s (25.000 fps)
[12/17/25 00:17:11] crowsnest:		Interval: Discrete 0.050s (20.000 fps)
[12/17/25 00:17:11] crowsnest:		Interval: Discrete 0.067s (15.000 fps)
[12/17/25 00:17:11] crowsnest:		Interval: Discrete 0.100s (10.000 fps)
[12/17/25 00:17:11] crowsnest:		Interval: Discrete 0.200s (5.000 fps)
[12/17/25 00:17:11] crowsnest:		Size: Discrete 800x480
[12/17/25 00:17:11] crowsnest:		Interval: Discrete 0.033s (30.000 fps)
[12/17/25 00:17:11] crowsnest:		Interval: Discrete 0.040s (25.000 fps)
[12/17/25 00:17:11] crowsnest:		Interval: Discrete 0.050s (20.000 fps)
[12/17/25 00:17:11] crowsnest:		Interval: Discrete 0.067s (15.000 fps)
[12/17/25 00:17:11] crowsnest:		Interval: Discrete 0.100s (10.000 fps)
[12/17/25 00:17:11] crowsnest:		Interval: Discrete 0.200s (5.000 fps)
[12/17/25 00:17:11] crowsnest:		Size: Discrete 672x456
[12/17/25 00:17:11] crowsnest:		Interval: Discrete 0.033s (30.000 fps)
[12/17/25 00:17:11] crowsnest:		Interval: Discrete 0.040s (25.000 fps)
[12/17/25 00:17:11] crowsnest:		Interval: Discrete 0.050s (20.000 fps)
[12/17/25 00:17:11] crowsnest:		Interval: Discrete 0.067s (15.000 fps)
[12/17/25 00:17:11] crowsnest:		Interval: Discrete 0.100s (10.000 fps)
[12/17/25 00:17:11] crowsnest:		Interval: Discrete 0.200s (5.000 fps)
[12/17/25 00:17:11] crowsnest:		Size: Discrete 640x480
[12/17/25 00:17:11] crowsnest:		Interval: Discrete 0.033s (30.000 fps)
[12/17/25 00:17:11] crowsnest:		Interval: Discrete 0.040s (25.000 fps)
[12/17/25 00:17:11] crowsnest:		Interval: Discrete 0.050s (20.000 fps)
[12/17/25 00:17:11] crowsnest:		Interval: Discrete 0.067s (15.000 fps)
[12/17/25 00:17:11] crowsnest:		Interval: Discrete 0.100s (10.000 fps)
[12/17/25 00:17:11] crowsnest:		Interval: Discrete 0.200s (5.000 fps)
[12/17/25 00:17:11] crowsnest:		Size: Discrete 320x240
[12/17/25 00:17:11] crowsnest:		Interval: Discrete 0.033s (30.000 fps)
[12/17/25 00:17:11] crowsnest:		Interval: Discrete 0.040s (25.000 fps)
[12/17/25 00:17:11] crowsnest:		Interval: Discrete 0.050s (20.000 fps)
[12/17/25 00:17:11] crowsnest:		Interval: Discrete 0.067s (15.000 fps)
[12/17/25 00:17:11] crowsnest:		Interval: Discrete 0.100s (10.000 fps)
[12/17/25 00:17:11] crowsnest:		Interval: Discrete 0.200s (5.000 fps)
[12/17/25 00:17:11] crowsnest:		[1]: 'YUYV' (YUYV 4:2:2)
[12/17/25 00:17:11] crowsnest:		Size: Discrete 1280x720
[12/17/25 00:17:11] crowsnest:		Interval: Discrete 0.100s (10.000 fps)
[12/17/25 00:17:11] crowsnest:		Size: Discrete 800x480
[12/17/25 00:17:11] crowsnest:		Interval: Discrete 0.040s (25.000 fps)
[12/17/25 00:17:11] crowsnest:		Size: Discrete 672x456
[12/17/25 00:17:11] crowsnest:		Interval: Discrete 0.033s (30.000 fps)
[12/17/25 00:17:11] crowsnest:		Size: Discrete 640x480
[12/17/25 00:17:11] crowsnest:		Interval: Discrete 0.033s (30.000 fps)
[12/17/25 00:17:11] crowsnest:		Size: Discrete 320x240
[12/17/25 00:17:11] crowsnest:		Interval: Discrete 0.033s (30.000 fps)
[12/17/25 00:17:11] crowsnest: Supported Controls:
[12/17/25 00:17:11] crowsnest:		
[12/17/25 00:17:11] crowsnest:		User Controls
[12/17/25 00:17:11] crowsnest:		
[12/17/25 00:17:11] crowsnest:		brightness 0x00980900 (int)    : min=-64 max=64 step=1 default=0 value=0
[12/17/25 00:17:11] crowsnest:		contrast 0x00980901 (int)    : min=0 max=64 step=1 default=32 value=32
[12/17/25 00:17:11] crowsnest:		saturation 0x00980902 (int)    : min=0 max=128 step=1 default=64 value=64
[12/17/25 00:17:11] crowsnest:		hue 0x00980903 (int)    : min=-40 max=40 step=1 default=0 value=0
[12/17/25 00:17:11] crowsnest:		white_balance_automatic 0x0098090c (bool)   : default=1 value=1
[12/17/25 00:17:11] crowsnest:		gamma 0x00980910 (int)    : min=72 max=500 step=1 default=100 value=100
[12/17/25 00:17:11] crowsnest:		gain 0x00980913 (int)    : min=0 max=100 step=1 default=0 value=0
[12/17/25 00:17:11] crowsnest:		power_line_frequency 0x00980918 (menu)   : min=0 max=2 default=2 value=2
[12/17/25 00:17:11] crowsnest:		0: Disabled
[12/17/25 00:17:11] crowsnest:		1: 50 Hz
[12/17/25 00:17:11] crowsnest:		2: 60 Hz
[12/17/25 00:17:11] crowsnest:		white_balance_temperature 0x0098091a (int)    : min=2800 max=6500 step=1 default=4600 value=4600 flags=inactive
[12/17/25 00:17:11] crowsnest:		sharpness 0x0098091b (int)    : min=0 max=6 step=1 default=3 value=3
[12/17/25 00:17:11] crowsnest:		backlight_compensation 0x0098091c (int)    : min=0 max=2 step=1 default=1 value=1
[12/17/25 00:17:11] crowsnest:		
[12/17/25 00:17:11] crowsnest:		Camera Controls
[12/17/25 00:17:11] crowsnest:		
[12/17/25 00:17:11] crowsnest:		auto_exposure 0x009a0901 (menu)   : min=0 max=3 default=3 value=3
[12/17/25 00:17:11] crowsnest:		1: Manual Mode
[12/17/25 00:17:11] crowsnest:		3: Aperture Priority Mode
[12/17/25 00:17:11] crowsnest:		exposure_time_absolute 0x009a0902 (int)    : min=1 max=5000 step=1 default=156 value=156 flags=inactive
[12/17/25 00:17:11] crowsnest:		exposure_dynamic_framerate 0x009a0903 (bool)   : default=0 value=1
[12/17/25 00:17:12] crowsnest: Try to start configured Cams / Services...
[12/17/25 00:17:16] crowsnest: INFO: Configuration of Section [cam 1] looks good. Continue ...
[12/17/25 00:17:18] crowsnest: V4L2 Control: No parameters set for [cam 1]. Skipped.
[12/17/25 00:17:22] crowsnest: Starting ustreamer with Device /dev/video0 ...
[12/17/25 00:17:23] crowsnest:  ... Done!
[12/17/25 10:17:11] crowsnest: crowsnest - A webcam Service for multiple Cams and Stream Services.
[12/17/25 10:17:11] crowsnest: Version: v4.1.12-1-g9623b5f
[12/17/25 10:17:11] crowsnest: Prepare Startup ...
[12/17/25 10:17:11] crowsnest: INFO: Host information:
[12/17/25 10:17:11] crowsnest: Host Info: Distribution: Debian GNU/Linux 11 (bullseye)
[12/17/25 10:17:11] crowsnest: Host Info: Kernel: Linux 5.16.17-sun50iw9 aarch64
[12/17/25 10:17:11] crowsnest: Host Info: Available CPU Cores: 4
[12/17/25 10:17:11] crowsnest: Host Info: Available Memory: 1010632 kB
[12/17/25 10:17:11] crowsnest: Host Info: Diskspace (avail. / total): 21G / 29G
[12/17/25 10:17:11] crowsnest: INFO: Checking Dependencies
[12/17/25 10:17:12] crowsnest: Dependency: 'crudini' found in /usr/bin/crudini.
[12/17/25 10:17:12] crowsnest: Dependency: 'find' found in /usr/bin/find.
[12/17/25 10:17:12] crowsnest: Dependency: 'xargs' found in /usr/bin/xargs.
[12/17/25 10:17:12] crowsnest: Dependency: 'ustreamer' found in bin/ustreamer/src/ustreamer.bin.
[12/17/25 10:17:12] crowsnest: Version Control: ustreamer is up to date. (v6.31)
[12/17/25 10:17:12] crowsnest: INFO: Print Configfile: '/home/biqu/printer_data/config/crowsnest.conf'
[12/17/25 10:17:12] crowsnest:		[crowsnest]
[12/17/25 10:17:12] crowsnest:		log_path: ~/printer_data/logs/crowsnest.log
[12/17/25 10:17:12] crowsnest:		log_level: verbose
[12/17/25 10:17:12] crowsnest:		delete_log: false
[12/17/25 10:17:12] crowsnest:		no_proxy: false
[12/17/25 10:17:12] crowsnest:		
[12/17/25 10:17:12] crowsnest:		[cam 1]
[12/17/25 10:17:12] crowsnest:		mode: ustreamer
[12/17/25 10:17:12] crowsnest:		
[12/17/25 10:17:12] crowsnest:		enable_rtsp: false
[12/17/25 10:17:12] crowsnest:		rtsp_port: 8554
[12/17/25 10:17:12] crowsnest:		port: 8080
[12/17/25 10:17:12] crowsnest:		device: /dev/video0
[12/17/25 10:17:12] crowsnest:		resolution: 1280x720
[12/17/25 10:17:12] crowsnest:		max_fps: 30
[12/17/25 10:17:12] crowsnest: INFO: Detect available Devices
[12/17/25 10:17:12] crowsnest: INFO: Found 1 total available Device(s)
[12/17/25 10:17:12] crowsnest: INFO: Found 1 available v4l2 (UVC) camera(s)
[12/17/25 10:17:12] crowsnest: /dev/v4l/by-id/usb-HHW_microelectronics_Co.__Ltd._MGS1-video-index0 -> /dev/video0
[12/17/25 10:17:12] crowsnest: Supported Formats:
[12/17/25 10:17:12] crowsnest:		[0]: 'MJPG' (Motion-JPEG, compressed)
[12/17/25 10:17:12] crowsnest:		Size: Discrete 1280x720
[12/17/25 10:17:12] crowsnest:		Interval: Discrete 0.033s (30.000 fps)
[12/17/25 10:17:12] crowsnest:		Interval: Discrete 0.040s (25.000 fps)
[12/17/25 10:17:12] crowsnest:		Interval: Discrete 0.050s (20.000 fps)
[12/17/25 10:17:12] crowsnest:		Interval: Discrete 0.067s (15.000 fps)
[12/17/25 10:17:12] crowsnest:		Interval: Discrete 0.100s (10.000 fps)
[12/17/25 10:17:12] crowsnest:		Interval: Discrete 0.200s (5.000 fps)
[12/17/25 10:17:12] crowsnest:		Size: Discrete 800x480
[12/17/25 10:17:12] crowsnest:		Interval: Discrete 0.033s (30.000 fps)
[12/17/25 10:17:12] crowsnest:		Interval: Discrete 0.040s (25.000 fps)
[12/17/25 10:17:12] crowsnest:		Interval: Discrete 0.050s (20.000 fps)
[12/17/25 10:17:12] crowsnest:		Interval: Discrete 0.067s (15.000 fps)
[12/17/25 10:17:12] crowsnest:		Interval: Discrete 0.100s (10.000 fps)
[12/17/25 10:17:12] crowsnest:		Interval: Discrete 0.200s (5.000 fps)
[12/17/25 10:17:12] crowsnest:		Size: Discrete 672x456
[12/17/25 10:17:12] crowsnest:		Interval: Discrete 0.033s (30.000 fps)
[12/17/25 10:17:12] crowsnest:		Interval: Discrete 0.040s (25.000 fps)
[12/17/25 10:17:12] crowsnest:		Interval: Discrete 0.050s (20.000 fps)
[12/17/25 10:17:12] crowsnest:		Interval: Discrete 0.067s (15.000 fps)
[12/17/25 10:17:12] crowsnest:		Interval: Discrete 0.100s (10.000 fps)
[12/17/25 10:17:12] crowsnest:		Interval: Discrete 0.200s (5.000 fps)
[12/17/25 10:17:12] crowsnest:		Size: Discrete 640x480
[12/17/25 10:17:12] crowsnest:		Interval: Discrete 0.033s (30.000 fps)
[12/17/25 10:17:12] crowsnest:		Interval: Discrete 0.040s (25.000 fps)
[12/17/25 10:17:12] crowsnest:		Interval: Discrete 0.050s (20.000 fps)
[12/17/25 10:17:12] crowsnest:		Interval: Discrete 0.067s (15.000 fps)
[12/17/25 10:17:12] crowsnest:		Interval: Discrete 0.100s (10.000 fps)
[12/17/25 10:17:12] crowsnest:		Interval: Discrete 0.200s (5.000 fps)
[12/17/25 10:17:12] crowsnest:		Size: Discrete 320x240
[12/17/25 10:17:12] crowsnest:		Interval: Discrete 0.033s (30.000 fps)
[12/17/25 10:17:12] crowsnest:		Interval: Discrete 0.040s (25.000 fps)
[12/17/25 10:17:12] crowsnest:		Interval: Discrete 0.050s (20.000 fps)
[12/17/25 10:17:12] crowsnest:		Interval: Discrete 0.067s (15.000 fps)
[12/17/25 10:17:12] crowsnest:		Interval: Discrete 0.100s (10.000 fps)
[12/17/25 10:17:12] crowsnest:		Interval: Discrete 0.200s (5.000 fps)
[12/17/25 10:17:12] crowsnest:		[1]: 'YUYV' (YUYV 4:2:2)
[12/17/25 10:17:12] crowsnest:		Size: Discrete 1280x720
[12/17/25 10:17:12] crowsnest:		Interval: Discrete 0.100s (10.000 fps)
[12/17/25 10:17:12] crowsnest:		Size: Discrete 800x480
[12/17/25 10:17:12] crowsnest:		Interval: Discrete 0.040s (25.000 fps)
[12/17/25 10:17:12] crowsnest:		Size: Discrete 672x456
[12/17/25 10:17:12] crowsnest:		Interval: Discrete 0.033s (30.000 fps)
[12/17/25 10:17:12] crowsnest:		Size: Discrete 640x480
[12/17/25 10:17:12] crowsnest:		Interval: Discrete 0.033s (30.000 fps)
[12/17/25 10:17:12] crowsnest:		Size: Discrete 320x240
[12/17/25 10:17:12] crowsnest:		Interval: Discrete 0.033s (30.000 fps)
[12/17/25 10:17:12] crowsnest: Supported Controls:
[12/17/25 10:17:12] crowsnest:		
[12/17/25 10:17:12] crowsnest:		User Controls
[12/17/25 10:17:12] crowsnest:		
[12/17/25 10:17:12] crowsnest:		brightness 0x00980900 (int)    : min=-64 max=64 step=1 default=0 value=0
[12/17/25 10:17:12] crowsnest:		contrast 0x00980901 (int)    : min=0 max=64 step=1 default=32 value=32
[12/17/25 10:17:12] crowsnest:		saturation 0x00980902 (int)    : min=0 max=128 step=1 default=64 value=64
[12/17/25 10:17:12] crowsnest:		hue 0x00980903 (int)    : min=-40 max=40 step=1 default=0 value=0
[12/17/25 10:17:12] crowsnest:		white_balance_automatic 0x0098090c (bool)   : default=1 value=1
[12/17/25 10:17:12] crowsnest:		gamma 0x00980910 (int)    : min=72 max=500 step=1 default=100 value=100
[12/17/25 10:17:12] crowsnest:		gain 0x00980913 (int)    : min=0 max=100 step=1 default=0 value=0
[12/17/25 10:17:12] crowsnest:		power_line_frequency 0x00980918 (menu)   : min=0 max=2 default=2 value=2
[12/17/25 10:17:12] crowsnest:		0: Disabled
[12/17/25 10:17:12] crowsnest:		1: 50 Hz
[12/17/25 10:17:12] crowsnest:		2: 60 Hz
[12/17/25 10:17:12] crowsnest:		white_balance_temperature 0x0098091a (int)    : min=2800 max=6500 step=1 default=4600 value=4600 flags=inactive
[12/17/25 10:17:12] crowsnest:		sharpness 0x0098091b (int)    : min=0 max=6 step=1 default=3 value=3
[12/17/25 10:17:12] crowsnest:		backlight_compensation 0x0098091c (int)    : min=0 max=2 step=1 default=1 value=1
[12/17/25 10:17:12] crowsnest:		
[12/17/25 10:17:12] crowsnest:		Camera Controls
[12/17/25 10:17:12] crowsnest:		
[12/17/25 10:17:12] crowsnest:		auto_exposure 0x009a0901 (menu)   : min=0 max=3 default=3 value=3
[12/17/25 10:17:12] crowsnest:		1: Manual Mode
[12/17/25 10:17:12] crowsnest:		3: Aperture Priority Mode
[12/17/25 10:17:12] crowsnest:		exposure_time_absolute 0x009a0902 (int)    : min=1 max=5000 step=1 default=156 value=156 flags=inactive
[12/17/25 10:17:12] crowsnest:		exposure_dynamic_framerate 0x009a0903 (bool)   : default=0 value=1
[12/17/25 10:17:12] crowsnest: Try to start configured Cams / Services...
[12/17/25 10:17:18] crowsnest: INFO: Configuration of Section [cam 1] looks good. Continue ...
[12/17/25 10:17:20] crowsnest: V4L2 Control: No parameters set for [cam 1]. Skipped.
[12/17/25 10:17:25] crowsnest: Starting ustreamer with Device /dev/video0 ...
[12/17/25 10:17:26] crowsnest:  ... Done!
[12/17/25 15:17:11] crowsnest: crowsnest - A webcam Service for multiple Cams and Stream Services.
[12/17/25 15:17:11] crowsnest: Version: v4.1.12-1-g9623b5f
[12/17/25 15:17:11] crowsnest: Prepare Startup ...
[12/17/25 15:17:11] crowsnest: INFO: Host information:
[12/17/25 15:17:11] crowsnest: Host Info: Distribution: Debian GNU/Linux 11 (bullseye)
[12/17/25 15:17:11] crowsnest: Host Info: Kernel: Linux 5.16.17-sun50iw9 aarch64
[12/17/25 15:17:11] crowsnest: Host Info: Available CPU Cores: 4
[12/17/25 15:17:11] crowsnest: Host Info: Available Memory: 1010632 kB
[12/17/25 15:17:11] crowsnest: Host Info: Diskspace (avail. / total): 21G / 29G
[12/17/25 15:17:11] crowsnest: INFO: Checking Dependencies
[12/17/25 15:17:12] crowsnest: Dependency: 'crudini' found in /usr/bin/crudini.
[12/17/25 15:17:12] crowsnest: Dependency: 'find' found in /usr/bin/find.
[12/17/25 15:17:12] crowsnest: Dependency: 'xargs' found in /usr/bin/xargs.
[12/17/25 15:17:12] crowsnest: Dependency: 'ustreamer' found in bin/ustreamer/src/ustreamer.bin.
[12/17/25 15:17:12] crowsnest: Version Control: ustreamer is up to date. (v6.31)
[12/17/25 15:17:12] crowsnest: INFO: Print Configfile: '/home/biqu/printer_data/config/crowsnest.conf'
[12/17/25 15:17:12] crowsnest:		[crowsnest]
[12/17/25 15:17:12] crowsnest:		log_path: ~/printer_data/logs/crowsnest.log
[12/17/25 15:17:12] crowsnest:		log_level: verbose
[12/17/25 15:17:12] crowsnest:		delete_log: false
[12/17/25 15:17:12] crowsnest:		no_proxy: false
[12/17/25 15:17:12] crowsnest:		
[12/17/25 15:17:12] crowsnest:		[cam 1]
[12/17/25 15:17:12] crowsnest:		mode: ustreamer
[12/17/25 15:17:12] crowsnest:		
[12/17/25 15:17:12] crowsnest:		enable_rtsp: false
[12/17/25 15:17:12] crowsnest:		rtsp_port: 8554
[12/17/25 15:17:12] crowsnest:		port: 8080
[12/17/25 15:17:12] crowsnest:		device: /dev/video0
[12/17/25 15:17:12] crowsnest:		resolution: 1280x720
[12/17/25 15:17:12] crowsnest:		max_fps: 30
[12/17/25 15:17:12] crowsnest: INFO: Detect available Devices
[12/17/25 15:17:12] crowsnest: INFO: Found 1 total available Device(s)
[12/17/25 15:17:12] crowsnest: INFO: Found 1 available v4l2 (UVC) camera(s)
[12/17/25 15:17:12] crowsnest: /dev/v4l/by-id/usb-HHW_microelectronics_Co.__Ltd._MGS1-video-index0 -> /dev/video0
[12/17/25 15:17:12] crowsnest: Supported Formats:
[12/17/25 15:17:12] crowsnest:		[0]: 'MJPG' (Motion-JPEG, compressed)
[12/17/25 15:17:12] crowsnest:		Size: Discrete 1280x720
[12/17/25 15:17:12] crowsnest:		Interval: Discrete 0.033s (30.000 fps)
[12/17/25 15:17:12] crowsnest:		Interval: Discrete 0.040s (25.000 fps)
[12/17/25 15:17:12] crowsnest:		Interval: Discrete 0.050s (20.000 fps)
[12/17/25 15:17:12] crowsnest:		Interval: Discrete 0.067s (15.000 fps)
[12/17/25 15:17:12] crowsnest:		Interval: Discrete 0.100s (10.000 fps)
[12/17/25 15:17:12] crowsnest:		Interval: Discrete 0.200s (5.000 fps)
[12/17/25 15:17:12] crowsnest:		Size: Discrete 800x480
[12/17/25 15:17:12] crowsnest:		Interval: Discrete 0.033s (30.000 fps)
[12/17/25 15:17:12] crowsnest:		Interval: Discrete 0.040s (25.000 fps)
[12/17/25 15:17:12] crowsnest:		Interval: Discrete 0.050s (20.000 fps)
[12/17/25 15:17:12] crowsnest:		Interval: Discrete 0.067s (15.000 fps)
[12/17/25 15:17:12] crowsnest:		Interval: Discrete 0.100s (10.000 fps)
[12/17/25 15:17:12] crowsnest:		Interval: Discrete 0.200s (5.000 fps)
[12/17/25 15:17:12] crowsnest:		Size: Discrete 672x456
[12/17/25 15:17:12] crowsnest:		Interval: Discrete 0.033s (30.000 fps)
[12/17/25 15:17:12] crowsnest:		Interval: Discrete 0.040s (25.000 fps)
[12/17/25 15:17:12] crowsnest:		Interval: Discrete 0.050s (20.000 fps)
[12/17/25 15:17:12] crowsnest:		Interval: Discrete 0.067s (15.000 fps)
[12/17/25 15:17:12] crowsnest:		Interval: Discrete 0.100s (10.000 fps)
[12/17/25 15:17:12] crowsnest:		Interval: Discrete 0.200s (5.000 fps)
[12/17/25 15:17:12] crowsnest:		Size: Discrete 640x480
[12/17/25 15:17:12] crowsnest:		Interval: Discrete 0.033s (30.000 fps)
[12/17/25 15:17:12] crowsnest:		Interval: Discrete 0.040s (25.000 fps)
[12/17/25 15:17:12] crowsnest:		Interval: Discrete 0.050s (20.000 fps)
[12/17/25 15:17:12] crowsnest:		Interval: Discrete 0.067s (15.000 fps)
[12/17/25 15:17:12] crowsnest:		Interval: Discrete 0.100s (10.000 fps)
[12/17/25 15:17:12] crowsnest:		Interval: Discrete 0.200s (5.000 fps)
[12/17/25 15:17:12] crowsnest:		Size: Discrete 320x240
[12/17/25 15:17:12] crowsnest:		Interval: Discrete 0.033s (30.000 fps)
[12/17/25 15:17:12] crowsnest:		Interval: Discrete 0.040s (25.000 fps)
[12/17/25 15:17:12] crowsnest:		Interval: Discrete 0.050s (20.000 fps)
[12/17/25 15:17:12] crowsnest:		Interval: Discrete 0.067s (15.000 fps)
[12/17/25 15:17:12] crowsnest:		Interval: Discrete 0.100s (10.000 fps)
[12/17/25 15:17:12] crowsnest:		Interval: Discrete 0.200s (5.000 fps)
[12/17/25 15:17:12] crowsnest:		[1]: 'YUYV' (YUYV 4:2:2)
[12/17/25 15:17:12] crowsnest:		Size: Discrete 1280x720
[12/17/25 15:17:12] crowsnest:		Interval: Discrete 0.100s (10.000 fps)
[12/17/25 15:17:12] crowsnest:		Size: Discrete 800x480
[12/17/25 15:17:12] crowsnest:		Interval: Discrete 0.040s (25.000 fps)
[12/17/25 15:17:12] crowsnest:		Size: Discrete 672x456
[12/17/25 15:17:12] crowsnest:		Interval: Discrete 0.033s (30.000 fps)
[12/17/25 15:17:12] crowsnest:		Size: Discrete 640x480
[12/17/25 15:17:12] crowsnest:		Interval: Discrete 0.033s (30.000 fps)
[12/17/25 15:17:12] crowsnest:		Size: Discrete 320x240
[12/17/25 15:17:12] crowsnest:		Interval: Discrete 0.033s (30.000 fps)
[12/17/25 15:17:13] crowsnest: Supported Controls:
[12/17/25 15:17:13] crowsnest:		
[12/17/25 15:17:13] crowsnest:		User Controls
[12/17/25 15:17:13] crowsnest:		
[12/17/25 15:17:13] crowsnest:		brightness 0x00980900 (int)    : min=-64 max=64 step=1 default=0 value=0
[12/17/25 15:17:13] crowsnest:		contrast 0x00980901 (int)    : min=0 max=64 step=1 default=32 value=32
[12/17/25 15:17:13] crowsnest:		saturation 0x00980902 (int)    : min=0 max=128 step=1 default=64 value=64
[12/17/25 15:17:13] crowsnest:		hue 0x00980903 (int)    : min=-40 max=40 step=1 default=0 value=0
[12/17/25 15:17:13] crowsnest:		white_balance_automatic 0x0098090c (bool)   : default=1 value=1
[12/17/25 15:17:13] crowsnest:		gamma 0x00980910 (int)    : min=72 max=500 step=1 default=100 value=100
[12/17/25 15:17:13] crowsnest:		gain 0x00980913 (int)    : min=0 max=100 step=1 default=0 value=0
[12/17/25 15:17:13] crowsnest:		power_line_frequency 0x00980918 (menu)   : min=0 max=2 default=2 value=2
[12/17/25 15:17:13] crowsnest:		0: Disabled
[12/17/25 15:17:13] crowsnest:		1: 50 Hz
[12/17/25 15:17:13] crowsnest:		2: 60 Hz
[12/17/25 15:17:13] crowsnest:		white_balance_temperature 0x0098091a (int)    : min=2800 max=6500 step=1 default=4600 value=4600 flags=inactive
[12/17/25 15:17:13] crowsnest:		sharpness 0x0098091b (int)    : min=0 max=6 step=1 default=3 value=3
[12/17/25 15:17:13] crowsnest:		backlight_compensation 0x0098091c (int)    : min=0 max=2 step=1 default=1 value=1
[12/17/25 15:17:13] crowsnest:		
[12/17/25 15:17:13] crowsnest:		Camera Controls
[12/17/25 15:17:13] crowsnest:		
[12/17/25 15:17:13] crowsnest:		auto_exposure 0x009a0901 (menu)   : min=0 max=3 default=3 value=3
[12/17/25 15:17:13] crowsnest:		1: Manual Mode
[12/17/25 15:17:13] crowsnest:		3: Aperture Priority Mode
[12/17/25 15:17:13] crowsnest:		exposure_time_absolute 0x009a0902 (int)    : min=1 max=5000 step=1 default=156 value=156 flags=inactive
[12/17/25 15:17:13] crowsnest:		exposure_dynamic_framerate 0x009a0903 (bool)   : default=0 value=1
[12/17/25 15:17:13] crowsnest: Try to start configured Cams / Services...
[12/17/25 15:17:17] crowsnest: INFO: Configuration of Section [cam 1] looks good. Continue ...
[12/17/25 15:17:19] crowsnest: V4L2 Control: No parameters set for [cam 1]. Skipped.
[12/17/25 15:17:23] crowsnest: Starting ustreamer with Device /dev/video0 ...
[12/17/25 15:17:24] crowsnest:  ... Done!
[12/17/25 22:17:10] crowsnest: crowsnest - A webcam Service for multiple Cams and Stream Services.
[12/17/25 22:17:10] crowsnest: Version: v4.1.12-1-g9623b5f
[12/17/25 22:17:10] crowsnest: Prepare Startup ...
[12/17/25 22:17:11] crowsnest: INFO: Host information:
[12/17/25 22:17:11] crowsnest: Host Info: Distribution: Debian GNU/Linux 11 (bullseye)
[12/17/25 22:17:11] crowsnest: Host Info: Kernel: Linux 5.16.17-sun50iw9 aarch64
[12/17/25 22:17:11] crowsnest: Host Info: Available CPU Cores: 4
[12/17/25 22:17:11] crowsnest: Host Info: Available Memory: 1010632 kB
[12/17/25 22:17:11] crowsnest: Host Info: Diskspace (avail. / total): 21G / 29G
[12/17/25 22:17:11] crowsnest: INFO: Checking Dependencies
[12/17/25 22:17:11] crowsnest: Dependency: 'crudini' found in /usr/bin/crudini.
[12/17/25 22:17:11] crowsnest: Dependency: 'find' found in /usr/bin/find.
[12/17/25 22:17:11] crowsnest: Dependency: 'xargs' found in /usr/bin/xargs.
[12/17/25 22:17:11] crowsnest: Dependency: 'ustreamer' found in bin/ustreamer/src/ustreamer.bin.
[12/17/25 22:17:11] crowsnest: Version Control: ustreamer is up to date. (v6.31)
[12/17/25 22:17:11] crowsnest: INFO: Print Configfile: '/home/biqu/printer_data/config/crowsnest.conf'
[12/17/25 22:17:11] crowsnest:		[crowsnest]
[12/17/25 22:17:11] crowsnest:		log_path: ~/printer_data/logs/crowsnest.log
[12/17/25 22:17:11] crowsnest:		log_level: verbose
[12/17/25 22:17:11] crowsnest:		delete_log: false
[12/17/25 22:17:11] crowsnest:		no_proxy: false
[12/17/25 22:17:11] crowsnest:		
[12/17/25 22:17:11] crowsnest:		[cam 1]
[12/17/25 22:17:11] crowsnest:		mode: ustreamer
[12/17/25 22:17:11] crowsnest:		
[12/17/25 22:17:11] crowsnest:		enable_rtsp: false
[12/17/25 22:17:11] crowsnest:		rtsp_port: 8554
[12/17/25 22:17:11] crowsnest:		port: 8080
[12/17/25 22:17:11] crowsnest:		device: /dev/video0
[12/17/25 22:17:11] crowsnest:		resolution: 1280x720
[12/17/25 22:17:11] crowsnest:		max_fps: 30
[12/17/25 22:17:11] crowsnest: INFO: Detect available Devices
[12/17/25 22:17:11] crowsnest: INFO: Found 1 total available Device(s)
[12/17/25 22:17:11] crowsnest: INFO: Found 1 available v4l2 (UVC) camera(s)
[12/17/25 22:17:11] crowsnest: /dev/v4l/by-id/usb-HHW_microelectronics_Co.__Ltd._MGS1-video-index0 -> /dev/video0
[12/17/25 22:17:11] crowsnest: Supported Formats:
[12/17/25 22:17:11] crowsnest:		[0]: 'MJPG' (Motion-JPEG, compressed)
[12/17/25 22:17:11] crowsnest:		Size: Discrete 1280x720
[12/17/25 22:17:11] crowsnest:		Interval: Discrete 0.033s (30.000 fps)
[12/17/25 22:17:11] crowsnest:		Interval: Discrete 0.040s (25.000 fps)
[12/17/25 22:17:11] crowsnest:		Interval: Discrete 0.050s (20.000 fps)
[12/17/25 22:17:11] crowsnest:		Interval: Discrete 0.067s (15.000 fps)
[12/17/25 22:17:11] crowsnest:		Interval: Discrete 0.100s (10.000 fps)
[12/17/25 22:17:11] crowsnest:		Interval: Discrete 0.200s (5.000 fps)
[12/17/25 22:17:11] crowsnest:		Size: Discrete 800x480
[12/17/25 22:17:11] crowsnest:		Interval: Discrete 0.033s (30.000 fps)
[12/17/25 22:17:11] crowsnest:		Interval: Discrete 0.040s (25.000 fps)
[12/17/25 22:17:11] crowsnest:		Interval: Discrete 0.050s (20.000 fps)
[12/17/25 22:17:11] crowsnest:		Interval: Discrete 0.067s (15.000 fps)
[12/17/25 22:17:11] crowsnest:		Interval: Discrete 0.100s (10.000 fps)
[12/17/25 22:17:11] crowsnest:		Interval: Discrete 0.200s (5.000 fps)
[12/17/25 22:17:11] crowsnest:		Size: Discrete 672x456
[12/17/25 22:17:11] crowsnest:		Interval: Discrete 0.033s (30.000 fps)
[12/17/25 22:17:11] crowsnest:		Interval: Discrete 0.040s (25.000 fps)
[12/17/25 22:17:11] crowsnest:		Interval: Discrete 0.050s (20.000 fps)
[12/17/25 22:17:11] crowsnest:		Interval: Discrete 0.067s (15.000 fps)
[12/17/25 22:17:11] crowsnest:		Interval: Discrete 0.100s (10.000 fps)
[12/17/25 22:17:11] crowsnest:		Interval: Discrete 0.200s (5.000 fps)
[12/17/25 22:17:11] crowsnest:		Size: Discrete 640x480
[12/17/25 22:17:11] crowsnest:		Interval: Discrete 0.033s (30.000 fps)
[12/17/25 22:17:11] crowsnest:		Interval: Discrete 0.040s (25.000 fps)
[12/17/25 22:17:11] crowsnest:		Interval: Discrete 0.050s (20.000 fps)
[12/17/25 22:17:11] crowsnest:		Interval: Discrete 0.067s (15.000 fps)
[12/17/25 22:17:11] crowsnest:		Interval: Discrete 0.100s (10.000 fps)
[12/17/25 22:17:11] crowsnest:		Interval: Discrete 0.200s (5.000 fps)
[12/17/25 22:17:11] crowsnest:		Size: Discrete 320x240
[12/17/25 22:17:11] crowsnest:		Interval: Discrete 0.033s (30.000 fps)
[12/17/25 22:17:11] crowsnest:		Interval: Discrete 0.040s (25.000 fps)
[12/17/25 22:17:11] crowsnest:		Interval: Discrete 0.050s (20.000 fps)
[12/17/25 22:17:11] crowsnest:		Interval: Discrete 0.067s (15.000 fps)
[12/17/25 22:17:11] crowsnest:		Interval: Discrete 0.100s (10.000 fps)
[12/17/25 22:17:11] crowsnest:		Interval: Discrete 0.200s (5.000 fps)
[12/17/25 22:17:11] crowsnest:		[1]: 'YUYV' (YUYV 4:2:2)
[12/17/25 22:17:11] crowsnest:		Size: Discrete 1280x720
[12/17/25 22:17:11] crowsnest:		Interval: Discrete 0.100s (10.000 fps)
[12/17/25 22:17:11] crowsnest:		Size: Discrete 800x480
[12/17/25 22:17:11] crowsnest:		Interval: Discrete 0.040s (25.000 fps)
[12/17/25 22:17:11] crowsnest:		Size: Discrete 672x456
[12/17/25 22:17:11] crowsnest:		Interval: Discrete 0.033s (30.000 fps)
[12/17/25 22:17:11] crowsnest:		Size: Discrete 640x480
[12/17/25 22:17:11] crowsnest:		Interval: Discrete 0.033s (30.000 fps)
[12/17/25 22:17:11] crowsnest:		Size: Discrete 320x240
[12/17/25 22:17:11] crowsnest:		Interval: Discrete 0.033s (30.000 fps)
[12/17/25 22:17:12] crowsnest: Supported Controls:
[12/17/25 22:17:12] crowsnest:		
[12/17/25 22:17:12] crowsnest:		User Controls
[12/17/25 22:17:12] crowsnest:		
[12/17/25 22:17:12] crowsnest:		brightness 0x00980900 (int)    : min=-64 max=64 step=1 default=0 value=0
[12/17/25 22:17:12] crowsnest:		contrast 0x00980901 (int)    : min=0 max=64 step=1 default=32 value=32
[12/17/25 22:17:12] crowsnest:		saturation 0x00980902 (int)    : min=0 max=128 step=1 default=64 value=64
[12/17/25 22:17:12] crowsnest:		hue 0x00980903 (int)    : min=-40 max=40 step=1 default=0 value=0
[12/17/25 22:17:12] crowsnest:		white_balance_automatic 0x0098090c (bool)   : default=1 value=1
[12/17/25 22:17:12] crowsnest:		gamma 0x00980910 (int)    : min=72 max=500 step=1 default=100 value=100
[12/17/25 22:17:12] crowsnest:		gain 0x00980913 (int)    : min=0 max=100 step=1 default=0 value=0
[12/17/25 22:17:12] crowsnest:		power_line_frequency 0x00980918 (menu)   : min=0 max=2 default=2 value=2
[12/17/25 22:17:12] crowsnest:		0: Disabled
[12/17/25 22:17:12] crowsnest:		1: 50 Hz
[12/17/25 22:17:12] crowsnest:		2: 60 Hz
[12/17/25 22:17:12] crowsnest:		white_balance_temperature 0x0098091a (int)    : min=2800 max=6500 step=1 default=4600 value=4600 flags=inactive
[12/17/25 22:17:12] crowsnest:		sharpness 0x0098091b (int)    : min=0 max=6 step=1 default=3 value=3
[12/17/25 22:17:12] crowsnest:		backlight_compensation 0x0098091c (int)    : min=0 max=2 step=1 default=1 value=1
[12/17/25 22:17:12] crowsnest:		
[12/17/25 22:17:12] crowsnest:		Camera Controls
[12/17/25 22:17:12] crowsnest:		
[12/17/25 22:17:12] crowsnest:		auto_exposure 0x009a0901 (menu)   : min=0 max=3 default=3 value=3
[12/17/25 22:17:12] crowsnest:		1: Manual Mode
[12/17/25 22:17:12] crowsnest:		3: Aperture Priority Mode
[12/17/25 22:17:12] crowsnest:		exposure_time_absolute 0x009a0902 (int)    : min=1 max=5000 step=1 default=156 value=156 flags=inactive
[12/17/25 22:17:12] crowsnest:		exposure_dynamic_framerate 0x009a0903 (bool)   : default=0 value=1
[12/17/25 22:17:12] crowsnest: Try to start configured Cams / Services...
[12/17/25 22:17:17] crowsnest: INFO: Configuration of Section [cam 1] looks good. Continue ...
[12/17/25 22:17:19] crowsnest: V4L2 Control: No parameters set for [cam 1]. Skipped.
[12/17/25 22:17:23] crowsnest: Starting ustreamer with Device /dev/video0 ...
[12/17/25 22:17:24] crowsnest:  ... Done!
[12/17/25 22:17:10] crowsnest: crowsnest - A webcam Service for multiple Cams and Stream Services.
[12/17/25 22:17:10] crowsnest: Version: v4.1.12-1-g9623b5f
[12/17/25 22:17:10] crowsnest: Prepare Startup ...
[12/17/25 22:17:10] crowsnest: INFO: Host information:
[12/17/25 22:17:10] crowsnest: Host Info: Distribution: Debian GNU/Linux 11 (bullseye)
[12/17/25 22:17:10] crowsnest: Host Info: Kernel: Linux 5.16.17-sun50iw9 aarch64
[12/17/25 22:17:10] crowsnest: Host Info: Available CPU Cores: 4
[12/17/25 22:17:10] crowsnest: Host Info: Available Memory: 1010632 kB
[12/17/25 22:17:10] crowsnest: Host Info: Diskspace (avail. / total): 21G / 29G
[12/17/25 22:17:10] crowsnest: INFO: Checking Dependencies
[12/17/25 22:17:11] crowsnest: Dependency: 'crudini' found in /usr/bin/crudini.
[12/17/25 22:17:11] crowsnest: Dependency: 'find' found in /usr/bin/find.
[12/17/25 22:17:11] crowsnest: Dependency: 'xargs' found in /usr/bin/xargs.
[12/17/25 22:17:11] crowsnest: Dependency: 'ustreamer' found in bin/ustreamer/src/ustreamer.bin.
[12/17/25 22:17:11] crowsnest: Version Control: ustreamer is up to date. (v6.31)
[12/17/25 22:17:11] crowsnest: INFO: Print Configfile: '/home/biqu/printer_data/config/crowsnest.conf'
[12/17/25 22:17:11] crowsnest:		[crowsnest]
[12/17/25 22:17:11] crowsnest:		log_path: ~/printer_data/logs/crowsnest.log
[12/17/25 22:17:11] crowsnest:		log_level: verbose
[12/17/25 22:17:11] crowsnest:		delete_log: false
[12/17/25 22:17:11] crowsnest:		no_proxy: false
[12/17/25 22:17:11] crowsnest:		
[12/17/25 22:17:11] crowsnest:		[cam 1]
[12/17/25 22:17:11] crowsnest:		mode: ustreamer
[12/17/25 22:17:11] crowsnest:		
[12/17/25 22:17:11] crowsnest:		enable_rtsp: false
[12/17/25 22:17:11] crowsnest:		rtsp_port: 8554
[12/17/25 22:17:11] crowsnest:		port: 8080
[12/17/25 22:17:11] crowsnest:		device: /dev/video0
[12/17/25 22:17:11] crowsnest:		resolution: 1280x720
[12/17/25 22:17:11] crowsnest:		max_fps: 30
[12/17/25 22:17:11] crowsnest: INFO: Detect available Devices
[12/17/25 22:17:11] crowsnest: INFO: Found 1 total available Device(s)
[12/17/25 22:17:11] crowsnest: INFO: Found 1 available v4l2 (UVC) camera(s)
[12/17/25 22:17:11] crowsnest: /dev/v4l/by-id/usb-HHW_microelectronics_Co.__Ltd._MGS1-video-index0 -> /dev/video0
[12/17/25 22:17:11] crowsnest: Supported Formats:
[12/17/25 22:17:11] crowsnest:		[0]: 'MJPG' (Motion-JPEG, compressed)
[12/17/25 22:17:11] crowsnest:		Size: Discrete 1280x720
[12/17/25 22:17:11] crowsnest:		Interval: Discrete 0.033s (30.000 fps)
[12/17/25 22:17:11] crowsnest:		Interval: Discrete 0.040s (25.000 fps)
[12/17/25 22:17:11] crowsnest:		Interval: Discrete 0.050s (20.000 fps)
[12/17/25 22:17:11] crowsnest:		Interval: Discrete 0.067s (15.000 fps)
[12/17/25 22:17:11] crowsnest:		Interval: Discrete 0.100s (10.000 fps)
[12/17/25 22:17:11] crowsnest:		Interval: Discrete 0.200s (5.000 fps)
[12/17/25 22:17:11] crowsnest:		Size: Discrete 800x480
[12/17/25 22:17:11] crowsnest:		Interval: Discrete 0.033s (30.000 fps)
[12/17/25 22:17:11] crowsnest:		Interval: Discrete 0.040s (25.000 fps)
[12/17/25 22:17:11] crowsnest:		Interval: Discrete 0.050s (20.000 fps)
[12/17/25 22:17:11] crowsnest:		Interval: Discrete 0.067s (15.000 fps)
[12/17/25 22:17:11] crowsnest:		Interval: Discrete 0.100s (10.000 fps)
[12/17/25 22:17:11] crowsnest:		Interval: Discrete 0.200s (5.000 fps)
[12/17/25 22:17:11] crowsnest:		Size: Discrete 672x456
[12/17/25 22:17:11] crowsnest:		Interval: Discrete 0.033s (30.000 fps)
[12/17/25 22:17:11] crowsnest:		Interval: Discrete 0.040s (25.000 fps)
[12/17/25 22:17:11] crowsnest:		Interval: Discrete 0.050s (20.000 fps)
[12/17/25 22:17:11] crowsnest:		Interval: Discrete 0.067s (15.000 fps)
[12/17/25 22:17:11] crowsnest:		Interval: Discrete 0.100s (10.000 fps)
[12/17/25 22:17:11] crowsnest:		Interval: Discrete 0.200s (5.000 fps)
[12/17/25 22:17:11] crowsnest:		Size: Discrete 640x480
[12/17/25 22:17:11] crowsnest:		Interval: Discrete 0.033s (30.000 fps)
[12/17/25 22:17:11] crowsnest:		Interval: Discrete 0.040s (25.000 fps)
[12/17/25 22:17:11] crowsnest:		Interval: Discrete 0.050s (20.000 fps)
[12/17/25 22:17:11] crowsnest:		Interval: Discrete 0.067s (15.000 fps)
[12/17/25 22:17:11] crowsnest:		Interval: Discrete 0.100s (10.000 fps)
[12/17/25 22:17:11] crowsnest:		Interval: Discrete 0.200s (5.000 fps)
[12/17/25 22:17:11] crowsnest:		Size: Discrete 320x240
[12/17/25 22:17:11] crowsnest:		Interval: Discrete 0.033s (30.000 fps)
[12/17/25 22:17:11] crowsnest:		Interval: Discrete 0.040s (25.000 fps)
[12/17/25 22:17:11] crowsnest:		Interval: Discrete 0.050s (20.000 fps)
[12/17/25 22:17:11] crowsnest:		Interval: Discrete 0.067s (15.000 fps)
[12/17/25 22:17:11] crowsnest:		Interval: Discrete 0.100s (10.000 fps)
[12/17/25 22:17:11] crowsnest:		Interval: Discrete 0.200s (5.000 fps)
[12/17/25 22:17:11] crowsnest:		[1]: 'YUYV' (YUYV 4:2:2)
[12/17/25 22:17:11] crowsnest:		Size: Discrete 1280x720
[12/17/25 22:17:11] crowsnest:		Interval: Discrete 0.100s (10.000 fps)
[12/17/25 22:17:11] crowsnest:		Size: Discrete 800x480
[12/17/25 22:17:11] crowsnest:		Interval: Discrete 0.040s (25.000 fps)
[12/17/25 22:17:11] crowsnest:		Size: Discrete 672x456
[12/17/25 22:17:11] crowsnest:		Interval: Discrete 0.033s (30.000 fps)
[12/17/25 22:17:11] crowsnest:		Size: Discrete 640x480
[12/17/25 22:17:11] crowsnest:		Interval: Discrete 0.033s (30.000 fps)
[12/17/25 22:17:11] crowsnest:		Size: Discrete 320x240
[12/17/25 22:17:11] crowsnest:		Interval: Discrete 0.033s (30.000 fps)
[12/17/25 22:17:11] crowsnest: Supported Controls:
[12/17/25 22:17:11] crowsnest:		
[12/17/25 22:17:11] crowsnest:		User Controls
[12/17/25 22:17:11] crowsnest:		
[12/17/25 22:17:11] crowsnest:		brightness 0x00980900 (int)    : min=-64 max=64 step=1 default=0 value=0
[12/17/25 22:17:11] crowsnest:		contrast 0x00980901 (int)    : min=0 max=64 step=1 default=32 value=32
[12/17/25 22:17:11] crowsnest:		saturation 0x00980902 (int)    : min=0 max=128 step=1 default=64 value=64
[12/17/25 22:17:11] crowsnest:		hue 0x00980903 (int)    : min=-40 max=40 step=1 default=0 value=0
[12/17/25 22:17:11] crowsnest:		white_balance_automatic 0x0098090c (bool)   : default=1 value=1
[12/17/25 22:17:11] crowsnest:		gamma 0x00980910 (int)    : min=72 max=500 step=1 default=100 value=100
[12/17/25 22:17:11] crowsnest:		gain 0x00980913 (int)    : min=0 max=100 step=1 default=0 value=0
[12/17/25 22:17:11] crowsnest:		power_line_frequency 0x00980918 (menu)   : min=0 max=2 default=2 value=2
[12/17/25 22:17:11] crowsnest:		0: Disabled
[12/17/25 22:17:11] crowsnest:		1: 50 Hz
[12/17/25 22:17:11] crowsnest:		2: 60 Hz
[12/17/25 22:17:11] crowsnest:		white_balance_temperature 0x0098091a (int)    : min=2800 max=6500 step=1 default=4600 value=4600 flags=inactive
[12/17/25 22:17:11] crowsnest:		sharpness 0x0098091b (int)    : min=0 max=6 step=1 default=3 value=3
[12/17/25 22:17:11] crowsnest:		backlight_compensation 0x0098091c (int)    : min=0 max=2 step=1 default=1 value=1
[12/17/25 22:17:11] crowsnest:		
[12/17/25 22:17:11] crowsnest:		Camera Controls
[12/17/25 22:17:11] crowsnest:		
[12/17/25 22:17:11] crowsnest:		auto_exposure 0x009a0901 (menu)   : min=0 max=3 default=3 value=3
[12/17/25 22:17:11] crowsnest:		1: Manual Mode
[12/17/25 22:17:11] crowsnest:		3: Aperture Priority Mode
[12/17/25 22:17:11] crowsnest:		exposure_time_absolute 0x009a0902 (int)    : min=1 max=5000 step=1 default=156 value=156 flags=inactive
[12/17/25 22:17:11] crowsnest:		exposure_dynamic_framerate 0x009a0903 (bool)   : default=0 value=1
[12/17/25 22:17:11] crowsnest: Try to start configured Cams / Services...
[12/17/25 22:17:16] crowsnest: INFO: Configuration of Section [cam 1] looks good. Continue ...
[12/17/25 22:17:18] crowsnest: V4L2 Control: No parameters set for [cam 1]. Skipped.
[12/17/25 22:17:22] crowsnest: Starting ustreamer with Device /dev/video0 ...
[12/17/25 22:17:23] crowsnest:  ... Done!
[12/17/25 22:17:10] crowsnest: crowsnest - A webcam Service for multiple Cams and Stream Services.
[12/17/25 22:17:10] crowsnest: Version: v4.1.12-1-g9623b5f
[12/17/25 22:17:10] crowsnest: Prepare Startup ...
[12/17/25 22:17:10] crowsnest: INFO: Host information:
[12/17/25 22:17:10] crowsnest: Host Info: Distribution: Debian GNU/Linux 11 (bullseye)
[12/17/25 22:17:10] crowsnest: Host Info: Kernel: Linux 5.16.17-sun50iw9 aarch64
[12/17/25 22:17:10] crowsnest: Host Info: Available CPU Cores: 4
[12/17/25 22:17:10] crowsnest: Host Info: Available Memory: 1010632 kB
[12/17/25 22:17:10] crowsnest: Host Info: Diskspace (avail. / total): 21G / 29G
[12/17/25 22:17:10] crowsnest: INFO: Checking Dependencies
[12/17/25 22:17:11] crowsnest: Dependency: 'crudini' found in /usr/bin/crudini.
[12/17/25 22:17:11] crowsnest: Dependency: 'find' found in /usr/bin/find.
[12/17/25 22:17:11] crowsnest: Dependency: 'xargs' found in /usr/bin/xargs.
[12/17/25 22:17:11] crowsnest: Dependency: 'ustreamer' found in bin/ustreamer/src/ustreamer.bin.
[12/17/25 22:17:11] crowsnest: Version Control: ustreamer is up to date. (v6.31)
[12/17/25 22:17:11] crowsnest: INFO: Print Configfile: '/home/biqu/printer_data/config/crowsnest.conf'
[12/17/25 22:17:11] crowsnest:		[crowsnest]
[12/17/25 22:17:11] crowsnest:		log_path: ~/printer_data/logs/crowsnest.log
[12/17/25 22:17:11] crowsnest:		log_level: verbose
[12/17/25 22:17:11] crowsnest:		delete_log: false
[12/17/25 22:17:11] crowsnest:		no_proxy: false
[12/17/25 22:17:11] crowsnest:		
[12/17/25 22:17:11] crowsnest:		[cam 1]
[12/17/25 22:17:11] crowsnest:		mode: ustreamer
[12/17/25 22:17:11] crowsnest:		
[12/17/25 22:17:11] crowsnest:		enable_rtsp: false
[12/17/25 22:17:11] crowsnest:		rtsp_port: 8554
[12/17/25 22:17:11] crowsnest:		port: 8080
[12/17/25 22:17:11] crowsnest:		device: /dev/video0
[12/17/25 22:17:11] crowsnest:		resolution: 1280x720
[12/17/25 22:17:11] crowsnest:		max_fps: 30
[12/17/25 22:17:11] crowsnest: INFO: Detect available Devices
[12/17/25 22:17:11] crowsnest: INFO: Found 1 total available Device(s)
[12/17/25 22:17:11] crowsnest: INFO: Found 1 available v4l2 (UVC) camera(s)
[12/17/25 22:17:11] crowsnest: /dev/v4l/by-id/usb-HHW_microelectronics_Co.__Ltd._MGS1-video-index0 -> /dev/video0
[12/17/25 22:17:11] crowsnest: Supported Formats:
[12/17/25 22:17:11] crowsnest:		[0]: 'MJPG' (Motion-JPEG, compressed)
[12/17/25 22:17:11] crowsnest:		Size: Discrete 1280x720
[12/17/25 22:17:11] crowsnest:		Interval: Discrete 0.033s (30.000 fps)
[12/17/25 22:17:11] crowsnest:		Interval: Discrete 0.040s (25.000 fps)
[12/17/25 22:17:11] crowsnest:		Interval: Discrete 0.050s (20.000 fps)
[12/17/25 22:17:11] crowsnest:		Interval: Discrete 0.067s (15.000 fps)
[12/17/25 22:17:11] crowsnest:		Interval: Discrete 0.100s (10.000 fps)
[12/17/25 22:17:11] crowsnest:		Interval: Discrete 0.200s (5.000 fps)
[12/17/25 22:17:11] crowsnest:		Size: Discrete 800x480
[12/17/25 22:17:11] crowsnest:		Interval: Discrete 0.033s (30.000 fps)
[12/17/25 22:17:11] crowsnest:		Interval: Discrete 0.040s (25.000 fps)
[12/17/25 22:17:11] crowsnest:		Interval: Discrete 0.050s (20.000 fps)
[12/17/25 22:17:11] crowsnest:		Interval: Discrete 0.067s (15.000 fps)
[12/17/25 22:17:11] crowsnest:		Interval: Discrete 0.100s (10.000 fps)
[12/17/25 22:17:11] crowsnest:		Interval: Discrete 0.200s (5.000 fps)
[12/17/25 22:17:11] crowsnest:		Size: Discrete 672x456
[12/17/25 22:17:11] crowsnest:		Interval: Discrete 0.033s (30.000 fps)
[12/17/25 22:17:11] crowsnest:		Interval: Discrete 0.040s (25.000 fps)
[12/17/25 22:17:11] crowsnest:		Interval: Discrete 0.050s (20.000 fps)
[12/17/25 22:17:11] crowsnest:		Interval: Discrete 0.067s (15.000 fps)
[12/17/25 22:17:11] crowsnest:		Interval: Discrete 0.100s (10.000 fps)
[12/17/25 22:17:11] crowsnest:		Interval: Discrete 0.200s (5.000 fps)
[12/17/25 22:17:11] crowsnest:		Size: Discrete 640x480
[12/17/25 22:17:11] crowsnest:		Interval: Discrete 0.033s (30.000 fps)
[12/17/25 22:17:11] crowsnest:		Interval: Discrete 0.040s (25.000 fps)
[12/17/25 22:17:11] crowsnest:		Interval: Discrete 0.050s (20.000 fps)
[12/17/25 22:17:11] crowsnest:		Interval: Discrete 0.067s (15.000 fps)
[12/17/25 22:17:11] crowsnest:		Interval: Discrete 0.100s (10.000 fps)
[12/17/25 22:17:11] crowsnest:		Interval: Discrete 0.200s (5.000 fps)
[12/17/25 22:17:11] crowsnest:		Size: Discrete 320x240
[12/17/25 22:17:11] crowsnest:		Interval: Discrete 0.033s (30.000 fps)
[12/17/25 22:17:11] crowsnest:		Interval: Discrete 0.040s (25.000 fps)
[12/17/25 22:17:11] crowsnest:		Interval: Discrete 0.050s (20.000 fps)
[12/17/25 22:17:11] crowsnest:		Interval: Discrete 0.067s (15.000 fps)
[12/17/25 22:17:11] crowsnest:		Interval: Discrete 0.100s (10.000 fps)
[12/17/25 22:17:11] crowsnest:		Interval: Discrete 0.200s (5.000 fps)
[12/17/25 22:17:11] crowsnest:		[1]: 'YUYV' (YUYV 4:2:2)
[12/17/25 22:17:11] crowsnest:		Size: Discrete 1280x720
[12/17/25 22:17:11] crowsnest:		Interval: Discrete 0.100s (10.000 fps)
[12/17/25 22:17:11] crowsnest:		Size: Discrete 800x480
[12/17/25 22:17:11] crowsnest:		Interval: Discrete 0.040s (25.000 fps)
[12/17/25 22:17:11] crowsnest:		Size: Discrete 672x456
[12/17/25 22:17:11] crowsnest:		Interval: Discrete 0.033s (30.000 fps)
[12/17/25 22:17:11] crowsnest:		Size: Discrete 640x480
[12/17/25 22:17:11] crowsnest:		Interval: Discrete 0.033s (30.000 fps)
[12/17/25 22:17:11] crowsnest:		Size: Discrete 320x240
[12/17/25 22:17:11] crowsnest:		Interval: Discrete 0.033s (30.000 fps)
[12/17/25 22:17:11] crowsnest: Supported Controls:
[12/17/25 22:17:11] crowsnest:		
[12/17/25 22:17:11] crowsnest:		User Controls
[12/17/25 22:17:11] crowsnest:		
[12/17/25 22:17:11] crowsnest:		brightness 0x00980900 (int)    : min=-64 max=64 step=1 default=0 value=0
[12/17/25 22:17:11] crowsnest:		contrast 0x00980901 (int)    : min=0 max=64 step=1 default=32 value=32
[12/17/25 22:17:11] crowsnest:		saturation 0x00980902 (int)    : min=0 max=128 step=1 default=64 value=64
[12/17/25 22:17:11] crowsnest:		hue 0x00980903 (int)    : min=-40 max=40 step=1 default=0 value=0
[12/17/25 22:17:11] crowsnest:		white_balance_automatic 0x0098090c (bool)   : default=1 value=1
[12/17/25 22:17:11] crowsnest:		gamma 0x00980910 (int)    : min=72 max=500 step=1 default=100 value=100
[12/17/25 22:17:11] crowsnest:		gain 0x00980913 (int)    : min=0 max=100 step=1 default=0 value=0
[12/17/25 22:17:11] crowsnest:		power_line_frequency 0x00980918 (menu)   : min=0 max=2 default=2 value=2
[12/17/25 22:17:11] crowsnest:		0: Disabled
[12/17/25 22:17:11] crowsnest:		1: 50 Hz
[12/17/25 22:17:11] crowsnest:		2: 60 Hz
[12/17/25 22:17:11] crowsnest:		white_balance_temperature 0x0098091a (int)    : min=2800 max=6500 step=1 default=4600 value=4600 flags=inactive
[12/17/25 22:17:11] crowsnest:		sharpness 0x0098091b (int)    : min=0 max=6 step=1 default=3 value=3
[12/17/25 22:17:11] crowsnest:		backlight_compensation 0x0098091c (int)    : min=0 max=2 step=1 default=1 value=1
[12/17/25 22:17:11] crowsnest:		
[12/17/25 22:17:11] crowsnest:		Camera Controls
[12/17/25 22:17:11] crowsnest:		
[12/17/25 22:17:11] crowsnest:		auto_exposure 0x009a0901 (menu)   : min=0 max=3 default=3 value=3
[12/17/25 22:17:11] crowsnest:		1: Manual Mode
[12/17/25 22:17:11] crowsnest:		3: Aperture Priority Mode
[12/17/25 22:17:11] crowsnest:		exposure_time_absolute 0x009a0902 (int)    : min=1 max=5000 step=1 default=156 value=156 flags=inactive
[12/17/25 22:17:11] crowsnest:		exposure_dynamic_framerate 0x009a0903 (bool)   : default=0 value=1
[12/17/25 22:17:12] crowsnest: Try to start configured Cams / Services...
[12/24/25 14:24:38] crowsnest: INFO: Configuration of Section [cam 1] looks good. Continue ...
[12/24/25 14:24:40] crowsnest: V4L2 Control: No parameters set for [cam 1]. Skipped.
[12/24/25 14:24:45] crowsnest: Starting ustreamer with Device /dev/video0 ...
[12/24/25 14:24:46] crowsnest:  ... Done!
[12/17/25 22:17:10] crowsnest: crowsnest - A webcam Service for multiple Cams and Stream Services.
[12/17/25 22:17:10] crowsnest: Version: v4.1.12-1-g9623b5f
[12/17/25 22:17:10] crowsnest: Prepare Startup ...
[12/17/25 22:17:10] crowsnest: INFO: Host information:
[12/17/25 22:17:10] crowsnest: Host Info: Distribution: Debian GNU/Linux 11 (bullseye)
[12/17/25 22:17:10] crowsnest: Host Info: Kernel: Linux 5.16.17-sun50iw9 aarch64
[12/17/25 22:17:10] crowsnest: Host Info: Available CPU Cores: 4
[12/17/25 22:17:10] crowsnest: Host Info: Available Memory: 1010632 kB
[12/17/25 22:17:10] crowsnest: Host Info: Diskspace (avail. / total): 21G / 29G
[12/17/25 22:17:10] crowsnest: INFO: Checking Dependencies
[12/17/25 22:17:11] crowsnest: Dependency: 'crudini' found in /usr/bin/crudini.
[12/17/25 22:17:11] crowsnest: Dependency: 'find' found in /usr/bin/find.
[12/17/25 22:17:11] crowsnest: Dependency: 'xargs' found in /usr/bin/xargs.
[12/17/25 22:17:11] crowsnest: Dependency: 'ustreamer' found in bin/ustreamer/src/ustreamer.bin.
[12/17/25 22:17:11] crowsnest: Version Control: ustreamer is up to date. (v6.31)
[12/17/25 22:17:11] crowsnest: INFO: Print Configfile: '/home/biqu/printer_data/config/crowsnest.conf'
[12/17/25 22:17:11] crowsnest:		[crowsnest]
[12/17/25 22:17:11] crowsnest:		log_path: ~/printer_data/logs/crowsnest.log
[12/17/25 22:17:11] crowsnest:		log_level: verbose
[12/17/25 22:17:11] crowsnest:		delete_log: false
[12/17/25 22:17:11] crowsnest:		no_proxy: false
[12/17/25 22:17:11] crowsnest:		
[12/17/25 22:17:11] crowsnest:		[cam 1]
[12/17/25 22:17:11] crowsnest:		mode: ustreamer
[12/17/25 22:17:11] crowsnest:		
[12/17/25 22:17:11] crowsnest:		enable_rtsp: false
[12/17/25 22:17:11] crowsnest:		rtsp_port: 8554
[12/17/25 22:17:11] crowsnest:		port: 8080
[12/17/25 22:17:11] crowsnest:		device: /dev/video0
[12/17/25 22:17:11] crowsnest:		resolution: 1280x720
[12/17/25 22:17:11] crowsnest:		max_fps: 30
[12/17/25 22:17:11] crowsnest: INFO: Detect available Devices
[12/17/25 22:17:11] crowsnest: INFO: Found 1 total available Device(s)
[12/17/25 22:17:11] crowsnest: INFO: Found 1 available v4l2 (UVC) camera(s)
[12/17/25 22:17:11] crowsnest: /dev/v4l/by-id/usb-HHW_microelectronics_Co.__Ltd._MGS1-video-index0 -> /dev/video0
[12/17/25 22:17:11] crowsnest: Supported Formats:
[12/17/25 22:17:11] crowsnest:		[0]: 'MJPG' (Motion-JPEG, compressed)
[12/17/25 22:17:11] crowsnest:		Size: Discrete 1280x720
[12/17/25 22:17:11] crowsnest:		Interval: Discrete 0.033s (30.000 fps)
[12/17/25 22:17:11] crowsnest:		Interval: Discrete 0.040s (25.000 fps)
[12/17/25 22:17:11] crowsnest:		Interval: Discrete 0.050s (20.000 fps)
[12/17/25 22:17:11] crowsnest:		Interval: Discrete 0.067s (15.000 fps)
[12/17/25 22:17:11] crowsnest:		Interval: Discrete 0.100s (10.000 fps)
[12/17/25 22:17:11] crowsnest:		Interval: Discrete 0.200s (5.000 fps)
[12/17/25 22:17:11] crowsnest:		Size: Discrete 800x480
[12/17/25 22:17:11] crowsnest:		Interval: Discrete 0.033s (30.000 fps)
[12/17/25 22:17:11] crowsnest:		Interval: Discrete 0.040s (25.000 fps)
[12/17/25 22:17:11] crowsnest:		Interval: Discrete 0.050s (20.000 fps)
[12/17/25 22:17:11] crowsnest:		Interval: Discrete 0.067s (15.000 fps)
[12/17/25 22:17:11] crowsnest:		Interval: Discrete 0.100s (10.000 fps)
[12/17/25 22:17:11] crowsnest:		Interval: Discrete 0.200s (5.000 fps)
[12/17/25 22:17:11] crowsnest:		Size: Discrete 672x456
[12/17/25 22:17:11] crowsnest:		Interval: Discrete 0.033s (30.000 fps)
[12/17/25 22:17:11] crowsnest:		Interval: Discrete 0.040s (25.000 fps)
[12/17/25 22:17:11] crowsnest:		Interval: Discrete 0.050s (20.000 fps)
[12/17/25 22:17:11] crowsnest:		Interval: Discrete 0.067s (15.000 fps)
[12/17/25 22:17:11] crowsnest:		Interval: Discrete 0.100s (10.000 fps)
[12/17/25 22:17:11] crowsnest:		Interval: Discrete 0.200s (5.000 fps)
[12/17/25 22:17:11] crowsnest:		Size: Discrete 640x480
[12/17/25 22:17:11] crowsnest:		Interval: Discrete 0.033s (30.000 fps)
[12/17/25 22:17:11] crowsnest:		Interval: Discrete 0.040s (25.000 fps)
[12/17/25 22:17:11] crowsnest:		Interval: Discrete 0.050s (20.000 fps)
[12/17/25 22:17:11] crowsnest:		Interval: Discrete 0.067s (15.000 fps)
[12/17/25 22:17:11] crowsnest:		Interval: Discrete 0.100s (10.000 fps)
[12/17/25 22:17:11] crowsnest:		Interval: Discrete 0.200s (5.000 fps)
[12/17/25 22:17:11] crowsnest:		Size: Discrete 320x240
[12/17/25 22:17:11] crowsnest:		Interval: Discrete 0.033s (30.000 fps)
[12/17/25 22:17:11] crowsnest:		Interval: Discrete 0.040s (25.000 fps)
[12/17/25 22:17:11] crowsnest:		Interval: Discrete 0.050s (20.000 fps)
[12/17/25 22:17:11] crowsnest:		Interval: Discrete 0.067s (15.000 fps)
[12/17/25 22:17:11] crowsnest:		Interval: Discrete 0.100s (10.000 fps)
[12/17/25 22:17:11] crowsnest:		Interval: Discrete 0.200s (5.000 fps)
[12/17/25 22:17:11] crowsnest:		[1]: 'YUYV' (YUYV 4:2:2)
[12/17/25 22:17:11] crowsnest:		Size: Discrete 1280x720
[12/17/25 22:17:11] crowsnest:		Interval: Discrete 0.100s (10.000 fps)
[12/17/25 22:17:11] crowsnest:		Size: Discrete 800x480
[12/17/25 22:17:11] crowsnest:		Interval: Discrete 0.040s (25.000 fps)
[12/17/25 22:17:11] crowsnest:		Size: Discrete 672x456
[12/17/25 22:17:11] crowsnest:		Interval: Discrete 0.033s (30.000 fps)
[12/17/25 22:17:11] crowsnest:		Size: Discrete 640x480
[12/17/25 22:17:11] crowsnest:		Interval: Discrete 0.033s (30.000 fps)
[12/17/25 22:17:11] crowsnest:		Size: Discrete 320x240
[12/17/25 22:17:11] crowsnest:		Interval: Discrete 0.033s (30.000 fps)
[12/17/25 22:17:12] crowsnest: Supported Controls:
[12/17/25 22:17:12] crowsnest:		
[12/17/25 22:17:12] crowsnest:		User Controls
[12/17/25 22:17:12] crowsnest:		
[12/17/25 22:17:12] crowsnest:		brightness 0x00980900 (int)    : min=-64 max=64 step=1 default=0 value=0
[12/17/25 22:17:12] crowsnest:		contrast 0x00980901 (int)    : min=0 max=64 step=1 default=32 value=32
[12/17/25 22:17:12] crowsnest:		saturation 0x00980902 (int)    : min=0 max=128 step=1 default=64 value=64
[12/17/25 22:17:12] crowsnest:		hue 0x00980903 (int)    : min=-40 max=40 step=1 default=0 value=0
[12/17/25 22:17:12] crowsnest:		white_balance_automatic 0x0098090c (bool)   : default=1 value=1
[12/17/25 22:17:12] crowsnest:		gamma 0x00980910 (int)    : min=72 max=500 step=1 default=100 value=100
[12/17/25 22:17:12] crowsnest:		gain 0x00980913 (int)    : min=0 max=100 step=1 default=0 value=0
[12/17/25 22:17:12] crowsnest:		power_line_frequency 0x00980918 (menu)   : min=0 max=2 default=2 value=2
[12/17/25 22:17:12] crowsnest:		0: Disabled
[12/17/25 22:17:12] crowsnest:		1: 50 Hz
[12/17/25 22:17:12] crowsnest:		2: 60 Hz
[12/17/25 22:17:12] crowsnest:		white_balance_temperature 0x0098091a (int)    : min=2800 max=6500 step=1 default=4600 value=4600 flags=inactive
[12/17/25 22:17:12] crowsnest:		sharpness 0x0098091b (int)    : min=0 max=6 step=1 default=3 value=3
[12/17/25 22:17:12] crowsnest:		backlight_compensation 0x0098091c (int)    : min=0 max=2 step=1 default=1 value=1
[12/17/25 22:17:12] crowsnest:		
[12/17/25 22:17:12] crowsnest:		Camera Controls
[12/17/25 22:17:12] crowsnest:		
[12/17/25 22:17:12] crowsnest:		auto_exposure 0x009a0901 (menu)   : min=0 max=3 default=3 value=3
[12/17/25 22:17:12] crowsnest:		1: Manual Mode
[12/17/25 22:17:12] crowsnest:		3: Aperture Priority Mode
[12/17/25 22:17:12] crowsnest:		exposure_time_absolute 0x009a0902 (int)    : min=1 max=5000 step=1 default=156 value=156 flags=inactive
[12/17/25 22:17:12] crowsnest:		exposure_dynamic_framerate 0x009a0903 (bool)   : default=0 value=1
[12/17/25 22:17:12] crowsnest: Try to start configured Cams / Services...
[12/17/25 22:17:17] crowsnest: INFO: Configuration of Section [cam 1] looks good. Continue ...
[12/17/25 22:17:19] crowsnest: V4L2 Control: No parameters set for [cam 1]. Skipped.
[12/17/25 22:17:23] crowsnest: Starting ustreamer with Device /dev/video0 ...
[12/17/25 22:17:24] crowsnest:  ... Done!
[12/17/25 22:17:10] crowsnest: crowsnest - A webcam Service for multiple Cams and Stream Services.
[12/17/25 22:17:10] crowsnest: Version: v4.1.12-1-g9623b5f
[12/17/25 22:17:10] crowsnest: Prepare Startup ...
[12/17/25 22:17:10] crowsnest: INFO: Host information:
[12/17/25 22:17:10] crowsnest: Host Info: Distribution: Debian GNU/Linux 11 (bullseye)
[12/17/25 22:17:10] crowsnest: Host Info: Kernel: Linux 5.16.17-sun50iw9 aarch64
[12/17/25 22:17:10] crowsnest: Host Info: Available CPU Cores: 4
[12/17/25 22:17:10] crowsnest: Host Info: Available Memory: 1010632 kB
[12/17/25 22:17:10] crowsnest: Host Info: Diskspace (avail. / total): 21G / 29G
[12/17/25 22:17:10] crowsnest: INFO: Checking Dependencies
[12/17/25 22:17:11] crowsnest: Dependency: 'crudini' found in /usr/bin/crudini.
[12/17/25 22:17:11] crowsnest: Dependency: 'find' found in /usr/bin/find.
[12/17/25 22:17:11] crowsnest: Dependency: 'xargs' found in /usr/bin/xargs.
[12/17/25 22:17:11] crowsnest: Dependency: 'ustreamer' found in bin/ustreamer/src/ustreamer.bin.
[12/17/25 22:17:11] crowsnest: Version Control: ustreamer is up to date. (v6.31)
[12/17/25 22:17:11] crowsnest: INFO: Print Configfile: '/home/biqu/printer_data/config/crowsnest.conf'
[12/17/25 22:17:11] crowsnest:		[crowsnest]
[12/17/25 22:17:11] crowsnest:		log_path: ~/printer_data/logs/crowsnest.log
[12/17/25 22:17:11] crowsnest:		log_level: verbose
[12/17/25 22:17:11] crowsnest:		delete_log: false
[12/17/25 22:17:11] crowsnest:		no_proxy: false
[12/17/25 22:17:11] crowsnest:		
[12/17/25 22:17:11] crowsnest:		[cam 1]
[12/17/25 22:17:11] crowsnest:		mode: ustreamer
[12/17/25 22:17:11] crowsnest:		
[12/17/25 22:17:11] crowsnest:		enable_rtsp: false
[12/17/25 22:17:11] crowsnest:		rtsp_port: 8554
[12/17/25 22:17:11] crowsnest:		port: 8080
[12/17/25 22:17:11] crowsnest:		device: /dev/video0
[12/17/25 22:17:11] crowsnest:		resolution: 1280x720
[12/17/25 22:17:11] crowsnest:		max_fps: 30
[12/17/25 22:17:11] crowsnest: INFO: Detect available Devices
[12/17/25 22:17:11] crowsnest: INFO: Found 1 total available Device(s)
[12/17/25 22:17:11] crowsnest: INFO: Found 1 available v4l2 (UVC) camera(s)
[12/17/25 22:17:11] crowsnest: /dev/v4l/by-id/usb-HHW_microelectronics_Co.__Ltd._MGS1-video-index0 -> /dev/video0
[12/17/25 22:17:11] crowsnest: Supported Formats:
[12/17/25 22:17:11] crowsnest:		[0]: 'MJPG' (Motion-JPEG, compressed)
[12/17/25 22:17:11] crowsnest:		Size: Discrete 1280x720
[12/17/25 22:17:11] crowsnest:		Interval: Discrete 0.033s (30.000 fps)
[12/17/25 22:17:11] crowsnest:		Interval: Discrete 0.040s (25.000 fps)
[12/17/25 22:17:11] crowsnest:		Interval: Discrete 0.050s (20.000 fps)
[12/17/25 22:17:11] crowsnest:		Interval: Discrete 0.067s (15.000 fps)
[12/17/25 22:17:11] crowsnest:		Interval: Discrete 0.100s (10.000 fps)
[12/17/25 22:17:11] crowsnest:		Interval: Discrete 0.200s (5.000 fps)
[12/17/25 22:17:11] crowsnest:		Size: Discrete 800x480
[12/17/25 22:17:11] crowsnest:		Interval: Discrete 0.033s (30.000 fps)
[12/17/25 22:17:11] crowsnest:		Interval: Discrete 0.040s (25.000 fps)
[12/17/25 22:17:11] crowsnest:		Interval: Discrete 0.050s (20.000 fps)
[12/17/25 22:17:11] crowsnest:		Interval: Discrete 0.067s (15.000 fps)
[12/17/25 22:17:11] crowsnest:		Interval: Discrete 0.100s (10.000 fps)
[12/17/25 22:17:11] crowsnest:		Interval: Discrete 0.200s (5.000 fps)
[12/17/25 22:17:11] crowsnest:		Size: Discrete 672x456
[12/17/25 22:17:11] crowsnest:		Interval: Discrete 0.033s (30.000 fps)
[12/17/25 22:17:11] crowsnest:		Interval: Discrete 0.040s (25.000 fps)
[12/17/25 22:17:11] crowsnest:		Interval: Discrete 0.050s (20.000 fps)
[12/17/25 22:17:11] crowsnest:		Interval: Discrete 0.067s (15.000 fps)
[12/17/25 22:17:11] crowsnest:		Interval: Discrete 0.100s (10.000 fps)
[12/17/25 22:17:11] crowsnest:		Interval: Discrete 0.200s (5.000 fps)
[12/17/25 22:17:11] crowsnest:		Size: Discrete 640x480
[12/17/25 22:17:11] crowsnest:		Interval: Discrete 0.033s (30.000 fps)
[12/17/25 22:17:11] crowsnest:		Interval: Discrete 0.040s (25.000 fps)
[12/17/25 22:17:11] crowsnest:		Interval: Discrete 0.050s (20.000 fps)
[12/17/25 22:17:11] crowsnest:		Interval: Discrete 0.067s (15.000 fps)
[12/17/25 22:17:11] crowsnest:		Interval: Discrete 0.100s (10.000 fps)
[12/17/25 22:17:11] crowsnest:		Interval: Discrete 0.200s (5.000 fps)
[12/17/25 22:17:11] crowsnest:		Size: Discrete 320x240
[12/17/25 22:17:11] crowsnest:		Interval: Discrete 0.033s (30.000 fps)
[12/17/25 22:17:11] crowsnest:		Interval: Discrete 0.040s (25.000 fps)
[12/17/25 22:17:11] crowsnest:		Interval: Discrete 0.050s (20.000 fps)
[12/17/25 22:17:11] crowsnest:		Interval: Discrete 0.067s (15.000 fps)
[12/17/25 22:17:11] crowsnest:		Interval: Discrete 0.100s (10.000 fps)
[12/17/25 22:17:11] crowsnest:		Interval: Discrete 0.200s (5.000 fps)
[12/17/25 22:17:11] crowsnest:		[1]: 'YUYV' (YUYV 4:2:2)
[12/17/25 22:17:11] crowsnest:		Size: Discrete 1280x720
[12/17/25 22:17:11] crowsnest:		Interval: Discrete 0.100s (10.000 fps)
[12/17/25 22:17:11] crowsnest:		Size: Discrete 800x480
[12/17/25 22:17:11] crowsnest:		Interval: Discrete 0.040s (25.000 fps)
[12/17/25 22:17:11] crowsnest:		Size: Discrete 672x456
[12/17/25 22:17:11] crowsnest:		Interval: Discrete 0.033s (30.000 fps)
[12/17/25 22:17:11] crowsnest:		Size: Discrete 640x480
[12/17/25 22:17:11] crowsnest:		Interval: Discrete 0.033s (30.000 fps)
[12/17/25 22:17:11] crowsnest:		Size: Discrete 320x240
[12/17/25 22:17:11] crowsnest:		Interval: Discrete 0.033s (30.000 fps)
[12/17/25 22:17:11] crowsnest: Supported Controls:
[12/17/25 22:17:11] crowsnest:		
[12/17/25 22:17:11] crowsnest:		User Controls
[12/17/25 22:17:11] crowsnest:		
[12/17/25 22:17:11] crowsnest:		brightness 0x00980900 (int)    : min=-64 max=64 step=1 default=0 value=0
[12/17/25 22:17:11] crowsnest:		contrast 0x00980901 (int)    : min=0 max=64 step=1 default=32 value=32
[12/17/25 22:17:11] crowsnest:		saturation 0x00980902 (int)    : min=0 max=128 step=1 default=64 value=64
[12/17/25 22:17:11] crowsnest:		hue 0x00980903 (int)    : min=-40 max=40 step=1 default=0 value=0
[12/17/25 22:17:11] crowsnest:		white_balance_automatic 0x0098090c (bool)   : default=1 value=1
[12/17/25 22:17:11] crowsnest:		gamma 0x00980910 (int)    : min=72 max=500 step=1 default=100 value=100
[12/17/25 22:17:11] crowsnest:		gain 0x00980913 (int)    : min=0 max=100 step=1 default=0 value=0
[12/17/25 22:17:11] crowsnest:		power_line_frequency 0x00980918 (menu)   : min=0 max=2 default=2 value=2
[12/17/25 22:17:11] crowsnest:		0: Disabled
[12/17/25 22:17:11] crowsnest:		1: 50 Hz
[12/17/25 22:17:11] crowsnest:		2: 60 Hz
[12/17/25 22:17:11] crowsnest:		white_balance_temperature 0x0098091a (int)    : min=2800 max=6500 step=1 default=4600 value=4600 flags=inactive
[12/17/25 22:17:11] crowsnest:		sharpness 0x0098091b (int)    : min=0 max=6 step=1 default=3 value=3
[12/17/25 22:17:11] crowsnest:		backlight_compensation 0x0098091c (int)    : min=0 max=2 step=1 default=1 value=1
[12/17/25 22:17:11] crowsnest:		
[12/17/25 22:17:11] crowsnest:		Camera Controls
[12/17/25 22:17:11] crowsnest:		
[12/17/25 22:17:11] crowsnest:		auto_exposure 0x009a0901 (menu)   : min=0 max=3 default=3 value=3
[12/17/25 22:17:11] crowsnest:		1: Manual Mode
[12/17/25 22:17:11] crowsnest:		3: Aperture Priority Mode
[12/17/25 22:17:11] crowsnest:		exposure_time_absolute 0x009a0902 (int)    : min=1 max=5000 step=1 default=156 value=156 flags=inactive
[12/17/25 22:17:11] crowsnest:		exposure_dynamic_framerate 0x009a0903 (bool)   : default=0 value=1
[12/17/25 22:17:11] crowsnest: Try to start configured Cams / Services...
[12/17/25 22:17:16] crowsnest: INFO: Configuration of Section [cam 1] looks good. Continue ...
[12/17/25 22:17:18] crowsnest: V4L2 Control: No parameters set for [cam 1]. Skipped.
[12/17/25 22:17:22] crowsnest: Starting ustreamer with Device /dev/video0 ...
[12/17/25 22:17:23] crowsnest:  ... Done!
[12/17/25 22:17:10] crowsnest: crowsnest - A webcam Service for multiple Cams and Stream Services.
[12/17/25 22:17:10] crowsnest: Version: v4.1.12-1-g9623b5f
[12/17/25 22:17:10] crowsnest: Prepare Startup ...
[12/17/25 22:17:10] crowsnest: INFO: Host information:
[12/17/25 22:17:10] crowsnest: Host Info: Distribution: Debian GNU/Linux 11 (bullseye)
[12/17/25 22:17:10] crowsnest: Host Info: Kernel: Linux 5.16.17-sun50iw9 aarch64
[12/17/25 22:17:10] crowsnest: Host Info: Available CPU Cores: 4
[12/17/25 22:17:10] crowsnest: Host Info: Available Memory: 1010632 kB
[12/17/25 22:17:10] crowsnest: Host Info: Diskspace (avail. / total): 21G / 29G
[12/17/25 22:17:10] crowsnest: INFO: Checking Dependencies
[12/17/25 22:17:11] crowsnest: Dependency: 'crudini' found in /usr/bin/crudini.
[12/17/25 22:17:11] crowsnest: Dependency: 'find' found in /usr/bin/find.
[12/17/25 22:17:11] crowsnest: Dependency: 'xargs' found in /usr/bin/xargs.
[12/17/25 22:17:11] crowsnest: Dependency: 'ustreamer' found in bin/ustreamer/src/ustreamer.bin.
[12/17/25 22:17:11] crowsnest: Version Control: ustreamer is up to date. (v6.31)
[12/17/25 22:17:11] crowsnest: INFO: Print Configfile: '/home/biqu/printer_data/config/crowsnest.conf'
[12/17/25 22:17:11] crowsnest:		[crowsnest]
[12/17/25 22:17:11] crowsnest:		log_path: ~/printer_data/logs/crowsnest.log
[12/17/25 22:17:11] crowsnest:		log_level: verbose
[12/17/25 22:17:11] crowsnest:		delete_log: false
[12/17/25 22:17:11] crowsnest:		no_proxy: false
[12/17/25 22:17:11] crowsnest:		
[12/17/25 22:17:11] crowsnest:		[cam 1]
[12/17/25 22:17:11] crowsnest:		mode: ustreamer
[12/17/25 22:17:11] crowsnest:		
[12/17/25 22:17:11] crowsnest:		enable_rtsp: false
[12/17/25 22:17:11] crowsnest:		rtsp_port: 8554
[12/17/25 22:17:11] crowsnest:		port: 8080
[12/17/25 22:17:11] crowsnest:		device: /dev/video0
[12/17/25 22:17:11] crowsnest:		resolution: 1280x720
[12/17/25 22:17:11] crowsnest:		max_fps: 30
[12/17/25 22:17:11] crowsnest: INFO: Detect available Devices
[12/17/25 22:17:11] crowsnest: INFO: Found 1 total available Device(s)
[12/17/25 22:17:11] crowsnest: INFO: Found 1 available v4l2 (UVC) camera(s)
[12/17/25 22:17:11] crowsnest: /dev/v4l/by-id/usb-HHW_microelectronics_Co.__Ltd._MGS1-video-index0 -> /dev/video0
[12/17/25 22:17:11] crowsnest: Supported Formats:
[12/17/25 22:17:11] crowsnest:		[0]: 'MJPG' (Motion-JPEG, compressed)
[12/17/25 22:17:11] crowsnest:		Size: Discrete 1280x720
[12/17/25 22:17:11] crowsnest:		Interval: Discrete 0.033s (30.000 fps)
[12/17/25 22:17:11] crowsnest:		Interval: Discrete 0.040s (25.000 fps)
[12/17/25 22:17:11] crowsnest:		Interval: Discrete 0.050s (20.000 fps)
[12/17/25 22:17:11] crowsnest:		Interval: Discrete 0.067s (15.000 fps)
[12/17/25 22:17:11] crowsnest:		Interval: Discrete 0.100s (10.000 fps)
[12/17/25 22:17:11] crowsnest:		Interval: Discrete 0.200s (5.000 fps)
[12/17/25 22:17:11] crowsnest:		Size: Discrete 800x480
[12/17/25 22:17:11] crowsnest:		Interval: Discrete 0.033s (30.000 fps)
[12/17/25 22:17:11] crowsnest:		Interval: Discrete 0.040s (25.000 fps)
[12/17/25 22:17:11] crowsnest:		Interval: Discrete 0.050s (20.000 fps)
[12/17/25 22:17:11] crowsnest:		Interval: Discrete 0.067s (15.000 fps)
[12/17/25 22:17:11] crowsnest:		Interval: Discrete 0.100s (10.000 fps)
[12/17/25 22:17:11] crowsnest:		Interval: Discrete 0.200s (5.000 fps)
[12/17/25 22:17:11] crowsnest:		Size: Discrete 672x456
[12/17/25 22:17:11] crowsnest:		Interval: Discrete 0.033s (30.000 fps)
[12/17/25 22:17:11] crowsnest:		Interval: Discrete 0.040s (25.000 fps)
[12/17/25 22:17:11] crowsnest:		Interval: Discrete 0.050s (20.000 fps)
[12/17/25 22:17:11] crowsnest:		Interval: Discrete 0.067s (15.000 fps)
[12/17/25 22:17:11] crowsnest:		Interval: Discrete 0.100s (10.000 fps)
[12/17/25 22:17:11] crowsnest:		Interval: Discrete 0.200s (5.000 fps)
[12/17/25 22:17:11] crowsnest:		Size: Discrete 640x480
[12/17/25 22:17:11] crowsnest:		Interval: Discrete 0.033s (30.000 fps)
[12/17/25 22:17:11] crowsnest:		Interval: Discrete 0.040s (25.000 fps)
[12/17/25 22:17:11] crowsnest:		Interval: Discrete 0.050s (20.000 fps)
[12/17/25 22:17:11] crowsnest:		Interval: Discrete 0.067s (15.000 fps)
[12/17/25 22:17:11] crowsnest:		Interval: Discrete 0.100s (10.000 fps)
[12/17/25 22:17:11] crowsnest:		Interval: Discrete 0.200s (5.000 fps)
[12/17/25 22:17:11] crowsnest:		Size: Discrete 320x240
[12/17/25 22:17:11] crowsnest:		Interval: Discrete 0.033s (30.000 fps)
[12/17/25 22:17:11] crowsnest:		Interval: Discrete 0.040s (25.000 fps)
[12/17/25 22:17:11] crowsnest:		Interval: Discrete 0.050s (20.000 fps)
[12/17/25 22:17:11] crowsnest:		Interval: Discrete 0.067s (15.000 fps)
[12/17/25 22:17:11] crowsnest:		Interval: Discrete 0.100s (10.000 fps)
[12/17/25 22:17:11] crowsnest:		Interval: Discrete 0.200s (5.000 fps)
[12/17/25 22:17:11] crowsnest:		[1]: 'YUYV' (YUYV 4:2:2)
[12/17/25 22:17:11] crowsnest:		Size: Discrete 1280x720
[12/17/25 22:17:11] crowsnest:		Interval: Discrete 0.100s (10.000 fps)
[12/17/25 22:17:11] crowsnest:		Size: Discrete 800x480
[12/17/25 22:17:11] crowsnest:		Interval: Discrete 0.040s (25.000 fps)
[12/17/25 22:17:11] crowsnest:		Size: Discrete 672x456
[12/17/25 22:17:11] crowsnest:		Interval: Discrete 0.033s (30.000 fps)
[12/17/25 22:17:11] crowsnest:		Size: Discrete 640x480
[12/17/25 22:17:11] crowsnest:		Interval: Discrete 0.033s (30.000 fps)
[12/17/25 22:17:11] crowsnest:		Size: Discrete 320x240
[12/17/25 22:17:11] crowsnest:		Interval: Discrete 0.033s (30.000 fps)
[12/17/25 22:17:11] crowsnest: Supported Controls:
[12/17/25 22:17:11] crowsnest:		
[12/17/25 22:17:11] crowsnest:		User Controls
[12/17/25 22:17:11] crowsnest:		
[12/17/25 22:17:11] crowsnest:		brightness 0x00980900 (int)    : min=-64 max=64 step=1 default=0 value=0
[12/17/25 22:17:11] crowsnest:		contrast 0x00980901 (int)    : min=0 max=64 step=1 default=32 value=32
[12/17/25 22:17:11] crowsnest:		saturation 0x00980902 (int)    : min=0 max=128 step=1 default=64 value=64
[12/17/25 22:17:11] crowsnest:		hue 0x00980903 (int)    : min=-40 max=40 step=1 default=0 value=0
[12/17/25 22:17:11] crowsnest:		white_balance_automatic 0x0098090c (bool)   : default=1 value=1
[12/17/25 22:17:11] crowsnest:		gamma 0x00980910 (int)    : min=72 max=500 step=1 default=100 value=100
[12/17/25 22:17:11] crowsnest:		gain 0x00980913 (int)    : min=0 max=100 step=1 default=0 value=0
[12/17/25 22:17:11] crowsnest:		power_line_frequency 0x00980918 (menu)   : min=0 max=2 default=2 value=2
[12/17/25 22:17:11] crowsnest:		0: Disabled
[12/17/25 22:17:11] crowsnest:		1: 50 Hz
[12/17/25 22:17:11] crowsnest:		2: 60 Hz
[12/17/25 22:17:11] crowsnest:		white_balance_temperature 0x0098091a (int)    : min=2800 max=6500 step=1 default=4600 value=4600 flags=inactive
[12/17/25 22:17:11] crowsnest:		sharpness 0x0098091b (int)    : min=0 max=6 step=1 default=3 value=3
[12/17/25 22:17:11] crowsnest:		backlight_compensation 0x0098091c (int)    : min=0 max=2 step=1 default=1 value=1
[12/17/25 22:17:11] crowsnest:		
[12/17/25 22:17:11] crowsnest:		Camera Controls
[12/17/25 22:17:11] crowsnest:		
[12/17/25 22:17:11] crowsnest:		auto_exposure 0x009a0901 (menu)   : min=0 max=3 default=3 value=3
[12/17/25 22:17:11] crowsnest:		1: Manual Mode
[12/17/25 22:17:11] crowsnest:		3: Aperture Priority Mode
[12/17/25 22:17:11] crowsnest:		exposure_time_absolute 0x009a0902 (int)    : min=1 max=5000 step=1 default=156 value=156 flags=inactive
[12/17/25 22:17:11] crowsnest:		exposure_dynamic_framerate 0x009a0903 (bool)   : default=0 value=1
[12/17/25 22:17:12] crowsnest: Try to start configured Cams / Services...
[12/17/25 22:17:17] crowsnest: INFO: Configuration of Section [cam 1] looks good. Continue ...
[12/17/25 22:17:19] crowsnest: V4L2 Control: No parameters set for [cam 1]. Skipped.
[12/17/25 22:17:23] crowsnest: Starting ustreamer with Device /dev/video0 ...
[12/17/25 22:17:24] crowsnest:  ... Done!
[12/24/25 21:17:10] crowsnest: crowsnest - A webcam Service for multiple Cams and Stream Services.
[12/24/25 21:17:10] crowsnest: Version: v4.1.12-1-g9623b5f
[12/24/25 21:17:10] crowsnest: Prepare Startup ...
[12/24/25 21:17:10] crowsnest: INFO: Host information:
[12/24/25 21:17:10] crowsnest: Host Info: Distribution: Debian GNU/Linux 11 (bullseye)
[12/24/25 21:17:10] crowsnest: Host Info: Kernel: Linux 5.16.17-sun50iw9 aarch64
[12/24/25 21:17:10] crowsnest: Host Info: Available CPU Cores: 4
[12/24/25 21:17:10] crowsnest: Host Info: Available Memory: 1010632 kB
[12/24/25 21:17:10] crowsnest: Host Info: Diskspace (avail. / total): 21G / 29G
[12/24/25 21:17:10] crowsnest: INFO: Checking Dependencies
[12/24/25 21:17:11] crowsnest: Dependency: 'crudini' found in /usr/bin/crudini.
[12/24/25 21:17:11] crowsnest: Dependency: 'find' found in /usr/bin/find.
[12/24/25 21:17:11] crowsnest: Dependency: 'xargs' found in /usr/bin/xargs.
[12/24/25 21:17:11] crowsnest: Dependency: 'ustreamer' found in bin/ustreamer/src/ustreamer.bin.
[12/24/25 21:17:11] crowsnest: Version Control: ustreamer is up to date. (v6.31)
[12/24/25 21:17:11] crowsnest: INFO: Print Configfile: '/home/biqu/printer_data/config/crowsnest.conf'
[12/24/25 21:17:11] crowsnest:		[crowsnest]
[12/24/25 21:17:11] crowsnest:		log_path: ~/printer_data/logs/crowsnest.log
[12/24/25 21:17:11] crowsnest:		log_level: verbose
[12/24/25 21:17:11] crowsnest:		delete_log: false
[12/24/25 21:17:11] crowsnest:		no_proxy: false
[12/24/25 21:17:11] crowsnest:		
[12/24/25 21:17:11] crowsnest:		[cam 1]
[12/24/25 21:17:11] crowsnest:		mode: ustreamer
[12/24/25 21:17:11] crowsnest:		
[12/24/25 21:17:11] crowsnest:		enable_rtsp: false
[12/24/25 21:17:11] crowsnest:		rtsp_port: 8554
[12/24/25 21:17:11] crowsnest:		port: 8080
[12/24/25 21:17:11] crowsnest:		device: /dev/video0
[12/24/25 21:17:11] crowsnest:		resolution: 1280x720
[12/24/25 21:17:11] crowsnest:		max_fps: 30
[12/24/25 21:17:11] crowsnest: INFO: Detect available Devices
[12/24/25 21:17:11] crowsnest: INFO: Found 1 total available Device(s)
[12/24/25 21:17:11] crowsnest: INFO: Found 1 available v4l2 (UVC) camera(s)
[12/24/25 21:17:11] crowsnest: /dev/v4l/by-id/usb-HHW_microelectronics_Co.__Ltd._MGS1-video-index0 -> /dev/video0
[12/24/25 21:17:11] crowsnest: Supported Formats:
[12/24/25 21:17:11] crowsnest:		[0]: 'MJPG' (Motion-JPEG, compressed)
[12/24/25 21:17:11] crowsnest:		Size: Discrete 1280x720
[12/24/25 21:17:11] crowsnest:		Interval: Discrete 0.033s (30.000 fps)
[12/24/25 21:17:11] crowsnest:		Interval: Discrete 0.040s (25.000 fps)
[12/24/25 21:17:11] crowsnest:		Interval: Discrete 0.050s (20.000 fps)
[12/24/25 21:17:11] crowsnest:		Interval: Discrete 0.067s (15.000 fps)
[12/24/25 21:17:11] crowsnest:		Interval: Discrete 0.100s (10.000 fps)
[12/24/25 21:17:11] crowsnest:		Interval: Discrete 0.200s (5.000 fps)
[12/24/25 21:17:11] crowsnest:		Size: Discrete 800x480
[12/24/25 21:17:11] crowsnest:		Interval: Discrete 0.033s (30.000 fps)
[12/24/25 21:17:11] crowsnest:		Interval: Discrete 0.040s (25.000 fps)
[12/24/25 21:17:11] crowsnest:		Interval: Discrete 0.050s (20.000 fps)
[12/24/25 21:17:11] crowsnest:		Interval: Discrete 0.067s (15.000 fps)
[12/24/25 21:17:11] crowsnest:		Interval: Discrete 0.100s (10.000 fps)
[12/24/25 21:17:11] crowsnest:		Interval: Discrete 0.200s (5.000 fps)
[12/24/25 21:17:11] crowsnest:		Size: Discrete 672x456
[12/24/25 21:17:11] crowsnest:		Interval: Discrete 0.033s (30.000 fps)
[12/24/25 21:17:11] crowsnest:		Interval: Discrete 0.040s (25.000 fps)
[12/24/25 21:17:11] crowsnest:		Interval: Discrete 0.050s (20.000 fps)
[12/24/25 21:17:11] crowsnest:		Interval: Discrete 0.067s (15.000 fps)
[12/24/25 21:17:11] crowsnest:		Interval: Discrete 0.100s (10.000 fps)
[12/24/25 21:17:11] crowsnest:		Interval: Discrete 0.200s (5.000 fps)
[12/24/25 21:17:11] crowsnest:		Size: Discrete 640x480
[12/24/25 21:17:11] crowsnest:		Interval: Discrete 0.033s (30.000 fps)
[12/24/25 21:17:11] crowsnest:		Interval: Discrete 0.040s (25.000 fps)
[12/24/25 21:17:11] crowsnest:		Interval: Discrete 0.050s (20.000 fps)
[12/24/25 21:17:11] crowsnest:		Interval: Discrete 0.067s (15.000 fps)
[12/24/25 21:17:11] crowsnest:		Interval: Discrete 0.100s (10.000 fps)
[12/24/25 21:17:11] crowsnest:		Interval: Discrete 0.200s (5.000 fps)
[12/24/25 21:17:11] crowsnest:		Size: Discrete 320x240
[12/24/25 21:17:11] crowsnest:		Interval: Discrete 0.033s (30.000 fps)
[12/24/25 21:17:11] crowsnest:		Interval: Discrete 0.040s (25.000 fps)
[12/24/25 21:17:11] crowsnest:		Interval: Discrete 0.050s (20.000 fps)
[12/24/25 21:17:11] crowsnest:		Interval: Discrete 0.067s (15.000 fps)
[12/24/25 21:17:11] crowsnest:		Interval: Discrete 0.100s (10.000 fps)
[12/24/25 21:17:11] crowsnest:		Interval: Discrete 0.200s (5.000 fps)
[12/24/25 21:17:11] crowsnest:		[1]: 'YUYV' (YUYV 4:2:2)
[12/24/25 21:17:11] crowsnest:		Size: Discrete 1280x720
[12/24/25 21:17:11] crowsnest:		Interval: Discrete 0.100s (10.000 fps)
[12/24/25 21:17:11] crowsnest:		Size: Discrete 800x480
[12/24/25 21:17:11] crowsnest:		Interval: Discrete 0.040s (25.000 fps)
[12/24/25 21:17:11] crowsnest:		Size: Discrete 672x456
[12/24/25 21:17:11] crowsnest:		Interval: Discrete 0.033s (30.000 fps)
[12/24/25 21:17:11] crowsnest:		Size: Discrete 640x480
[12/24/25 21:17:11] crowsnest:		Interval: Discrete 0.033s (30.000 fps)
[12/24/25 21:17:11] crowsnest:		Size: Discrete 320x240
[12/24/25 21:17:11] crowsnest:		Interval: Discrete 0.033s (30.000 fps)
[12/24/25 21:17:11] crowsnest: Supported Controls:
[12/24/25 21:17:11] crowsnest:		
[12/24/25 21:17:11] crowsnest:		User Controls
[12/24/25 21:17:11] crowsnest:		
[12/24/25 21:17:11] crowsnest:		brightness 0x00980900 (int)    : min=-64 max=64 step=1 default=0 value=0
[12/24/25 21:17:11] crowsnest:		contrast 0x00980901 (int)    : min=0 max=64 step=1 default=32 value=32
[12/24/25 21:17:11] crowsnest:		saturation 0x00980902 (int)    : min=0 max=128 step=1 default=64 value=64
[12/24/25 21:17:11] crowsnest:		hue 0x00980903 (int)    : min=-40 max=40 step=1 default=0 value=0
[12/24/25 21:17:11] crowsnest:		white_balance_automatic 0x0098090c (bool)   : default=1 value=1
[12/24/25 21:17:11] crowsnest:		gamma 0x00980910 (int)    : min=72 max=500 step=1 default=100 value=100
[12/24/25 21:17:11] crowsnest:		gain 0x00980913 (int)    : min=0 max=100 step=1 default=0 value=0
[12/24/25 21:17:11] crowsnest:		power_line_frequency 0x00980918 (menu)   : min=0 max=2 default=2 value=2
[12/24/25 21:17:11] crowsnest:		0: Disabled
[12/24/25 21:17:11] crowsnest:		1: 50 Hz
[12/24/25 21:17:11] crowsnest:		2: 60 Hz
[12/24/25 21:17:11] crowsnest:		white_balance_temperature 0x0098091a (int)    : min=2800 max=6500 step=1 default=4600 value=4600 flags=inactive
[12/24/25 21:17:11] crowsnest:		sharpness 0x0098091b (int)    : min=0 max=6 step=1 default=3 value=3
[12/24/25 21:17:11] crowsnest:		backlight_compensation 0x0098091c (int)    : min=0 max=2 step=1 default=1 value=1
[12/24/25 21:17:11] crowsnest:		
[12/24/25 21:17:11] crowsnest:		Camera Controls
[12/24/25 21:17:11] crowsnest:		
[12/24/25 21:17:11] crowsnest:		auto_exposure 0x009a0901 (menu)   : min=0 max=3 default=3 value=3
[12/24/25 21:17:11] crowsnest:		1: Manual Mode
[12/24/25 21:17:11] crowsnest:		3: Aperture Priority Mode
[12/24/25 21:17:11] crowsnest:		exposure_time_absolute 0x009a0902 (int)    : min=1 max=5000 step=1 default=156 value=156 flags=inactive
[12/24/25 21:17:11] crowsnest:		exposure_dynamic_framerate 0x009a0903 (bool)   : default=0 value=1
[12/24/25 21:17:12] crowsnest: Try to start configured Cams / Services...
[12/24/25 21:17:16] crowsnest: INFO: Configuration of Section [cam 1] looks good. Continue ...
[12/24/25 21:17:18] crowsnest: V4L2 Control: No parameters set for [cam 1]. Skipped.
[12/24/25 21:17:22] crowsnest: Starting ustreamer with Device /dev/video0 ...
[12/24/25 21:17:23] crowsnest:  ... Done!
[12/24/25 21:17:10] crowsnest: crowsnest - A webcam Service for multiple Cams and Stream Services.
[12/24/25 21:17:10] crowsnest: Version: v4.1.12-1-g9623b5f
[12/24/25 21:17:10] crowsnest: Prepare Startup ...
[12/24/25 21:17:11] crowsnest: INFO: Host information:
[12/24/25 21:17:11] crowsnest: Host Info: Distribution: Debian GNU/Linux 11 (bullseye)
[12/24/25 21:17:11] crowsnest: Host Info: Kernel: Linux 5.16.17-sun50iw9 aarch64
[12/24/25 21:17:11] crowsnest: Host Info: Available CPU Cores: 4
[12/24/25 21:17:11] crowsnest: Host Info: Available Memory: 1010632 kB
[12/24/25 21:17:11] crowsnest: Host Info: Diskspace (avail. / total): 21G / 29G
[12/24/25 21:17:11] crowsnest: INFO: Checking Dependencies
[12/24/25 21:17:11] crowsnest: Dependency: 'crudini' found in /usr/bin/crudini.
[12/24/25 21:17:11] crowsnest: Dependency: 'find' found in /usr/bin/find.
[12/24/25 21:17:11] crowsnest: Dependency: 'xargs' found in /usr/bin/xargs.
[12/24/25 21:17:11] crowsnest: Dependency: 'ustreamer' found in bin/ustreamer/src/ustreamer.bin.
[12/24/25 21:17:11] crowsnest: Version Control: ustreamer is up to date. (v6.31)
[12/24/25 21:17:12] crowsnest: INFO: Print Configfile: '/home/biqu/printer_data/config/crowsnest.conf'
[12/24/25 21:17:11] crowsnest:		[crowsnest]
[12/24/25 21:17:11] crowsnest:		log_path: ~/printer_data/logs/crowsnest.log
[12/24/25 21:17:11] crowsnest:		log_level: verbose
[12/24/25 21:17:11] crowsnest:		delete_log: false
[12/24/25 21:17:11] crowsnest:		no_proxy: false
[12/24/25 21:17:11] crowsnest:		
[12/24/25 21:17:11] crowsnest:		[cam 1]
[12/24/25 21:17:11] crowsnest:		mode: ustreamer
[12/24/25 21:17:11] crowsnest:		
[12/24/25 21:17:11] crowsnest:		enable_rtsp: false
[12/24/25 21:17:11] crowsnest:		rtsp_port: 8554
[12/24/25 21:17:11] crowsnest:		port: 8080
[12/24/25 21:17:11] crowsnest:		device: /dev/video0
[12/24/25 21:17:11] crowsnest:		resolution: 1280x720
[12/24/25 21:17:11] crowsnest:		max_fps: 30
[12/24/25 21:17:12] crowsnest: INFO: Detect available Devices
[12/24/25 21:17:12] crowsnest: INFO: Found 1 total available Device(s)
[12/24/25 21:17:12] crowsnest: INFO: Found 1 available v4l2 (UVC) camera(s)
[12/24/25 21:17:12] crowsnest: /dev/v4l/by-id/usb-HHW_microelectronics_Co.__Ltd._MGS1-video-index0 -> /dev/video0
[12/24/25 21:17:12] crowsnest: Supported Formats:
[12/24/25 21:17:12] crowsnest:		[0]: 'MJPG' (Motion-JPEG, compressed)
[12/24/25 21:17:12] crowsnest:		Size: Discrete 1280x720
[12/24/25 21:17:12] crowsnest:		Interval: Discrete 0.033s (30.000 fps)
[12/24/25 21:17:12] crowsnest:		Interval: Discrete 0.040s (25.000 fps)
[12/24/25 21:17:12] crowsnest:		Interval: Discrete 0.050s (20.000 fps)
[12/24/25 21:17:12] crowsnest:		Interval: Discrete 0.067s (15.000 fps)
[12/24/25 21:17:12] crowsnest:		Interval: Discrete 0.100s (10.000 fps)
[12/24/25 21:17:12] crowsnest:		Interval: Discrete 0.200s (5.000 fps)
[12/24/25 21:17:12] crowsnest:		Size: Discrete 800x480
[12/24/25 21:17:12] crowsnest:		Interval: Discrete 0.033s (30.000 fps)
[12/24/25 21:17:12] crowsnest:		Interval: Discrete 0.040s (25.000 fps)
[12/24/25 21:17:12] crowsnest:		Interval: Discrete 0.050s (20.000 fps)
[12/24/25 21:17:12] crowsnest:		Interval: Discrete 0.067s (15.000 fps)
[12/24/25 21:17:12] crowsnest:		Interval: Discrete 0.100s (10.000 fps)
[12/24/25 21:17:12] crowsnest:		Interval: Discrete 0.200s (5.000 fps)
[12/24/25 21:17:12] crowsnest:		Size: Discrete 672x456
[12/24/25 21:17:12] crowsnest:		Interval: Discrete 0.033s (30.000 fps)
[12/24/25 21:17:12] crowsnest:		Interval: Discrete 0.040s (25.000 fps)
[12/24/25 21:17:12] crowsnest:		Interval: Discrete 0.050s (20.000 fps)
[12/24/25 21:17:12] crowsnest:		Interval: Discrete 0.067s (15.000 fps)
[12/24/25 21:17:12] crowsnest:		Interval: Discrete 0.100s (10.000 fps)
[12/24/25 21:17:12] crowsnest:		Interval: Discrete 0.200s (5.000 fps)
[12/24/25 21:17:12] crowsnest:		Size: Discrete 640x480
[12/24/25 21:17:12] crowsnest:		Interval: Discrete 0.033s (30.000 fps)
[12/24/25 21:17:12] crowsnest:		Interval: Discrete 0.040s (25.000 fps)
[12/24/25 21:17:12] crowsnest:		Interval: Discrete 0.050s (20.000 fps)
[12/24/25 21:17:12] crowsnest:		Interval: Discrete 0.067s (15.000 fps)
[12/24/25 21:17:12] crowsnest:		Interval: Discrete 0.100s (10.000 fps)
[12/24/25 21:17:12] crowsnest:		Interval: Discrete 0.200s (5.000 fps)
[12/24/25 21:17:12] crowsnest:		Size: Discrete 320x240
[12/24/25 21:17:12] crowsnest:		Interval: Discrete 0.033s (30.000 fps)
[12/24/25 21:17:12] crowsnest:		Interval: Discrete 0.040s (25.000 fps)
[12/24/25 21:17:12] crowsnest:		Interval: Discrete 0.050s (20.000 fps)
[12/24/25 21:17:12] crowsnest:		Interval: Discrete 0.067s (15.000 fps)
[12/24/25 21:17:12] crowsnest:		Interval: Discrete 0.100s (10.000 fps)
[12/24/25 21:17:12] crowsnest:		Interval: Discrete 0.200s (5.000 fps)
[12/24/25 21:17:12] crowsnest:		[1]: 'YUYV' (YUYV 4:2:2)
[12/24/25 21:17:12] crowsnest:		Size: Discrete 1280x720
[12/24/25 21:17:12] crowsnest:		Interval: Discrete 0.100s (10.000 fps)
[12/24/25 21:17:12] crowsnest:		Size: Discrete 800x480
[12/24/25 21:17:12] crowsnest:		Interval: Discrete 0.040s (25.000 fps)
[12/24/25 21:17:12] crowsnest:		Size: Discrete 672x456
[12/24/25 21:17:12] crowsnest:		Interval: Discrete 0.033s (30.000 fps)
[12/24/25 21:17:12] crowsnest:		Size: Discrete 640x480
[12/24/25 21:17:12] crowsnest:		Interval: Discrete 0.033s (30.000 fps)
[12/24/25 21:17:12] crowsnest:		Size: Discrete 320x240
[12/24/25 21:17:12] crowsnest:		Interval: Discrete 0.033s (30.000 fps)
[12/24/25 21:17:12] crowsnest: Supported Controls:
[12/24/25 21:17:12] crowsnest:		
[12/24/25 21:17:12] crowsnest:		User Controls
[12/24/25 21:17:12] crowsnest:		
[12/24/25 21:17:12] crowsnest:		brightness 0x00980900 (int)    : min=-64 max=64 step=1 default=0 value=0
[12/24/25 21:17:12] crowsnest:		contrast 0x00980901 (int)    : min=0 max=64 step=1 default=32 value=32
[12/24/25 21:17:12] crowsnest:		saturation 0x00980902 (int)    : min=0 max=128 step=1 default=64 value=64
[12/24/25 21:17:12] crowsnest:		hue 0x00980903 (int)    : min=-40 max=40 step=1 default=0 value=0
[12/24/25 21:17:12] crowsnest:		white_balance_automatic 0x0098090c (bool)   : default=1 value=1
[12/24/25 21:17:12] crowsnest:		gamma 0x00980910 (int)    : min=72 max=500 step=1 default=100 value=100
[12/24/25 21:17:12] crowsnest:		gain 0x00980913 (int)    : min=0 max=100 step=1 default=0 value=0
[12/24/25 21:17:12] crowsnest:		power_line_frequency 0x00980918 (menu)   : min=0 max=2 default=2 value=2
[12/24/25 21:17:12] crowsnest:		0: Disabled
[12/24/25 21:17:12] crowsnest:		1: 50 Hz
[12/24/25 21:17:12] crowsnest:		2: 60 Hz
[12/24/25 21:17:12] crowsnest:		white_balance_temperature 0x0098091a (int)    : min=2800 max=6500 step=1 default=4600 value=4600 flags=inactive
[12/24/25 21:17:12] crowsnest:		sharpness 0x0098091b (int)    : min=0 max=6 step=1 default=3 value=3
[12/24/25 21:17:12] crowsnest:		backlight_compensation 0x0098091c (int)    : min=0 max=2 step=1 default=1 value=1
[12/24/25 21:17:12] crowsnest:		
[12/24/25 21:17:12] crowsnest:		Camera Controls
[12/24/25 21:17:12] crowsnest:		
[12/24/25 21:17:12] crowsnest:		auto_exposure 0x009a0901 (menu)   : min=0 max=3 default=3 value=3
[12/24/25 21:17:12] crowsnest:		1: Manual Mode
[12/24/25 21:17:12] crowsnest:		3: Aperture Priority Mode
[12/24/25 21:17:12] crowsnest:		exposure_time_absolute 0x009a0902 (int)    : min=1 max=5000 step=1 default=156 value=156 flags=inactive
[12/24/25 21:17:12] crowsnest:		exposure_dynamic_framerate 0x009a0903 (bool)   : default=0 value=1
[12/24/25 21:17:12] crowsnest: Try to start configured Cams / Services...
[12/24/25 21:17:17] crowsnest: INFO: Configuration of Section [cam 1] looks good. Continue ...
[12/24/25 21:17:19] crowsnest: V4L2 Control: No parameters set for [cam 1]. Skipped.
[12/24/25 21:17:23] crowsnest: Starting ustreamer with Device /dev/video0 ...
[12/24/25 21:17:25] crowsnest:  ... Done!
[12/24/25 21:17:10] crowsnest: crowsnest - A webcam Service for multiple Cams and Stream Services.
[12/24/25 21:17:10] crowsnest: Version: v4.1.12-1-g9623b5f
[12/24/25 21:17:10] crowsnest: Prepare Startup ...
[12/24/25 21:17:10] crowsnest: INFO: Host information:
[12/24/25 21:17:10] crowsnest: Host Info: Distribution: Debian GNU/Linux 11 (bullseye)
[12/24/25 21:17:10] crowsnest: Host Info: Kernel: Linux 5.16.17-sun50iw9 aarch64
[12/24/25 21:17:10] crowsnest: Host Info: Available CPU Cores: 4
[12/24/25 21:17:10] crowsnest: Host Info: Available Memory: 1010632 kB
[12/24/25 21:17:10] crowsnest: Host Info: Diskspace (avail. / total): 21G / 29G
[12/24/25 21:17:11] crowsnest: INFO: Checking Dependencies
[12/24/25 21:17:11] crowsnest: Dependency: 'crudini' found in /usr/bin/crudini.
[12/24/25 21:17:11] crowsnest: Dependency: 'find' found in /usr/bin/find.
[12/24/25 21:17:11] crowsnest: Dependency: 'xargs' found in /usr/bin/xargs.
[12/24/25 21:17:11] crowsnest: Dependency: 'ustreamer' found in bin/ustreamer/src/ustreamer.bin.
[12/24/25 21:17:11] crowsnest: Version Control: ustreamer is up to date. (v6.31)
[12/24/25 21:17:11] crowsnest: INFO: Print Configfile: '/home/biqu/printer_data/config/crowsnest.conf'
[12/24/25 21:17:11] crowsnest:		[crowsnest]
[12/24/25 21:17:11] crowsnest:		log_path: ~/printer_data/logs/crowsnest.log
[12/24/25 21:17:11] crowsnest:		log_level: verbose
[12/24/25 21:17:11] crowsnest:		delete_log: false
[12/24/25 21:17:11] crowsnest:		no_proxy: false
[12/24/25 21:17:11] crowsnest:		
[12/24/25 21:17:11] crowsnest:		[cam 1]
[12/24/25 21:17:11] crowsnest:		mode: ustreamer
[12/24/25 21:17:11] crowsnest:		
[12/24/25 21:17:11] crowsnest:		enable_rtsp: false
[12/24/25 21:17:11] crowsnest:		rtsp_port: 8554
[12/24/25 21:17:11] crowsnest:		port: 8080
[12/24/25 21:17:11] crowsnest:		device: /dev/video0
[12/24/25 21:17:11] crowsnest:		resolution: 1280x720
[12/24/25 21:17:11] crowsnest:		max_fps: 30
[12/24/25 21:17:11] crowsnest: INFO: Detect available Devices
[12/24/25 21:17:11] crowsnest: INFO: Found 1 total available Device(s)
[12/24/25 21:17:11] crowsnest: INFO: Found 1 available v4l2 (UVC) camera(s)
[12/24/25 21:17:11] crowsnest: /dev/v4l/by-id/usb-HHW_microelectronics_Co.__Ltd._MGS1-video-index0 -> /dev/video0
[12/24/25 21:17:11] crowsnest: Supported Formats:
[12/24/25 21:17:11] crowsnest:		[0]: 'MJPG' (Motion-JPEG, compressed)
[12/24/25 21:17:11] crowsnest:		Size: Discrete 1280x720
[12/24/25 21:17:11] crowsnest:		Interval: Discrete 0.033s (30.000 fps)
[12/24/25 21:17:11] crowsnest:		Interval: Discrete 0.040s (25.000 fps)
[12/24/25 21:17:11] crowsnest:		Interval: Discrete 0.050s (20.000 fps)
[12/24/25 21:17:11] crowsnest:		Interval: Discrete 0.067s (15.000 fps)
[12/24/25 21:17:11] crowsnest:		Interval: Discrete 0.100s (10.000 fps)
[12/24/25 21:17:11] crowsnest:		Interval: Discrete 0.200s (5.000 fps)
[12/24/25 21:17:11] crowsnest:		Size: Discrete 800x480
[12/24/25 21:17:11] crowsnest:		Interval: Discrete 0.033s (30.000 fps)
[12/24/25 21:17:11] crowsnest:		Interval: Discrete 0.040s (25.000 fps)
[12/24/25 21:17:11] crowsnest:		Interval: Discrete 0.050s (20.000 fps)
[12/24/25 21:17:11] crowsnest:		Interval: Discrete 0.067s (15.000 fps)
[12/24/25 21:17:11] crowsnest:		Interval: Discrete 0.100s (10.000 fps)
[12/24/25 21:17:11] crowsnest:		Interval: Discrete 0.200s (5.000 fps)
[12/24/25 21:17:11] crowsnest:		Size: Discrete 672x456
[12/24/25 21:17:11] crowsnest:		Interval: Discrete 0.033s (30.000 fps)
[12/24/25 21:17:11] crowsnest:		Interval: Discrete 0.040s (25.000 fps)
[12/24/25 21:17:11] crowsnest:		Interval: Discrete 0.050s (20.000 fps)
[12/24/25 21:17:11] crowsnest:		Interval: Discrete 0.067s (15.000 fps)
[12/24/25 21:17:11] crowsnest:		Interval: Discrete 0.100s (10.000 fps)
[12/24/25 21:17:11] crowsnest:		Interval: Discrete 0.200s (5.000 fps)
[12/24/25 21:17:11] crowsnest:		Size: Discrete 640x480
[12/24/25 21:17:11] crowsnest:		Interval: Discrete 0.033s (30.000 fps)
[12/24/25 21:17:11] crowsnest:		Interval: Discrete 0.040s (25.000 fps)
[12/24/25 21:17:11] crowsnest:		Interval: Discrete 0.050s (20.000 fps)
[12/24/25 21:17:11] crowsnest:		Interval: Discrete 0.067s (15.000 fps)
[12/24/25 21:17:11] crowsnest:		Interval: Discrete 0.100s (10.000 fps)
[12/24/25 21:17:11] crowsnest:		Interval: Discrete 0.200s (5.000 fps)
[12/24/25 21:17:11] crowsnest:		Size: Discrete 320x240
[12/24/25 21:17:11] crowsnest:		Interval: Discrete 0.033s (30.000 fps)
[12/24/25 21:17:11] crowsnest:		Interval: Discrete 0.040s (25.000 fps)
[12/24/25 21:17:11] crowsnest:		Interval: Discrete 0.050s (20.000 fps)
[12/24/25 21:17:11] crowsnest:		Interval: Discrete 0.067s (15.000 fps)
[12/24/25 21:17:11] crowsnest:		Interval: Discrete 0.100s (10.000 fps)
[12/24/25 21:17:11] crowsnest:		Interval: Discrete 0.200s (5.000 fps)
[12/24/25 21:17:11] crowsnest:		[1]: 'YUYV' (YUYV 4:2:2)
[12/24/25 21:17:11] crowsnest:		Size: Discrete 1280x720
[12/24/25 21:17:11] crowsnest:		Interval: Discrete 0.100s (10.000 fps)
[12/24/25 21:17:11] crowsnest:		Size: Discrete 800x480
[12/24/25 21:17:11] crowsnest:		Interval: Discrete 0.040s (25.000 fps)
[12/24/25 21:17:11] crowsnest:		Size: Discrete 672x456
[12/24/25 21:17:11] crowsnest:		Interval: Discrete 0.033s (30.000 fps)
[12/24/25 21:17:11] crowsnest:		Size: Discrete 640x480
[12/24/25 21:17:11] crowsnest:		Interval: Discrete 0.033s (30.000 fps)
[12/24/25 21:17:11] crowsnest:		Size: Discrete 320x240
[12/24/25 21:17:11] crowsnest:		Interval: Discrete 0.033s (30.000 fps)
[12/24/25 21:17:12] crowsnest: Supported Controls:
[12/24/25 21:17:12] crowsnest:		
[12/24/25 21:17:12] crowsnest:		User Controls
[12/24/25 21:17:12] crowsnest:		
[12/24/25 21:17:12] crowsnest:		brightness 0x00980900 (int)    : min=-64 max=64 step=1 default=0 value=0
[12/24/25 21:17:12] crowsnest:		contrast 0x00980901 (int)    : min=0 max=64 step=1 default=32 value=32
[12/24/25 21:17:12] crowsnest:		saturation 0x00980902 (int)    : min=0 max=128 step=1 default=64 value=64
[12/24/25 21:17:12] crowsnest:		hue 0x00980903 (int)    : min=-40 max=40 step=1 default=0 value=0
[12/24/25 21:17:12] crowsnest:		white_balance_automatic 0x0098090c (bool)   : default=1 value=1
[12/24/25 21:17:12] crowsnest:		gamma 0x00980910 (int)    : min=72 max=500 step=1 default=100 value=100
[12/24/25 21:17:12] crowsnest:		gain 0x00980913 (int)    : min=0 max=100 step=1 default=0 value=0
[12/24/25 21:17:12] crowsnest:		power_line_frequency 0x00980918 (menu)   : min=0 max=2 default=2 value=2
[12/24/25 21:17:12] crowsnest:		0: Disabled
[12/24/25 21:17:12] crowsnest:		1: 50 Hz
[12/24/25 21:17:12] crowsnest:		2: 60 Hz
[12/24/25 21:17:12] crowsnest:		white_balance_temperature 0x0098091a (int)    : min=2800 max=6500 step=1 default=4600 value=4600 flags=inactive
[12/24/25 21:17:12] crowsnest:		sharpness 0x0098091b (int)    : min=0 max=6 step=1 default=3 value=3
[12/24/25 21:17:12] crowsnest:		backlight_compensation 0x0098091c (int)    : min=0 max=2 step=1 default=1 value=1
[12/24/25 21:17:12] crowsnest:		
[12/24/25 21:17:12] crowsnest:		Camera Controls
[12/24/25 21:17:12] crowsnest:		
[12/24/25 21:17:12] crowsnest:		auto_exposure 0x009a0901 (menu)   : min=0 max=3 default=3 value=3
[12/24/25 21:17:12] crowsnest:		1: Manual Mode
[12/24/25 21:17:12] crowsnest:		3: Aperture Priority Mode
[12/24/25 21:17:12] crowsnest:		exposure_time_absolute 0x009a0902 (int)    : min=1 max=5000 step=1 default=156 value=156 flags=inactive
[12/24/25 21:17:12] crowsnest:		exposure_dynamic_framerate 0x009a0903 (bool)   : default=0 value=1
[12/24/25 21:17:12] crowsnest: Try to start configured Cams / Services...
[12/24/25 21:17:17] crowsnest: INFO: Configuration of Section [cam 1] looks good. Continue ...
[12/24/25 21:17:19] crowsnest: V4L2 Control: No parameters set for [cam 1]. Skipped.
[12/24/25 21:17:23] crowsnest: Starting ustreamer with Device /dev/video0 ...
[12/24/25 21:17:24] crowsnest:  ... Done!
[12/24/25 21:17:10] crowsnest: crowsnest - A webcam Service for multiple Cams and Stream Services.
[12/24/25 21:17:10] crowsnest: Version: v4.1.12-1-g9623b5f
[12/24/25 21:17:10] crowsnest: Prepare Startup ...
[12/24/25 21:17:10] crowsnest: INFO: Host information:
[12/24/25 21:17:11] crowsnest: Host Info: Distribution: Debian GNU/Linux 11 (bullseye)
[12/24/25 21:17:11] crowsnest: Host Info: Kernel: Linux 5.16.17-sun50iw9 aarch64
[12/24/25 21:17:11] crowsnest: Host Info: Available CPU Cores: 4
[12/24/25 21:17:11] crowsnest: Host Info: Available Memory: 1010632 kB
[12/24/25 21:17:11] crowsnest: Host Info: Diskspace (avail. / total): 21G / 29G
[12/24/25 21:17:11] crowsnest: INFO: Checking Dependencies
[12/24/25 21:17:11] crowsnest: Dependency: 'crudini' found in /usr/bin/crudini.
[12/24/25 21:17:11] crowsnest: Dependency: 'find' found in /usr/bin/find.
[12/24/25 21:17:11] crowsnest: Dependency: 'xargs' found in /usr/bin/xargs.
[12/24/25 21:17:11] crowsnest: Dependency: 'ustreamer' found in bin/ustreamer/src/ustreamer.bin.
[12/24/25 21:17:11] crowsnest: Version Control: ustreamer is up to date. (v6.31)
[12/24/25 21:17:11] crowsnest: INFO: Print Configfile: '/home/biqu/printer_data/config/crowsnest.conf'
[12/24/25 21:17:11] crowsnest:		[crowsnest]
[12/24/25 21:17:11] crowsnest:		log_path: ~/printer_data/logs/crowsnest.log
[12/24/25 21:17:11] crowsnest:		log_level: verbose
[12/24/25 21:17:11] crowsnest:		delete_log: false
[12/24/25 21:17:11] crowsnest:		no_proxy: false
[12/24/25 21:17:11] crowsnest:		
[12/24/25 21:17:11] crowsnest:		[cam 1]
[12/24/25 21:17:11] crowsnest:		mode: ustreamer
[12/24/25 21:17:11] crowsnest:		
[12/24/25 21:17:11] crowsnest:		enable_rtsp: false
[12/24/25 21:17:11] crowsnest:		rtsp_port: 8554
[12/24/25 21:17:11] crowsnest:		port: 8080
[12/24/25 21:17:11] crowsnest:		device: /dev/video0
[12/24/25 21:17:11] crowsnest:		resolution: 1280x720
[12/24/25 21:17:11] crowsnest:		max_fps: 30
[12/24/25 21:17:11] crowsnest: INFO: Detect available Devices
[12/24/25 21:17:11] crowsnest: INFO: Found 1 total available Device(s)
[12/24/25 21:17:11] crowsnest: INFO: Found 1 available v4l2 (UVC) camera(s)
[12/24/25 21:17:11] crowsnest: /dev/v4l/by-id/usb-HHW_microelectronics_Co.__Ltd._MGS1-video-index0 -> /dev/video0
[12/24/25 21:17:11] crowsnest: Supported Formats:
[12/24/25 21:17:11] crowsnest:		[0]: 'MJPG' (Motion-JPEG, compressed)
[12/24/25 21:17:11] crowsnest:		Size: Discrete 1280x720
[12/24/25 21:17:11] crowsnest:		Interval: Discrete 0.033s (30.000 fps)
[12/24/25 21:17:11] crowsnest:		Interval: Discrete 0.040s (25.000 fps)
[12/24/25 21:17:11] crowsnest:		Interval: Discrete 0.050s (20.000 fps)
[12/24/25 21:17:11] crowsnest:		Interval: Discrete 0.067s (15.000 fps)
[12/24/25 21:17:11] crowsnest:		Interval: Discrete 0.100s (10.000 fps)
[12/24/25 21:17:11] crowsnest:		Interval: Discrete 0.200s (5.000 fps)
[12/24/25 21:17:11] crowsnest:		Size: Discrete 800x480
[12/24/25 21:17:11] crowsnest:		Interval: Discrete 0.033s (30.000 fps)
[12/24/25 21:17:11] crowsnest:		Interval: Discrete 0.040s (25.000 fps)
[12/24/25 21:17:11] crowsnest:		Interval: Discrete 0.050s (20.000 fps)
[12/24/25 21:17:11] crowsnest:		Interval: Discrete 0.067s (15.000 fps)
[12/24/25 21:17:11] crowsnest:		Interval: Discrete 0.100s (10.000 fps)
[12/24/25 21:17:11] crowsnest:		Interval: Discrete 0.200s (5.000 fps)
[12/24/25 21:17:11] crowsnest:		Size: Discrete 672x456
[12/24/25 21:17:11] crowsnest:		Interval: Discrete 0.033s (30.000 fps)
[12/24/25 21:17:11] crowsnest:		Interval: Discrete 0.040s (25.000 fps)
[12/24/25 21:17:11] crowsnest:		Interval: Discrete 0.050s (20.000 fps)
[12/24/25 21:17:11] crowsnest:		Interval: Discrete 0.067s (15.000 fps)
[12/24/25 21:17:11] crowsnest:		Interval: Discrete 0.100s (10.000 fps)
[12/24/25 21:17:11] crowsnest:		Interval: Discrete 0.200s (5.000 fps)
[12/24/25 21:17:11] crowsnest:		Size: Discrete 640x480
[12/24/25 21:17:11] crowsnest:		Interval: Discrete 0.033s (30.000 fps)
[12/24/25 21:17:11] crowsnest:		Interval: Discrete 0.040s (25.000 fps)
[12/24/25 21:17:11] crowsnest:		Interval: Discrete 0.050s (20.000 fps)
[12/24/25 21:17:11] crowsnest:		Interval: Discrete 0.067s (15.000 fps)
[12/24/25 21:17:11] crowsnest:		Interval: Discrete 0.100s (10.000 fps)
[12/24/25 21:17:11] crowsnest:		Interval: Discrete 0.200s (5.000 fps)
[12/24/25 21:17:11] crowsnest:		Size: Discrete 320x240
[12/24/25 21:17:11] crowsnest:		Interval: Discrete 0.033s (30.000 fps)
[12/24/25 21:17:11] crowsnest:		Interval: Discrete 0.040s (25.000 fps)
[12/24/25 21:17:11] crowsnest:		Interval: Discrete 0.050s (20.000 fps)
[12/24/25 21:17:11] crowsnest:		Interval: Discrete 0.067s (15.000 fps)
[12/24/25 21:17:11] crowsnest:		Interval: Discrete 0.100s (10.000 fps)
[12/24/25 21:17:11] crowsnest:		Interval: Discrete 0.200s (5.000 fps)
[12/24/25 21:17:11] crowsnest:		[1]: 'YUYV' (YUYV 4:2:2)
[12/24/25 21:17:11] crowsnest:		Size: Discrete 1280x720
[12/24/25 21:17:11] crowsnest:		Interval: Discrete 0.100s (10.000 fps)
[12/24/25 21:17:11] crowsnest:		Size: Discrete 800x480
[12/24/25 21:17:11] crowsnest:		Interval: Discrete 0.040s (25.000 fps)
[12/24/25 21:17:11] crowsnest:		Size: Discrete 672x456
[12/24/25 21:17:11] crowsnest:		Interval: Discrete 0.033s (30.000 fps)
[12/24/25 21:17:11] crowsnest:		Size: Discrete 640x480
[12/24/25 21:17:11] crowsnest:		Interval: Discrete 0.033s (30.000 fps)
[12/24/25 21:17:11] crowsnest:		Size: Discrete 320x240
[12/24/25 21:17:11] crowsnest:		Interval: Discrete 0.033s (30.000 fps)
[12/24/25 21:17:12] crowsnest: Supported Controls:
[12/24/25 21:17:12] crowsnest:		
[12/24/25 21:17:12] crowsnest:		User Controls
[12/24/25 21:17:12] crowsnest:		
[12/24/25 21:17:12] crowsnest:		brightness 0x00980900 (int)    : min=-64 max=64 step=1 default=0 value=0
[12/24/25 21:17:12] crowsnest:		contrast 0x00980901 (int)    : min=0 max=64 step=1 default=32 value=32
[12/24/25 21:17:12] crowsnest:		saturation 0x00980902 (int)    : min=0 max=128 step=1 default=64 value=64
[12/24/25 21:17:12] crowsnest:		hue 0x00980903 (int)    : min=-40 max=40 step=1 default=0 value=0
[12/24/25 21:17:12] crowsnest:		white_balance_automatic 0x0098090c (bool)   : default=1 value=1
[12/24/25 21:17:12] crowsnest:		gamma 0x00980910 (int)    : min=72 max=500 step=1 default=100 value=100
[12/24/25 21:17:12] crowsnest:		gain 0x00980913 (int)    : min=0 max=100 step=1 default=0 value=0
[12/24/25 21:17:12] crowsnest:		power_line_frequency 0x00980918 (menu)   : min=0 max=2 default=2 value=2
[12/24/25 21:17:12] crowsnest:		0: Disabled
[12/24/25 21:17:12] crowsnest:		1: 50 Hz
[12/24/25 21:17:12] crowsnest:		2: 60 Hz
[12/24/25 21:17:12] crowsnest:		white_balance_temperature 0x0098091a (int)    : min=2800 max=6500 step=1 default=4600 value=4600 flags=inactive
[12/24/25 21:17:12] crowsnest:		sharpness 0x0098091b (int)    : min=0 max=6 step=1 default=3 value=3
[12/24/25 21:17:12] crowsnest:		backlight_compensation 0x0098091c (int)    : min=0 max=2 step=1 default=1 value=1
[12/24/25 21:17:12] crowsnest:		
[12/24/25 21:17:12] crowsnest:		Camera Controls
[12/24/25 21:17:12] crowsnest:		
[12/24/25 21:17:12] crowsnest:		auto_exposure 0x009a0901 (menu)   : min=0 max=3 default=3 value=3
[12/24/25 21:17:12] crowsnest:		1: Manual Mode
[12/24/25 21:17:12] crowsnest:		3: Aperture Priority Mode
[12/24/25 21:17:12] crowsnest:		exposure_time_absolute 0x009a0902 (int)    : min=1 max=5000 step=1 default=156 value=156 flags=inactive
[12/24/25 21:17:12] crowsnest:		exposure_dynamic_framerate 0x009a0903 (bool)   : default=0 value=1
[12/24/25 21:17:12] crowsnest: Try to start configured Cams / Services...
[12/24/25 21:17:17] crowsnest: INFO: Configuration of Section [cam 1] looks good. Continue ...
[12/24/25 21:17:19] crowsnest: V4L2 Control: No parameters set for [cam 1]. Skipped.
[12/24/25 21:17:23] crowsnest: Starting ustreamer with Device /dev/video0 ...
[12/24/25 21:17:24] crowsnest:  ... Done!
[12/24/25 21:17:10] crowsnest: crowsnest - A webcam Service for multiple Cams and Stream Services.
[12/24/25 21:17:10] crowsnest: Version: v4.1.12-1-g9623b5f
[12/24/25 21:17:10] crowsnest: Prepare Startup ...
[12/24/25 21:17:10] crowsnest: INFO: Host information:
[12/24/25 21:17:10] crowsnest: Host Info: Distribution: Debian GNU/Linux 11 (bullseye)
[12/24/25 21:17:10] crowsnest: Host Info: Kernel: Linux 5.16.17-sun50iw9 aarch64
[12/24/25 21:17:10] crowsnest: Host Info: Available CPU Cores: 4
[12/24/25 21:17:10] crowsnest: Host Info: Available Memory: 1010632 kB
[12/24/25 21:17:10] crowsnest: Host Info: Diskspace (avail. / total): 21G / 29G
[12/24/25 21:17:10] crowsnest: INFO: Checking Dependencies
[12/24/25 21:17:11] crowsnest: Dependency: 'crudini' found in /usr/bin/crudini.
[12/24/25 21:17:11] crowsnest: Dependency: 'find' found in /usr/bin/find.
[12/24/25 21:17:11] crowsnest: Dependency: 'xargs' found in /usr/bin/xargs.
[12/24/25 21:17:11] crowsnest: Dependency: 'ustreamer' found in bin/ustreamer/src/ustreamer.bin.
[12/24/25 21:17:11] crowsnest: Version Control: ustreamer is up to date. (v6.31)
[12/24/25 21:17:11] crowsnest: INFO: Print Configfile: '/home/biqu/printer_data/config/crowsnest.conf'
[12/24/25 21:17:11] crowsnest:		[crowsnest]
[12/24/25 21:17:11] crowsnest:		log_path: ~/printer_data/logs/crowsnest.log
[12/24/25 21:17:11] crowsnest:		log_level: verbose
[12/24/25 21:17:11] crowsnest:		delete_log: false
[12/24/25 21:17:11] crowsnest:		no_proxy: false
[12/24/25 21:17:11] crowsnest:		
[12/24/25 21:17:11] crowsnest:		[cam 1]
[12/24/25 21:17:11] crowsnest:		mode: ustreamer
[12/24/25 21:17:11] crowsnest:		
[12/24/25 21:17:11] crowsnest:		enable_rtsp: false
[12/24/25 21:17:11] crowsnest:		rtsp_port: 8554
[12/24/25 21:17:11] crowsnest:		port: 8080
[12/24/25 21:17:11] crowsnest:		device: /dev/video0
[12/24/25 21:17:11] crowsnest:		resolution: 1280x720
[12/24/25 21:17:11] crowsnest:		max_fps: 30
[12/24/25 21:17:11] crowsnest: INFO: Detect available Devices
[12/24/25 21:17:11] crowsnest: INFO: Found 1 total available Device(s)
[12/24/25 21:17:11] crowsnest: INFO: Found 1 available v4l2 (UVC) camera(s)
[12/24/25 21:17:11] crowsnest: /dev/v4l/by-id/usb-HHW_microelectronics_Co.__Ltd._MGS1-video-index0 -> /dev/video0
[12/24/25 21:17:11] crowsnest: Supported Formats:
[12/24/25 21:17:11] crowsnest:		[0]: 'MJPG' (Motion-JPEG, compressed)
[12/24/25 21:17:11] crowsnest:		Size: Discrete 1280x720
[12/24/25 21:17:11] crowsnest:		Interval: Discrete 0.033s (30.000 fps)
[12/24/25 21:17:11] crowsnest:		Interval: Discrete 0.040s (25.000 fps)
[12/24/25 21:17:11] crowsnest:		Interval: Discrete 0.050s (20.000 fps)
[12/24/25 21:17:11] crowsnest:		Interval: Discrete 0.067s (15.000 fps)
[12/24/25 21:17:11] crowsnest:		Interval: Discrete 0.100s (10.000 fps)
[12/24/25 21:17:11] crowsnest:		Interval: Discrete 0.200s (5.000 fps)
[12/24/25 21:17:11] crowsnest:		Size: Discrete 800x480
[12/24/25 21:17:11] crowsnest:		Interval: Discrete 0.033s (30.000 fps)
[12/24/25 21:17:11] crowsnest:		Interval: Discrete 0.040s (25.000 fps)
[12/24/25 21:17:11] crowsnest:		Interval: Discrete 0.050s (20.000 fps)
[12/24/25 21:17:11] crowsnest:		Interval: Discrete 0.067s (15.000 fps)
[12/24/25 21:17:11] crowsnest:		Interval: Discrete 0.100s (10.000 fps)
[12/24/25 21:17:11] crowsnest:		Interval: Discrete 0.200s (5.000 fps)
[12/24/25 21:17:11] crowsnest:		Size: Discrete 672x456
[12/24/25 21:17:11] crowsnest:		Interval: Discrete 0.033s (30.000 fps)
[12/24/25 21:17:11] crowsnest:		Interval: Discrete 0.040s (25.000 fps)
[12/24/25 21:17:11] crowsnest:		Interval: Discrete 0.050s (20.000 fps)
[12/24/25 21:17:11] crowsnest:		Interval: Discrete 0.067s (15.000 fps)
[12/24/25 21:17:11] crowsnest:		Interval: Discrete 0.100s (10.000 fps)
[12/24/25 21:17:11] crowsnest:		Interval: Discrete 0.200s (5.000 fps)
[12/24/25 21:17:11] crowsnest:		Size: Discrete 640x480
[12/24/25 21:17:11] crowsnest:		Interval: Discrete 0.033s (30.000 fps)
[12/24/25 21:17:11] crowsnest:		Interval: Discrete 0.040s (25.000 fps)
[12/24/25 21:17:11] crowsnest:		Interval: Discrete 0.050s (20.000 fps)
[12/24/25 21:17:11] crowsnest:		Interval: Discrete 0.067s (15.000 fps)
[12/24/25 21:17:11] crowsnest:		Interval: Discrete 0.100s (10.000 fps)
[12/24/25 21:17:11] crowsnest:		Interval: Discrete 0.200s (5.000 fps)
[12/24/25 21:17:11] crowsnest:		Size: Discrete 320x240
[12/24/25 21:17:11] crowsnest:		Interval: Discrete 0.033s (30.000 fps)
[12/24/25 21:17:11] crowsnest:		Interval: Discrete 0.040s (25.000 fps)
[12/24/25 21:17:11] crowsnest:		Interval: Discrete 0.050s (20.000 fps)
[12/24/25 21:17:11] crowsnest:		Interval: Discrete 0.067s (15.000 fps)
[12/24/25 21:17:11] crowsnest:		Interval: Discrete 0.100s (10.000 fps)
[12/24/25 21:17:11] crowsnest:		Interval: Discrete 0.200s (5.000 fps)
[12/24/25 21:17:11] crowsnest:		[1]: 'YUYV' (YUYV 4:2:2)
[12/24/25 21:17:11] crowsnest:		Size: Discrete 1280x720
[12/24/25 21:17:11] crowsnest:		Interval: Discrete 0.100s (10.000 fps)
[12/24/25 21:17:11] crowsnest:		Size: Discrete 800x480
[12/24/25 21:17:11] crowsnest:		Interval: Discrete 0.040s (25.000 fps)
[12/24/25 21:17:11] crowsnest:		Size: Discrete 672x456
[12/24/25 21:17:11] crowsnest:		Interval: Discrete 0.033s (30.000 fps)
[12/24/25 21:17:11] crowsnest:		Size: Discrete 640x480
[12/24/25 21:17:11] crowsnest:		Interval: Discrete 0.033s (30.000 fps)
[12/24/25 21:17:11] crowsnest:		Size: Discrete 320x240
[12/24/25 21:17:11] crowsnest:		Interval: Discrete 0.033s (30.000 fps)
[12/24/25 21:17:11] crowsnest: Supported Controls:
[12/24/25 21:17:11] crowsnest:		
[12/24/25 21:17:11] crowsnest:		User Controls
[12/24/25 21:17:11] crowsnest:		
[12/24/25 21:17:11] crowsnest:		brightness 0x00980900 (int)    : min=-64 max=64 step=1 default=0 value=0
[12/24/25 21:17:11] crowsnest:		contrast 0x00980901 (int)    : min=0 max=64 step=1 default=32 value=32
[12/24/25 21:17:11] crowsnest:		saturation 0x00980902 (int)    : min=0 max=128 step=1 default=64 value=64
[12/24/25 21:17:11] crowsnest:		hue 0x00980903 (int)    : min=-40 max=40 step=1 default=0 value=0
[12/24/25 21:17:11] crowsnest:		white_balance_automatic 0x0098090c (bool)   : default=1 value=1
[12/24/25 21:17:11] crowsnest:		gamma 0x00980910 (int)    : min=72 max=500 step=1 default=100 value=100
[12/24/25 21:17:11] crowsnest:		gain 0x00980913 (int)    : min=0 max=100 step=1 default=0 value=0
[12/24/25 21:17:11] crowsnest:		power_line_frequency 0x00980918 (menu)   : min=0 max=2 default=2 value=2
[12/24/25 21:17:11] crowsnest:		0: Disabled
[12/24/25 21:17:11] crowsnest:		1: 50 Hz
[12/24/25 21:17:11] crowsnest:		2: 60 Hz
[12/24/25 21:17:11] crowsnest:		white_balance_temperature 0x0098091a (int)    : min=2800 max=6500 step=1 default=4600 value=4600 flags=inactive
[12/24/25 21:17:11] crowsnest:		sharpness 0x0098091b (int)    : min=0 max=6 step=1 default=3 value=3
[12/24/25 21:17:11] crowsnest:		backlight_compensation 0x0098091c (int)    : min=0 max=2 step=1 default=1 value=1
[12/24/25 21:17:11] crowsnest:		
[12/24/25 21:17:11] crowsnest:		Camera Controls
[12/24/25 21:17:11] crowsnest:		
[12/24/25 21:17:11] crowsnest:		auto_exposure 0x009a0901 (menu)   : min=0 max=3 default=3 value=3
[12/24/25 21:17:11] crowsnest:		1: Manual Mode
[12/24/25 21:17:11] crowsnest:		3: Aperture Priority Mode
[12/24/25 21:17:11] crowsnest:		exposure_time_absolute 0x009a0902 (int)    : min=1 max=5000 step=1 default=156 value=156 flags=inactive
[12/24/25 21:17:11] crowsnest:		exposure_dynamic_framerate 0x009a0903 (bool)   : default=0 value=1
[12/24/25 21:17:11] crowsnest: Try to start configured Cams / Services...
[12/24/25 21:17:16] crowsnest: INFO: Configuration of Section [cam 1] looks good. Continue ...
[12/24/25 21:17:18] crowsnest: V4L2 Control: No parameters set for [cam 1]. Skipped.
[12/24/25 21:17:22] crowsnest: Starting ustreamer with Device /dev/video0 ...
[12/24/25 21:17:23] crowsnest:  ... Done!
[01/01/26 23:17:10] crowsnest: crowsnest - A webcam Service for multiple Cams and Stream Services.
[01/01/26 23:17:10] crowsnest: Version: v4.1.12-1-g9623b5f
[01/01/26 23:17:10] crowsnest: Prepare Startup ...
[01/01/26 23:17:10] crowsnest: INFO: Host information:
[01/01/26 23:17:10] crowsnest: Host Info: Distribution: Debian GNU/Linux 11 (bullseye)
[01/01/26 23:17:10] crowsnest: Host Info: Kernel: Linux 5.16.17-sun50iw9 aarch64
[01/01/26 23:17:10] crowsnest: Host Info: Available CPU Cores: 4
[01/01/26 23:17:10] crowsnest: Host Info: Available Memory: 1010632 kB
[01/01/26 23:17:10] crowsnest: Host Info: Diskspace (avail. / total): 21G / 29G
[01/01/26 23:17:10] crowsnest: INFO: Checking Dependencies
[01/01/26 23:17:11] crowsnest: Dependency: 'crudini' found in /usr/bin/crudini.
[01/01/26 23:17:11] crowsnest: Dependency: 'find' found in /usr/bin/find.
[01/01/26 23:17:11] crowsnest: Dependency: 'xargs' found in /usr/bin/xargs.
[01/01/26 23:17:11] crowsnest: Dependency: 'ustreamer' found in bin/ustreamer/src/ustreamer.bin.
[01/01/26 23:17:11] crowsnest: Version Control: ustreamer is up to date. (v6.31)
[01/01/26 23:17:11] crowsnest: INFO: Print Configfile: '/home/biqu/printer_data/config/crowsnest.conf'
[01/01/26 23:17:11] crowsnest:		[crowsnest]
[01/01/26 23:17:11] crowsnest:		log_path: ~/printer_data/logs/crowsnest.log
[01/01/26 23:17:11] crowsnest:		log_level: verbose
[01/01/26 23:17:11] crowsnest:		delete_log: false
[01/01/26 23:17:11] crowsnest:		no_proxy: false
[01/01/26 23:17:11] crowsnest:		
[01/01/26 23:17:11] crowsnest:		[cam 1]
[01/01/26 23:17:11] crowsnest:		mode: ustreamer
[01/01/26 23:17:11] crowsnest:		
[01/01/26 23:17:11] crowsnest:		enable_rtsp: false
[01/01/26 23:17:11] crowsnest:		rtsp_port: 8554
[01/01/26 23:17:11] crowsnest:		port: 8080
[01/01/26 23:17:11] crowsnest:		device: /dev/video0
[01/01/26 23:17:11] crowsnest:		resolution: 1280x720
[01/01/26 23:17:11] crowsnest:		max_fps: 30
[01/01/26 23:17:11] crowsnest: INFO: Detect available Devices
[01/01/26 23:17:11] crowsnest: INFO: Found 1 total available Device(s)
[01/01/26 23:17:11] crowsnest: INFO: Found 1 available v4l2 (UVC) camera(s)
[01/01/26 23:17:11] crowsnest: /dev/v4l/by-id/usb-HHW_microelectronics_Co.__Ltd._MGS1-video-index0 -> /dev/video0
[01/01/26 23:17:11] crowsnest: Supported Formats:
[01/01/26 23:17:11] crowsnest:		[0]: 'MJPG' (Motion-JPEG, compressed)
[01/01/26 23:17:11] crowsnest:		Size: Discrete 1280x720
[01/01/26 23:17:11] crowsnest:		Interval: Discrete 0.033s (30.000 fps)
[01/01/26 23:17:11] crowsnest:		Interval: Discrete 0.040s (25.000 fps)
[01/01/26 23:17:11] crowsnest:		Interval: Discrete 0.050s (20.000 fps)
[01/01/26 23:17:11] crowsnest:		Interval: Discrete 0.067s (15.000 fps)
[01/01/26 23:17:11] crowsnest:		Interval: Discrete 0.100s (10.000 fps)
[01/01/26 23:17:11] crowsnest:		Interval: Discrete 0.200s (5.000 fps)
[01/01/26 23:17:11] crowsnest:		Size: Discrete 800x480
[01/01/26 23:17:11] crowsnest:		Interval: Discrete 0.033s (30.000 fps)
[01/01/26 23:17:11] crowsnest:		Interval: Discrete 0.040s (25.000 fps)
[01/01/26 23:17:11] crowsnest:		Interval: Discrete 0.050s (20.000 fps)
[01/01/26 23:17:11] crowsnest:		Interval: Discrete 0.067s (15.000 fps)
[01/01/26 23:17:11] crowsnest:		Interval: Discrete 0.100s (10.000 fps)
[01/01/26 23:17:11] crowsnest:		Interval: Discrete 0.200s (5.000 fps)
[01/01/26 23:17:11] crowsnest:		Size: Discrete 672x456
[01/01/26 23:17:11] crowsnest:		Interval: Discrete 0.033s (30.000 fps)
[01/01/26 23:17:11] crowsnest:		Interval: Discrete 0.040s (25.000 fps)
[01/01/26 23:17:11] crowsnest:		Interval: Discrete 0.050s (20.000 fps)
[01/01/26 23:17:11] crowsnest:		Interval: Discrete 0.067s (15.000 fps)
[01/01/26 23:17:11] crowsnest:		Interval: Discrete 0.100s (10.000 fps)
[01/01/26 23:17:11] crowsnest:		Interval: Discrete 0.200s (5.000 fps)
[01/01/26 23:17:11] crowsnest:		Size: Discrete 640x480
[01/01/26 23:17:11] crowsnest:		Interval: Discrete 0.033s (30.000 fps)
[01/01/26 23:17:11] crowsnest:		Interval: Discrete 0.040s (25.000 fps)
[01/01/26 23:17:11] crowsnest:		Interval: Discrete 0.050s (20.000 fps)
[01/01/26 23:17:11] crowsnest:		Interval: Discrete 0.067s (15.000 fps)
[01/01/26 23:17:11] crowsnest:		Interval: Discrete 0.100s (10.000 fps)
[01/01/26 23:17:11] crowsnest:		Interval: Discrete 0.200s (5.000 fps)
[01/01/26 23:17:11] crowsnest:		Size: Discrete 320x240
[01/01/26 23:17:11] crowsnest:		Interval: Discrete 0.033s (30.000 fps)
[01/01/26 23:17:11] crowsnest:		Interval: Discrete 0.040s (25.000 fps)
[01/01/26 23:17:11] crowsnest:		Interval: Discrete 0.050s (20.000 fps)
[01/01/26 23:17:11] crowsnest:		Interval: Discrete 0.067s (15.000 fps)
[01/01/26 23:17:11] crowsnest:		Interval: Discrete 0.100s (10.000 fps)
[01/01/26 23:17:11] crowsnest:		Interval: Discrete 0.200s (5.000 fps)
[01/01/26 23:17:11] crowsnest:		[1]: 'YUYV' (YUYV 4:2:2)
[01/01/26 23:17:11] crowsnest:		Size: Discrete 1280x720
[01/01/26 23:17:11] crowsnest:		Interval: Discrete 0.100s (10.000 fps)
[01/01/26 23:17:11] crowsnest:		Size: Discrete 800x480
[01/01/26 23:17:11] crowsnest:		Interval: Discrete 0.040s (25.000 fps)
[01/01/26 23:17:11] crowsnest:		Size: Discrete 672x456
[01/01/26 23:17:11] crowsnest:		Interval: Discrete 0.033s (30.000 fps)
[01/01/26 23:17:11] crowsnest:		Size: Discrete 640x480
[01/01/26 23:17:11] crowsnest:		Interval: Discrete 0.033s (30.000 fps)
[01/01/26 23:17:11] crowsnest:		Size: Discrete 320x240
[01/01/26 23:17:11] crowsnest:		Interval: Discrete 0.033s (30.000 fps)
[01/01/26 23:17:11] crowsnest: Supported Controls:
[01/01/26 23:17:11] crowsnest:		
[01/01/26 23:17:11] crowsnest:		User Controls
[01/01/26 23:17:11] crowsnest:		
[01/01/26 23:17:11] crowsnest:		brightness 0x00980900 (int)    : min=-64 max=64 step=1 default=0 value=0
[01/01/26 23:17:11] crowsnest:		contrast 0x00980901 (int)    : min=0 max=64 step=1 default=32 value=32
[01/01/26 23:17:11] crowsnest:		saturation 0x00980902 (int)    : min=0 max=128 step=1 default=64 value=64
[01/01/26 23:17:11] crowsnest:		hue 0x00980903 (int)    : min=-40 max=40 step=1 default=0 value=0
[01/01/26 23:17:11] crowsnest:		white_balance_automatic 0x0098090c (bool)   : default=1 value=1
[01/01/26 23:17:11] crowsnest:		gamma 0x00980910 (int)    : min=72 max=500 step=1 default=100 value=100
[01/01/26 23:17:11] crowsnest:		gain 0x00980913 (int)    : min=0 max=100 step=1 default=0 value=0
[01/01/26 23:17:11] crowsnest:		power_line_frequency 0x00980918 (menu)   : min=0 max=2 default=2 value=2
[01/01/26 23:17:11] crowsnest:		0: Disabled
[01/01/26 23:17:11] crowsnest:		1: 50 Hz
[01/01/26 23:17:11] crowsnest:		2: 60 Hz
[01/01/26 23:17:11] crowsnest:		white_balance_temperature 0x0098091a (int)    : min=2800 max=6500 step=1 default=4600 value=4600 flags=inactive
[01/01/26 23:17:11] crowsnest:		sharpness 0x0098091b (int)    : min=0 max=6 step=1 default=3 value=3
[01/01/26 23:17:11] crowsnest:		backlight_compensation 0x0098091c (int)    : min=0 max=2 step=1 default=1 value=1
[01/01/26 23:17:11] crowsnest:		
[01/01/26 23:17:11] crowsnest:		Camera Controls
[01/01/26 23:17:11] crowsnest:		
[01/01/26 23:17:11] crowsnest:		auto_exposure 0x009a0901 (menu)   : min=0 max=3 default=3 value=3
[01/01/26 23:17:11] crowsnest:		1: Manual Mode
[01/01/26 23:17:11] crowsnest:		3: Aperture Priority Mode
[01/01/26 23:17:11] crowsnest:		exposure_time_absolute 0x009a0902 (int)    : min=1 max=5000 step=1 default=156 value=156 flags=inactive
[01/01/26 23:17:11] crowsnest:		exposure_dynamic_framerate 0x009a0903 (bool)   : default=0 value=1
[01/01/26 23:17:11] crowsnest: Try to start configured Cams / Services...
[01/01/26 23:17:17] crowsnest: INFO: Configuration of Section [cam 1] looks good. Continue ...
[01/01/26 23:17:19] crowsnest: V4L2 Control: No parameters set for [cam 1]. Skipped.
[01/01/26 23:17:23] crowsnest: Starting ustreamer with Device /dev/video0 ...
[01/01/26 23:17:24] crowsnest:  ... Done!
[01/01/26 23:17:10] crowsnest: crowsnest - A webcam Service for multiple Cams and Stream Services.
[01/01/26 23:17:10] crowsnest: Version: v4.1.12-1-g9623b5f
[01/01/26 23:17:10] crowsnest: Prepare Startup ...
[01/01/26 23:17:11] crowsnest: INFO: Host information:
[01/01/26 23:17:11] crowsnest: Host Info: Distribution: Debian GNU/Linux 11 (bullseye)
[01/01/26 23:17:11] crowsnest: Host Info: Kernel: Linux 5.16.17-sun50iw9 aarch64
[01/01/26 23:17:11] crowsnest: Host Info: Available CPU Cores: 4
[01/01/26 23:17:11] crowsnest: Host Info: Available Memory: 1010632 kB
[01/01/26 23:17:11] crowsnest: Host Info: Diskspace (avail. / total): 21G / 29G
[01/01/26 23:17:11] crowsnest: INFO: Checking Dependencies
[01/01/26 23:17:11] crowsnest: Dependency: 'crudini' found in /usr/bin/crudini.
[01/01/26 23:17:11] crowsnest: Dependency: 'find' found in /usr/bin/find.
[01/01/26 23:17:11] crowsnest: Dependency: 'xargs' found in /usr/bin/xargs.
[01/01/26 23:17:11] crowsnest: Dependency: 'ustreamer' found in bin/ustreamer/src/ustreamer.bin.
[01/01/26 23:17:11] crowsnest: Version Control: ustreamer is up to date. (v6.31)
[01/01/26 23:17:11] crowsnest: INFO: Print Configfile: '/home/biqu/printer_data/config/crowsnest.conf'
[01/01/26 23:17:11] crowsnest:		[crowsnest]
[01/01/26 23:17:11] crowsnest:		log_path: ~/printer_data/logs/crowsnest.log
[01/01/26 23:17:11] crowsnest:		log_level: verbose
[01/01/26 23:17:11] crowsnest:		delete_log: false
[01/01/26 23:17:11] crowsnest:		no_proxy: false
[01/01/26 23:17:11] crowsnest:		
[01/01/26 23:17:11] crowsnest:		[cam 1]
[01/01/26 23:17:11] crowsnest:		mode: ustreamer
[01/01/26 23:17:11] crowsnest:		
[01/01/26 23:17:11] crowsnest:		enable_rtsp: false
[01/01/26 23:17:11] crowsnest:		rtsp_port: 8554
[01/01/26 23:17:11] crowsnest:		port: 8080
[01/01/26 23:17:11] crowsnest:		device: /dev/video0
[01/01/26 23:17:11] crowsnest:		resolution: 1280x720
[01/01/26 23:17:11] crowsnest:		max_fps: 30
[01/01/26 23:17:11] crowsnest: INFO: Detect available Devices
[01/01/26 23:17:11] crowsnest: INFO: Found 1 total available Device(s)
[01/01/26 23:17:11] crowsnest: INFO: Found 1 available v4l2 (UVC) camera(s)
[01/01/26 23:17:11] crowsnest: /dev/v4l/by-id/usb-HHW_microelectronics_Co.__Ltd._MGS1-video-index0 -> /dev/video0
[01/01/26 23:17:11] crowsnest: Supported Formats:
[01/01/26 23:17:11] crowsnest:		[0]: 'MJPG' (Motion-JPEG, compressed)
[01/01/26 23:17:11] crowsnest:		Size: Discrete 1280x720
[01/01/26 23:17:11] crowsnest:		Interval: Discrete 0.033s (30.000 fps)
[01/01/26 23:17:11] crowsnest:		Interval: Discrete 0.040s (25.000 fps)
[01/01/26 23:17:11] crowsnest:		Interval: Discrete 0.050s (20.000 fps)
[01/01/26 23:17:11] crowsnest:		Interval: Discrete 0.067s (15.000 fps)
[01/01/26 23:17:11] crowsnest:		Interval: Discrete 0.100s (10.000 fps)
[01/01/26 23:17:11] crowsnest:		Interval: Discrete 0.200s (5.000 fps)
[01/01/26 23:17:11] crowsnest:		Size: Discrete 800x480
[01/01/26 23:17:11] crowsnest:		Interval: Discrete 0.033s (30.000 fps)
[01/01/26 23:17:11] crowsnest:		Interval: Discrete 0.040s (25.000 fps)
[01/01/26 23:17:11] crowsnest:		Interval: Discrete 0.050s (20.000 fps)
[01/01/26 23:17:11] crowsnest:		Interval: Discrete 0.067s (15.000 fps)
[01/01/26 23:17:11] crowsnest:		Interval: Discrete 0.100s (10.000 fps)
[01/01/26 23:17:11] crowsnest:		Interval: Discrete 0.200s (5.000 fps)
[01/01/26 23:17:11] crowsnest:		Size: Discrete 672x456
[01/01/26 23:17:11] crowsnest:		Interval: Discrete 0.033s (30.000 fps)
[01/01/26 23:17:11] crowsnest:		Interval: Discrete 0.040s (25.000 fps)
[01/01/26 23:17:11] crowsnest:		Interval: Discrete 0.050s (20.000 fps)
[01/01/26 23:17:11] crowsnest:		Interval: Discrete 0.067s (15.000 fps)
[01/01/26 23:17:11] crowsnest:		Interval: Discrete 0.100s (10.000 fps)
[01/01/26 23:17:11] crowsnest:		Interval: Discrete 0.200s (5.000 fps)
[01/01/26 23:17:11] crowsnest:		Size: Discrete 640x480
[01/01/26 23:17:11] crowsnest:		Interval: Discrete 0.033s (30.000 fps)
[01/01/26 23:17:11] crowsnest:		Interval: Discrete 0.040s (25.000 fps)
[01/01/26 23:17:11] crowsnest:		Interval: Discrete 0.050s (20.000 fps)
[01/01/26 23:17:11] crowsnest:		Interval: Discrete 0.067s (15.000 fps)
[01/01/26 23:17:11] crowsnest:		Interval: Discrete 0.100s (10.000 fps)
[01/01/26 23:17:11] crowsnest:		Interval: Discrete 0.200s (5.000 fps)
[01/01/26 23:17:11] crowsnest:		Size: Discrete 320x240
[01/01/26 23:17:11] crowsnest:		Interval: Discrete 0.033s (30.000 fps)
[01/01/26 23:17:11] crowsnest:		Interval: Discrete 0.040s (25.000 fps)
[01/01/26 23:17:11] crowsnest:		Interval: Discrete 0.050s (20.000 fps)
[01/01/26 23:17:11] crowsnest:		Interval: Discrete 0.067s (15.000 fps)
[01/01/26 23:17:11] crowsnest:		Interval: Discrete 0.100s (10.000 fps)
[01/01/26 23:17:11] crowsnest:		Interval: Discrete 0.200s (5.000 fps)
[01/01/26 23:17:11] crowsnest:		[1]: 'YUYV' (YUYV 4:2:2)
[01/01/26 23:17:11] crowsnest:		Size: Discrete 1280x720
[01/01/26 23:17:11] crowsnest:		Interval: Discrete 0.100s (10.000 fps)
[01/01/26 23:17:11] crowsnest:		Size: Discrete 800x480
[01/01/26 23:17:11] crowsnest:		Interval: Discrete 0.040s (25.000 fps)
[01/01/26 23:17:11] crowsnest:		Size: Discrete 672x456
[01/01/26 23:17:11] crowsnest:		Interval: Discrete 0.033s (30.000 fps)
[01/01/26 23:17:11] crowsnest:		Size: Discrete 640x480
[01/01/26 23:17:11] crowsnest:		Interval: Discrete 0.033s (30.000 fps)
[01/01/26 23:17:11] crowsnest:		Size: Discrete 320x240
[01/01/26 23:17:11] crowsnest:		Interval: Discrete 0.033s (30.000 fps)
[01/01/26 23:17:12] crowsnest: Supported Controls:
[01/01/26 23:17:12] crowsnest:		
[01/01/26 23:17:12] crowsnest:		User Controls
[01/01/26 23:17:12] crowsnest:		
[01/01/26 23:17:12] crowsnest:		brightness 0x00980900 (int)    : min=-64 max=64 step=1 default=0 value=0
[01/01/26 23:17:12] crowsnest:		contrast 0x00980901 (int)    : min=0 max=64 step=1 default=32 value=32
[01/01/26 23:17:12] crowsnest:		saturation 0x00980902 (int)    : min=0 max=128 step=1 default=64 value=64
[01/01/26 23:17:12] crowsnest:		hue 0x00980903 (int)    : min=-40 max=40 step=1 default=0 value=0
[01/01/26 23:17:12] crowsnest:		white_balance_automatic 0x0098090c (bool)   : default=1 value=1
[01/01/26 23:17:12] crowsnest:		gamma 0x00980910 (int)    : min=72 max=500 step=1 default=100 value=100
[01/01/26 23:17:12] crowsnest:		gain 0x00980913 (int)    : min=0 max=100 step=1 default=0 value=0
[01/01/26 23:17:12] crowsnest:		power_line_frequency 0x00980918 (menu)   : min=0 max=2 default=2 value=2
[01/01/26 23:17:12] crowsnest:		0: Disabled
[01/01/26 23:17:12] crowsnest:		1: 50 Hz
[01/01/26 23:17:12] crowsnest:		2: 60 Hz
[01/01/26 23:17:12] crowsnest:		white_balance_temperature 0x0098091a (int)    : min=2800 max=6500 step=1 default=4600 value=4600 flags=inactive
[01/01/26 23:17:12] crowsnest:		sharpness 0x0098091b (int)    : min=0 max=6 step=1 default=3 value=3
[01/01/26 23:17:12] crowsnest:		backlight_compensation 0x0098091c (int)    : min=0 max=2 step=1 default=1 value=1
[01/01/26 23:17:12] crowsnest:		
[01/01/26 23:17:12] crowsnest:		Camera Controls
[01/01/26 23:17:12] crowsnest:		
[01/01/26 23:17:12] crowsnest:		auto_exposure 0x009a0901 (menu)   : min=0 max=3 default=3 value=3
[01/01/26 23:17:12] crowsnest:		1: Manual Mode
[01/01/26 23:17:12] crowsnest:		3: Aperture Priority Mode
[01/01/26 23:17:12] crowsnest:		exposure_time_absolute 0x009a0902 (int)    : min=1 max=5000 step=1 default=156 value=156 flags=inactive
[01/01/26 23:17:12] crowsnest:		exposure_dynamic_framerate 0x009a0903 (bool)   : default=0 value=1
[01/01/26 23:17:12] crowsnest: Try to start configured Cams / Services...
[01/01/26 23:17:17] crowsnest: INFO: Configuration of Section [cam 1] looks good. Continue ...
[01/01/26 23:17:19] crowsnest: V4L2 Control: No parameters set for [cam 1]. Skipped.
[01/01/26 23:17:23] crowsnest: Starting ustreamer with Device /dev/video0 ...
[01/01/26 23:17:24] crowsnest:  ... Done!
[01/02/26 09:17:10] crowsnest: crowsnest - A webcam Service for multiple Cams and Stream Services.
[01/02/26 09:17:10] crowsnest: Version: v4.1.12-1-g9623b5f
[01/02/26 09:17:10] crowsnest: Prepare Startup ...
[01/02/26 09:17:10] crowsnest: INFO: Host information:
[01/02/26 09:17:10] crowsnest: Host Info: Distribution: Debian GNU/Linux 11 (bullseye)
[01/02/26 09:17:10] crowsnest: Host Info: Kernel: Linux 5.16.17-sun50iw9 aarch64
[01/02/26 09:17:10] crowsnest: Host Info: Available CPU Cores: 4
[01/02/26 09:17:10] crowsnest: Host Info: Available Memory: 1010632 kB
[01/02/26 09:17:10] crowsnest: Host Info: Diskspace (avail. / total): 21G / 29G
[01/02/26 09:17:10] crowsnest: INFO: Checking Dependencies
[01/02/26 09:17:11] crowsnest: Dependency: 'crudini' found in /usr/bin/crudini.
[01/02/26 09:17:11] crowsnest: Dependency: 'find' found in /usr/bin/find.
[01/02/26 09:17:11] crowsnest: Dependency: 'xargs' found in /usr/bin/xargs.
[01/02/26 09:17:11] crowsnest: Dependency: 'ustreamer' found in bin/ustreamer/src/ustreamer.bin.
[01/02/26 09:17:11] crowsnest: Version Control: ustreamer is up to date. (v6.31)
[01/02/26 09:17:11] crowsnest: INFO: Print Configfile: '/home/biqu/printer_data/config/crowsnest.conf'
[01/02/26 09:17:11] crowsnest:		[crowsnest]
[01/02/26 09:17:11] crowsnest:		log_path: ~/printer_data/logs/crowsnest.log
[01/02/26 09:17:11] crowsnest:		log_level: verbose
[01/02/26 09:17:11] crowsnest:		delete_log: false
[01/02/26 09:17:11] crowsnest:		no_proxy: false
[01/02/26 09:17:11] crowsnest:		
[01/02/26 09:17:11] crowsnest:		[cam 1]
[01/02/26 09:17:11] crowsnest:		mode: ustreamer
[01/02/26 09:17:11] crowsnest:		
[01/02/26 09:17:11] crowsnest:		enable_rtsp: false
[01/02/26 09:17:11] crowsnest:		rtsp_port: 8554
[01/02/26 09:17:11] crowsnest:		port: 8080
[01/02/26 09:17:11] crowsnest:		device: /dev/video0
[01/02/26 09:17:11] crowsnest:		resolution: 1280x720
[01/02/26 09:17:11] crowsnest:		max_fps: 30
[01/02/26 09:17:11] crowsnest: INFO: Detect available Devices
[01/02/26 09:17:11] crowsnest: INFO: Found 1 total available Device(s)
[01/02/26 09:17:11] crowsnest: INFO: Found 1 available v4l2 (UVC) camera(s)
[01/02/26 09:17:11] crowsnest: /dev/v4l/by-id/usb-HHW_microelectronics_Co.__Ltd._MGS1-video-index0 -> /dev/video0
[01/02/26 09:17:11] crowsnest: Supported Formats:
[01/02/26 09:17:11] crowsnest:		[0]: 'MJPG' (Motion-JPEG, compressed)
[01/02/26 09:17:11] crowsnest:		Size: Discrete 1280x720
[01/02/26 09:17:11] crowsnest:		Interval: Discrete 0.033s (30.000 fps)
[01/02/26 09:17:11] crowsnest:		Interval: Discrete 0.040s (25.000 fps)
[01/02/26 09:17:11] crowsnest:		Interval: Discrete 0.050s (20.000 fps)
[01/02/26 09:17:11] crowsnest:		Interval: Discrete 0.067s (15.000 fps)
[01/02/26 09:17:11] crowsnest:		Interval: Discrete 0.100s (10.000 fps)
[01/02/26 09:17:11] crowsnest:		Interval: Discrete 0.200s (5.000 fps)
[01/02/26 09:17:11] crowsnest:		Size: Discrete 800x480
[01/02/26 09:17:11] crowsnest:		Interval: Discrete 0.033s (30.000 fps)
[01/02/26 09:17:11] crowsnest:		Interval: Discrete 0.040s (25.000 fps)
[01/02/26 09:17:11] crowsnest:		Interval: Discrete 0.050s (20.000 fps)
[01/02/26 09:17:11] crowsnest:		Interval: Discrete 0.067s (15.000 fps)
[01/02/26 09:17:11] crowsnest:		Interval: Discrete 0.100s (10.000 fps)
[01/02/26 09:17:11] crowsnest:		Interval: Discrete 0.200s (5.000 fps)
[01/02/26 09:17:11] crowsnest:		Size: Discrete 672x456
[01/02/26 09:17:11] crowsnest:		Interval: Discrete 0.033s (30.000 fps)
[01/02/26 09:17:11] crowsnest:		Interval: Discrete 0.040s (25.000 fps)
[01/02/26 09:17:11] crowsnest:		Interval: Discrete 0.050s (20.000 fps)
[01/02/26 09:17:11] crowsnest:		Interval: Discrete 0.067s (15.000 fps)
[01/02/26 09:17:11] crowsnest:		Interval: Discrete 0.100s (10.000 fps)
[01/02/26 09:17:11] crowsnest:		Interval: Discrete 0.200s (5.000 fps)
[01/02/26 09:17:11] crowsnest:		Size: Discrete 640x480
[01/02/26 09:17:11] crowsnest:		Interval: Discrete 0.033s (30.000 fps)
[01/02/26 09:17:11] crowsnest:		Interval: Discrete 0.040s (25.000 fps)
[01/02/26 09:17:11] crowsnest:		Interval: Discrete 0.050s (20.000 fps)
[01/02/26 09:17:11] crowsnest:		Interval: Discrete 0.067s (15.000 fps)
[01/02/26 09:17:11] crowsnest:		Interval: Discrete 0.100s (10.000 fps)
[01/02/26 09:17:11] crowsnest:		Interval: Discrete 0.200s (5.000 fps)
[01/02/26 09:17:11] crowsnest:		Size: Discrete 320x240
[01/02/26 09:17:11] crowsnest:		Interval: Discrete 0.033s (30.000 fps)
[01/02/26 09:17:11] crowsnest:		Interval: Discrete 0.040s (25.000 fps)
[01/02/26 09:17:11] crowsnest:		Interval: Discrete 0.050s (20.000 fps)
[01/02/26 09:17:11] crowsnest:		Interval: Discrete 0.067s (15.000 fps)
[01/02/26 09:17:11] crowsnest:		Interval: Discrete 0.100s (10.000 fps)
[01/02/26 09:17:11] crowsnest:		Interval: Discrete 0.200s (5.000 fps)
[01/02/26 09:17:11] crowsnest:		[1]: 'YUYV' (YUYV 4:2:2)
[01/02/26 09:17:11] crowsnest:		Size: Discrete 1280x720
[01/02/26 09:17:11] crowsnest:		Interval: Discrete 0.100s (10.000 fps)
[01/02/26 09:17:11] crowsnest:		Size: Discrete 800x480
[01/02/26 09:17:11] crowsnest:		Interval: Discrete 0.040s (25.000 fps)
[01/02/26 09:17:11] crowsnest:		Size: Discrete 672x456
[01/02/26 09:17:11] crowsnest:		Interval: Discrete 0.033s (30.000 fps)
[01/02/26 09:17:11] crowsnest:		Size: Discrete 640x480
[01/02/26 09:17:11] crowsnest:		Interval: Discrete 0.033s (30.000 fps)
[01/02/26 09:17:11] crowsnest:		Size: Discrete 320x240
[01/02/26 09:17:11] crowsnest:		Interval: Discrete 0.033s (30.000 fps)
[01/02/26 09:17:11] crowsnest: Supported Controls:
[01/02/26 09:17:11] crowsnest:		
[01/02/26 09:17:11] crowsnest:		User Controls
[01/02/26 09:17:11] crowsnest:		
[01/02/26 09:17:11] crowsnest:		brightness 0x00980900 (int)    : min=-64 max=64 step=1 default=0 value=0
[01/02/26 09:17:11] crowsnest:		contrast 0x00980901 (int)    : min=0 max=64 step=1 default=32 value=32
[01/02/26 09:17:11] crowsnest:		saturation 0x00980902 (int)    : min=0 max=128 step=1 default=64 value=64
[01/02/26 09:17:11] crowsnest:		hue 0x00980903 (int)    : min=-40 max=40 step=1 default=0 value=0
[01/02/26 09:17:11] crowsnest:		white_balance_automatic 0x0098090c (bool)   : default=1 value=1
[01/02/26 09:17:11] crowsnest:		gamma 0x00980910 (int)    : min=72 max=500 step=1 default=100 value=100
[01/02/26 09:17:11] crowsnest:		gain 0x00980913 (int)    : min=0 max=100 step=1 default=0 value=0
[01/02/26 09:17:11] crowsnest:		power_line_frequency 0x00980918 (menu)   : min=0 max=2 default=2 value=2
[01/02/26 09:17:11] crowsnest:		0: Disabled
[01/02/26 09:17:11] crowsnest:		1: 50 Hz
[01/02/26 09:17:11] crowsnest:		2: 60 Hz
[01/02/26 09:17:11] crowsnest:		white_balance_temperature 0x0098091a (int)    : min=2800 max=6500 step=1 default=4600 value=4600 flags=inactive
[01/02/26 09:17:11] crowsnest:		sharpness 0x0098091b (int)    : min=0 max=6 step=1 default=3 value=3
[01/02/26 09:17:11] crowsnest:		backlight_compensation 0x0098091c (int)    : min=0 max=2 step=1 default=1 value=1
[01/02/26 09:17:11] crowsnest:		
[01/02/26 09:17:11] crowsnest:		Camera Controls
[01/02/26 09:17:11] crowsnest:		
[01/02/26 09:17:11] crowsnest:		auto_exposure 0x009a0901 (menu)   : min=0 max=3 default=3 value=3
[01/02/26 09:17:11] crowsnest:		1: Manual Mode
[01/02/26 09:17:11] crowsnest:		3: Aperture Priority Mode
[01/02/26 09:17:11] crowsnest:		exposure_time_absolute 0x009a0902 (int)    : min=1 max=5000 step=1 default=156 value=156 flags=inactive
[01/02/26 09:17:11] crowsnest:		exposure_dynamic_framerate 0x009a0903 (bool)   : default=0 value=1
[01/02/26 09:17:11] crowsnest: Try to start configured Cams / Services...
[01/02/26 09:17:16] crowsnest: INFO: Configuration of Section [cam 1] looks good. Continue ...
[01/02/26 09:17:18] crowsnest: V4L2 Control: No parameters set for [cam 1]. Skipped.
[01/02/26 09:17:22] crowsnest: Starting ustreamer with Device /dev/video0 ...
[01/02/26 09:17:23] crowsnest:  ... Done!
[01/02/26 23:17:11] crowsnest: crowsnest - A webcam Service for multiple Cams and Stream Services.
[01/02/26 23:17:11] crowsnest: Version: v4.1.12-1-g9623b5f
[01/02/26 23:17:11] crowsnest: Prepare Startup ...
[01/02/26 23:17:11] crowsnest: INFO: Host information:
[01/02/26 23:17:11] crowsnest: Host Info: Distribution: Debian GNU/Linux 11 (bullseye)
[01/02/26 23:17:11] crowsnest: Host Info: Kernel: Linux 5.16.17-sun50iw9 aarch64
[01/02/26 23:17:11] crowsnest: Host Info: Available CPU Cores: 4
[01/02/26 23:17:11] crowsnest: Host Info: Available Memory: 1010632 kB
[01/02/26 23:17:11] crowsnest: Host Info: Diskspace (avail. / total): 21G / 29G
[01/02/26 23:17:11] crowsnest: INFO: Checking Dependencies
[01/02/26 23:17:12] crowsnest: Dependency: 'crudini' found in /usr/bin/crudini.
[01/02/26 23:17:12] crowsnest: Dependency: 'find' found in /usr/bin/find.
[01/02/26 23:17:12] crowsnest: Dependency: 'xargs' found in /usr/bin/xargs.
[01/02/26 23:17:12] crowsnest: Dependency: 'ustreamer' found in bin/ustreamer/src/ustreamer.bin.
[01/02/26 23:17:12] crowsnest: Version Control: ustreamer is up to date. (v6.31)
[01/02/26 23:17:12] crowsnest: INFO: Print Configfile: '/home/biqu/printer_data/config/crowsnest.conf'
[01/02/26 23:17:12] crowsnest:		[crowsnest]
[01/02/26 23:17:12] crowsnest:		log_path: ~/printer_data/logs/crowsnest.log
[01/02/26 23:17:12] crowsnest:		log_level: verbose
[01/02/26 23:17:12] crowsnest:		delete_log: false
[01/02/26 23:17:12] crowsnest:		no_proxy: false
[01/02/26 23:17:12] crowsnest:		
[01/02/26 23:17:12] crowsnest:		[cam 1]
[01/02/26 23:17:12] crowsnest:		mode: ustreamer
[01/02/26 23:17:12] crowsnest:		
[01/02/26 23:17:12] crowsnest:		enable_rtsp: false
[01/02/26 23:17:12] crowsnest:		rtsp_port: 8554
[01/02/26 23:17:12] crowsnest:		port: 8080
[01/02/26 23:17:12] crowsnest:		device: /dev/video0
[01/02/26 23:17:12] crowsnest:		resolution: 1280x720
[01/02/26 23:17:12] crowsnest:		max_fps: 30
[01/02/26 23:17:12] crowsnest: INFO: Detect available Devices
[01/02/26 23:17:12] crowsnest: INFO: Found 1 total available Device(s)
[01/02/26 23:17:12] crowsnest: INFO: Found 1 available v4l2 (UVC) camera(s)
[01/02/26 23:17:12] crowsnest: /dev/v4l/by-id/usb-HHW_microelectronics_Co.__Ltd._MGS1-video-index0 -> /dev/video0
[01/02/26 23:17:12] crowsnest: Supported Formats:
[01/02/26 23:17:12] crowsnest:		[0]: 'MJPG' (Motion-JPEG, compressed)
[01/02/26 23:17:12] crowsnest:		Size: Discrete 1280x720
[01/02/26 23:17:12] crowsnest:		Interval: Discrete 0.033s (30.000 fps)
[01/02/26 23:17:12] crowsnest:		Interval: Discrete 0.040s (25.000 fps)
[01/02/26 23:17:12] crowsnest:		Interval: Discrete 0.050s (20.000 fps)
[01/02/26 23:17:12] crowsnest:		Interval: Discrete 0.067s (15.000 fps)
[01/02/26 23:17:12] crowsnest:		Interval: Discrete 0.100s (10.000 fps)
[01/02/26 23:17:12] crowsnest:		Interval: Discrete 0.200s (5.000 fps)
[01/02/26 23:17:12] crowsnest:		Size: Discrete 800x480
[01/02/26 23:17:12] crowsnest:		Interval: Discrete 0.033s (30.000 fps)
[01/02/26 23:17:12] crowsnest:		Interval: Discrete 0.040s (25.000 fps)
[01/02/26 23:17:12] crowsnest:		Interval: Discrete 0.050s (20.000 fps)
[01/02/26 23:17:12] crowsnest:		Interval: Discrete 0.067s (15.000 fps)
[01/02/26 23:17:12] crowsnest:		Interval: Discrete 0.100s (10.000 fps)
[01/02/26 23:17:12] crowsnest:		Interval: Discrete 0.200s (5.000 fps)
[01/02/26 23:17:12] crowsnest:		Size: Discrete 672x456
[01/02/26 23:17:12] crowsnest:		Interval: Discrete 0.033s (30.000 fps)
[01/02/26 23:17:12] crowsnest:		Interval: Discrete 0.040s (25.000 fps)
[01/02/26 23:17:12] crowsnest:		Interval: Discrete 0.050s (20.000 fps)
[01/02/26 23:17:12] crowsnest:		Interval: Discrete 0.067s (15.000 fps)
[01/02/26 23:17:12] crowsnest:		Interval: Discrete 0.100s (10.000 fps)
[01/02/26 23:17:12] crowsnest:		Interval: Discrete 0.200s (5.000 fps)
[01/02/26 23:17:12] crowsnest:		Size: Discrete 640x480
[01/02/26 23:17:12] crowsnest:		Interval: Discrete 0.033s (30.000 fps)
[01/02/26 23:17:12] crowsnest:		Interval: Discrete 0.040s (25.000 fps)
[01/02/26 23:17:12] crowsnest:		Interval: Discrete 0.050s (20.000 fps)
[01/02/26 23:17:12] crowsnest:		Interval: Discrete 0.067s (15.000 fps)
[01/02/26 23:17:12] crowsnest:		Interval: Discrete 0.100s (10.000 fps)
[01/02/26 23:17:12] crowsnest:		Interval: Discrete 0.200s (5.000 fps)
[01/02/26 23:17:12] crowsnest:		Size: Discrete 320x240
[01/02/26 23:17:12] crowsnest:		Interval: Discrete 0.033s (30.000 fps)
[01/02/26 23:17:12] crowsnest:		Interval: Discrete 0.040s (25.000 fps)
[01/02/26 23:17:12] crowsnest:		Interval: Discrete 0.050s (20.000 fps)
[01/02/26 23:17:12] crowsnest:		Interval: Discrete 0.067s (15.000 fps)
[01/02/26 23:17:12] crowsnest:		Interval: Discrete 0.100s (10.000 fps)
[01/02/26 23:17:12] crowsnest:		Interval: Discrete 0.200s (5.000 fps)
[01/02/26 23:17:12] crowsnest:		[1]: 'YUYV' (YUYV 4:2:2)
[01/02/26 23:17:12] crowsnest:		Size: Discrete 1280x720
[01/02/26 23:17:12] crowsnest:		Interval: Discrete 0.100s (10.000 fps)
[01/02/26 23:17:12] crowsnest:		Size: Discrete 800x480
[01/02/26 23:17:12] crowsnest:		Interval: Discrete 0.040s (25.000 fps)
[01/02/26 23:17:12] crowsnest:		Size: Discrete 672x456
[01/02/26 23:17:12] crowsnest:		Interval: Discrete 0.033s (30.000 fps)
[01/02/26 23:17:12] crowsnest:		Size: Discrete 640x480
[01/02/26 23:17:12] crowsnest:		Interval: Discrete 0.033s (30.000 fps)
[01/02/26 23:17:12] crowsnest:		Size: Discrete 320x240
[01/02/26 23:17:12] crowsnest:		Interval: Discrete 0.033s (30.000 fps)
[01/02/26 23:17:12] crowsnest: Supported Controls:
[01/02/26 23:17:12] crowsnest:		
[01/02/26 23:17:12] crowsnest:		User Controls
[01/02/26 23:17:12] crowsnest:		
[01/02/26 23:17:12] crowsnest:		brightness 0x00980900 (int)    : min=-64 max=64 step=1 default=0 value=0
[01/02/26 23:17:12] crowsnest:		contrast 0x00980901 (int)    : min=0 max=64 step=1 default=32 value=32
[01/02/26 23:17:12] crowsnest:		saturation 0x00980902 (int)    : min=0 max=128 step=1 default=64 value=64
[01/02/26 23:17:12] crowsnest:		hue 0x00980903 (int)    : min=-40 max=40 step=1 default=0 value=0
[01/02/26 23:17:12] crowsnest:		white_balance_automatic 0x0098090c (bool)   : default=1 value=1
[01/02/26 23:17:12] crowsnest:		gamma 0x00980910 (int)    : min=72 max=500 step=1 default=100 value=100
[01/02/26 23:17:12] crowsnest:		gain 0x00980913 (int)    : min=0 max=100 step=1 default=0 value=0
[01/02/26 23:17:12] crowsnest:		power_line_frequency 0x00980918 (menu)   : min=0 max=2 default=2 value=2
[01/02/26 23:17:12] crowsnest:		0: Disabled
[01/02/26 23:17:12] crowsnest:		1: 50 Hz
[01/02/26 23:17:12] crowsnest:		2: 60 Hz
[01/02/26 23:17:12] crowsnest:		white_balance_temperature 0x0098091a (int)    : min=2800 max=6500 step=1 default=4600 value=4600 flags=inactive
[01/02/26 23:17:12] crowsnest:		sharpness 0x0098091b (int)    : min=0 max=6 step=1 default=3 value=3
[01/02/26 23:17:12] crowsnest:		backlight_compensation 0x0098091c (int)    : min=0 max=2 step=1 default=1 value=1
[01/02/26 23:17:12] crowsnest:		
[01/02/26 23:17:12] crowsnest:		Camera Controls
[01/02/26 23:17:12] crowsnest:		
[01/02/26 23:17:12] crowsnest:		auto_exposure 0x009a0901 (menu)   : min=0 max=3 default=3 value=3
[01/02/26 23:17:12] crowsnest:		1: Manual Mode
[01/02/26 23:17:12] crowsnest:		3: Aperture Priority Mode
[01/02/26 23:17:12] crowsnest:		exposure_time_absolute 0x009a0902 (int)    : min=1 max=5000 step=1 default=156 value=156 flags=inactive
[01/02/26 23:17:12] crowsnest:		exposure_dynamic_framerate 0x009a0903 (bool)   : default=0 value=1
[01/02/26 23:17:13] crowsnest: Try to start configured Cams / Services...
[01/02/26 23:17:18] crowsnest: INFO: Configuration of Section [cam 1] looks good. Continue ...
[01/02/26 23:17:20] crowsnest: V4L2 Control: No parameters set for [cam 1]. Skipped.
[01/02/26 23:17:24] crowsnest: Starting ustreamer with Device /dev/video0 ...
[01/02/26 23:17:25] crowsnest:  ... Done!
